mean_fit_time,std_fit_time,mean_score_time,std_score_time,param_model,param_model__estimator__C,param_model__estimator__class_weight,param_model__estimator__penalty,param_model__estimator__l1_ratio,param_model__estimator__max_depth,param_model__estimator__max_features,param_model__estimator__min_samples_leaf,param_model__estimator__n_estimators,param_model__estimator__learning_rate,param_model__estimator__subsample,param_model__estimator__l2_regularization,param_model__estimator__max_iter,param_model__estimator__gamma,param_model__estimator__kernel,param_model__estimator__n_neighbors,param_model__estimator__p,param_model__estimator__weights,param_model__estimator__alpha,param_model__estimator__hidden_layer_sizes,param_model__estimator__learning_rate_init,param_model__estimator__var_smoothing,param_model__estimator__shrinkage,split0_test_score,split1_test_score,split2_test_score,split3_test_score,split4_test_score,mean_test_score,std_test_score,rank_test_score,fe_config,model_name,params_str,combined,combined_std,grid_mode,cv_folds,random_state,n_jobs,n_candidates,run_at
0.2945796012878418,0.157070897731817,0.0217296600341796,0.006344552767602,"MultiOutputWrapper(estimator=LogisticRegression(max_iter=2000, solver='saga'))",0.001,,l1,,,,,,,,,,,,,,,,,,,,0.5,0.5000935097319388,0.5,0.5092572433428236,0.5,0.5018701506149525,0.0036937239140245,869.0,longitudinal,LogisticRegression,"{""model__estimator__C"": 0.001, ""model__estimator__class_weight"": null, ""model__estimator__penalty"": ""l1""}",,,,,,,,
1.2196360111236573,0.3454913205282955,0.0188225746154785,0.0059701348185444,"MultiOutputWrapper(estimator=LogisticRegression(max_iter=2000, solver='saga'))",0.001,,l2,,,,,,,,,,,,,,,,,,,,0.7826215314758388,0.7865858456258734,0.687510851582172,0.8659374011425593,0.8409254740003754,0.7927162207653637,0.0614705251473938,691.0,longitudinal,LogisticRegression,"{""model__estimator__C"": 0.001, ""model__estimator__class_weight"": null, ""model__estimator__penalty"": ""l2""}",,,,,,,,
0.1414949893951416,0.0107758498321175,0.0292759418487548,0.012355484223331,"MultiOutputWrapper(estimator=LogisticRegression(max_iter=2000, solver='saga'))",0.001,balanced,l1,,,,,,,,,,,,,,,,,,,,0.5270447356529597,0.4498897607506836,0.5,0.5913207354063157,0.672063492063492,0.5480637447746902,0.0769898149258239,865.0,longitudinal,LogisticRegression,"{""model__estimator__C"": 0.001, ""model__estimator__class_weight"": ""balanced"", ""model__estimator__penalty"": ""l1""}",,,,,,,,
0.7103908061981201,0.2341333699394092,0.0188663959503173,0.0010616281929503,"MultiOutputWrapper(estimator=LogisticRegression(max_iter=2000, solver='saga'))",0.001,balanced,l2,,,,,,,,,,,,,,,,,,,,0.7720940205682317,0.8209403908130422,0.7302559723472143,0.8568246524870206,0.8386751976305196,0.8037580467692056,0.046337178405929,666.0,longitudinal,LogisticRegression,"{""model__estimator__C"": 0.001, ""model__estimator__class_weight"": ""balanced"", ""model__estimator__penalty"": ""l2""}",,,,,,,,
1.4211765289306642,0.4600653609915148,0.0169817924499511,0.0031522961834104,"MultiOutputWrapper(estimator=LogisticRegression(max_iter=2000, solver='saga'))",0.01,,l1,,,,,,,,,,,,,,,,,,,,0.6868153582530118,0.5051644022967112,0.7589309373494414,0.6630675114907236,0.7501872014684103,0.6728330821716597,0.0914332073860888,844.0,longitudinal,LogisticRegression,"{""model__estimator__C"": 0.01, ""model__estimator__class_weight"": null, ""model__estimator__penalty"": ""l1""}",,,,,,,,
1.1969536781311034,0.2831223271293048,0.0204472064971923,0.0035551744620508,"MultiOutputWrapper(estimator=LogisticRegression(max_iter=2000, solver='saga'))",0.01,,l2,,,,,,,,,,,,,,,,,,,,0.7510063052321726,0.8200337198424834,0.7069606934104193,0.8880312249948826,0.8169527355401205,0.7965969358040157,0.0623490693036922,679.0,longitudinal,LogisticRegression,"{""model__estimator__C"": 0.01, ""model__estimator__class_weight"": null, ""model__estimator__penalty"": ""l2""}",,,,,,,,
1.6298464298248292,0.5276118515467539,0.019167137145996,0.0040965003176831,"MultiOutputWrapper(estimator=LogisticRegression(max_iter=2000, solver='saga'))",0.01,balanced,l1,,,,,,,,,,,,,,,,,,,,0.793402935273191,0.7963824161623114,0.7494826465588553,0.8620225534527995,0.8331176605552426,0.8068816424004801,0.038250235924363,661.0,longitudinal,LogisticRegression,"{""model__estimator__C"": 0.01, ""model__estimator__class_weight"": ""balanced"", ""model__estimator__penalty"": ""l1""}",,,,,,,,
1.0823392391204834,0.3779616938349096,0.0156044006347656,0.0034681551396544,"MultiOutputWrapper(estimator=LogisticRegression(max_iter=2000, solver='saga'))",0.01,balanced,l2,,,,,,,,,,,,,,,,,,,,0.7515346514300298,0.8317988242087604,0.7478588294381266,0.8635798954204581,0.8459682331101516,0.8081480867215053,0.048789920826889,655.0,longitudinal,LogisticRegression,"{""model__estimator__C"": 0.01, ""model__estimator__class_weight"": ""balanced"", ""model__estimator__penalty"": ""l2""}",,,,,,,,
1.9090834140777588,0.2445610737087943,0.0181684017181396,0.0045807676942625,"MultiOutputWrapper(estimator=LogisticRegression(max_iter=2000, solver='saga'))",0.1,,l1,,,,,,,,,,,,,,,,,,,,0.7804029708055826,0.7945445995046121,0.7003674766151244,0.9030337371369024,0.7987557099055127,0.7954208987935468,0.0645803423199204,683.0,longitudinal,LogisticRegression,"{""model__estimator__C"": 0.1, ""model__estimator__class_weight"": null, ""model__estimator__penalty"": ""l1""}",,,,,,,,
1.432764959335327,0.1446910538417635,0.0176987171173095,0.0033729665825497,"MultiOutputWrapper(estimator=LogisticRegression(max_iter=2000, solver='saga'))",0.1,,l2,,,,,,,,,,,,,,,,,,,,0.6781063207287601,0.8467696732999329,0.7398055919168779,0.8855940750665252,0.7685617295538452,0.7837674781131883,0.074385583082275,710.0,longitudinal,LogisticRegression,"{""model__estimator__C"": 0.1, ""model__estimator__class_weight"": null, ""model__estimator__penalty"": ""l2""}",,,,,,,,
1.9243653297424317,0.4194236986545128,0.019499397277832,0.0039608956244369,"MultiOutputWrapper(estimator=LogisticRegression(max_iter=2000, solver='saga'))",0.1,balanced,l1,,,,,,,,,,,,,,,,,,,,0.7214748100458814,0.8245240527104838,0.7603469551937603,0.8594731945142262,0.86343366080554,0.8058505346539784,0.0560887599993348,665.0,longitudinal,LogisticRegression,"{""model__estimator__C"": 0.1, ""model__estimator__class_weight"": ""balanced"", ""model__estimator__penalty"": ""l1""}",,,,,,,,
1.3517161846160888,0.3396474098269622,0.0151894569396972,0.0024656427370087,"MultiOutputWrapper(estimator=LogisticRegression(max_iter=2000, solver='saga'))",0.1,balanced,l2,,,,,,,,,,,,,,,,,,,,0.6827323106825809,0.8331570933577069,0.7406790022453117,0.8658955321088967,0.8323360031704314,0.7909599883129855,0.0683363940647092,695.0,longitudinal,LogisticRegression,"{""model__estimator__C"": 0.1, ""model__estimator__class_weight"": ""balanced"", ""model__estimator__penalty"": ""l2""}",,,,,,,,
2.165183734893799,0.1755920037732714,0.015131139755249,0.0025071529004351,"MultiOutputWrapper(estimator=LogisticRegression(max_iter=2000, solver='saga'))",1.0,,l1,,,,,,,,,,,,,,,,,,,,0.6693525123912238,0.8481656974724061,0.7123857459070786,0.8866651779899142,0.7671321152201572,0.776740249796156,0.0811800825078985,734.0,longitudinal,LogisticRegression,"{""model__estimator__C"": 1, ""model__estimator__class_weight"": null, ""model__estimator__penalty"": ""l1""}",,,,,,,,
1.5364326000213624,0.0487583958326567,0.0161962509155273,0.0022171013605897,"MultiOutputWrapper(estimator=LogisticRegression(max_iter=2000, solver='saga'))",1.0,,l2,,,,,,,,,,,,,,,,,,,,0.6631895548907546,0.850504355291481,0.7127337919405128,0.8841757382906269,0.7659214066704212,0.7753049694167593,0.0825601134035542,748.0,longitudinal,LogisticRegression,"{""model__estimator__C"": 1, ""model__estimator__class_weight"": null, ""model__estimator__penalty"": ""l2""}",,,,,,,,
2.3458253383636474,0.0636176943143869,0.015457534790039,0.0023552430628655,"MultiOutputWrapper(estimator=LogisticRegression(max_iter=2000, solver='saga'))",1.0,balanced,l1,,,,,,,,,,,,,,,,,,,,0.6658387569839288,0.8325507069216056,0.7105157512703737,0.8642099778559333,0.834258390171662,0.7814747166407006,0.0782902884847422,715.0,longitudinal,LogisticRegression,"{""model__estimator__C"": 1, ""model__estimator__class_weight"": ""balanced"", ""model__estimator__penalty"": ""l1""}",,,,,,,,
1.5361210346221923,0.0320502730861054,0.0149353504180908,0.0018079351727873,"MultiOutputWrapper(estimator=LogisticRegression(max_iter=2000, solver='saga'))",1.0,balanced,l2,,,,,,,,,,,,,,,,,,,,0.6640547742046743,0.8314456019151641,0.7081589694292181,0.8639930032192634,0.8270159355901799,0.7789336568716999,0.0781162164540621,725.0,longitudinal,LogisticRegression,"{""model__estimator__C"": 1, ""model__estimator__class_weight"": ""balanced"", ""model__estimator__penalty"": ""l2""}",,,,,,,,
2.3477031707763674,0.0690526890032923,0.0162323474884033,0.0026616860639839,"MultiOutputWrapper(estimator=LogisticRegression(max_iter=2000, solver='saga'))",10.0,,l1,,,,,,,,,,,,,,,,,,,,0.660782560925494,0.8505666951127735,0.7044568754715609,0.8833489644392339,0.7640560665790626,0.772642232505625,0.0843371254587549,756.0,longitudinal,LogisticRegression,"{""model__estimator__C"": 10, ""model__estimator__class_weight"": null, ""model__estimator__penalty"": ""l1""}",,,,,,,,
1.5331039428710938,0.0257216185877393,0.0173508167266845,0.0013440109048681,"MultiOutputWrapper(estimator=LogisticRegression(max_iter=2000, solver='saga'))",10.0,,l2,,,,,,,,,,,,,,,,,,,,0.6604909497510594,0.8505459151723427,0.7052683579226776,0.8820037589087999,0.7634014350374403,0.772342083358464,0.0839416682230911,760.0,longitudinal,LogisticRegression,"{""model__estimator__C"": 10, ""model__estimator__class_weight"": null, ""model__estimator__penalty"": ""l2""}",,,,,,,,
2.351629447937012,0.0881027822968783,0.0196364402770996,0.0068781163092235,"MultiOutputWrapper(estimator=LogisticRegression(max_iter=2000, solver='saga'))",10.0,balanced,l1,,,,,,,,,,,,,,,,,,,,0.6613808705882396,0.8314871617960258,0.6950982664739517,0.8647284095349745,0.8270159355901799,0.7759421287966743,0.0815313437104708,737.0,longitudinal,LogisticRegression,"{""model__estimator__C"": 10, ""model__estimator__class_weight"": ""balanced"", ""model__estimator__penalty"": ""l1""}",,,,,,,,
1.549637794494629,0.1000473448161525,0.018351125717163,0.0021461006562446,"MultiOutputWrapper(estimator=LogisticRegression(max_iter=2000, solver='saga'))",10.0,balanced,l2,,,,,,,,,,,,,,,,,,,,0.6617218848091957,0.831466381855595,0.6933362195133037,0.86509611269283,0.826063554637799,0.7755368307017447,0.0817468187797142,744.0,longitudinal,LogisticRegression,"{""model__estimator__C"": 10, ""model__estimator__class_weight"": ""balanced"", ""model__estimator__penalty"": ""l2""}",,,,,,,,
2.2400453090667725,0.0849934479535815,0.0177676200866699,0.0034973042778015,"MultiOutputWrapper(estimator=LogisticRegression(max_iter=2000, solver='saga'))",100.0,,l1,,,,,,,,,,,,,,,,,,,,0.6605403527975805,0.8505459151723427,0.7035294913050987,0.8820037589087999,0.7633817241307386,0.772000248462912,0.0842092939744807,762.0,longitudinal,LogisticRegression,"{""model__estimator__C"": 100, ""model__estimator__class_weight"": null, ""model__estimator__penalty"": ""l1""}",,,,,,,,
1.5157647609710694,0.023719917526607,0.0178112506866455,0.0014869999032162,"MultiOutputWrapper(estimator=LogisticRegression(max_iter=2000, solver='saga'))",100.0,,l2,,,,,,,,,,,,,,,,,,,,0.6602487416231457,0.8505459151723427,0.7035294913050987,0.8820037589087999,0.7634014350374403,0.7719458684093655,0.0842861349717082,763.0,longitudinal,LogisticRegression,"{""model__estimator__C"": 100, ""model__estimator__class_weight"": null, ""model__estimator__penalty"": ""l2""}",,,,,,,,
2.4094892024993895,0.1612854895849334,0.0208997249603271,0.0040285036925142,"MultiOutputWrapper(estimator=LogisticRegression(max_iter=2000, solver='saga'))",100.0,balanced,l1,,,,,,,,,,,,,,,,,,,,0.6617218848091957,0.831466381855595,0.6932203177979583,0.86509611269283,0.826063554637799,0.7755136503586757,0.0817701376215812,745.0,longitudinal,LogisticRegression,"{""model__estimator__C"": 100, ""model__estimator__class_weight"": ""balanced"", ""model__estimator__penalty"": ""l1""}",,,,,,,,
1.7249954223632813,0.0676497245203942,0.0188459873199462,0.003045676603742,"MultiOutputWrapper(estimator=LogisticRegression(max_iter=2000, solver='saga'))",100.0,balanced,l2,,,,,,,,,,,,,,,,,,,,0.6617465863324563,0.831466381855595,0.6931971374548892,0.8650709912726324,0.826063554637799,0.7755089303106745,0.0817624257694993,746.0,longitudinal,LogisticRegression,"{""model__estimator__C"": 100, ""model__estimator__class_weight"": ""balanced"", ""model__estimator__penalty"": ""l2""}",,,,,,,,
1.678205347061157,0.5824919560984739,0.0215952396392822,0.0026487211767998,"MultiOutputWrapper(estimator=LogisticRegression(max_iter=2000,
                                                penalty='elasticnet',
                                                solver='saga'))",0.01,,,0.2,,,,,,,,,,,,,,,,,,,0.7968456128751528,0.7816365250271828,0.6481554582890179,0.8785918978767747,0.8182930771958367,0.784704514252793,0.0758228143537023,706.0,longitudinal,LogisticRegression,"{""model__estimator__C"": 0.01, ""model__estimator__class_weight"": null, ""model__estimator__l1_ratio"": 0.2}",,,,,,,,
1.855866765975952,0.629221938919453,0.0221093654632568,0.0042641059988941,"MultiOutputWrapper(estimator=LogisticRegression(max_iter=2000,
                                                penalty='elasticnet',
                                                solver='saga'))",0.01,,,0.5,,,,,,,,,,,,,,,,,,,0.7354512957881838,0.6719290525075392,0.7128109461216103,0.8574387316474069,0.7769084120726696,0.750907687627482,0.0631708597046358,797.0,longitudinal,LogisticRegression,"{""model__estimator__C"": 0.01, ""model__estimator__class_weight"": null, ""model__estimator__l1_ratio"": 0.5}",,,,,,,,
1.382931613922119,0.3990719637845612,0.0220729351043701,0.0043707916788621,"MultiOutputWrapper(estimator=LogisticRegression(max_iter=2000,
                                                penalty='elasticnet',
                                                solver='saga'))",0.01,,,0.8,,,,,,,,,,,,,,,,,,,0.7040683006977929,0.5050812825349879,0.7613608111302008,0.6643361432107036,0.7802481071272136,0.6830189289401798,0.0980253968502285,837.0,longitudinal,LogisticRegression,"{""model__estimator__C"": 0.01, ""model__estimator__class_weight"": null, ""model__estimator__l1_ratio"": 0.8}",,,,,,,,
1.4950737953186035,0.5577622520843124,0.0174022197723388,0.0038640378718348,"MultiOutputWrapper(estimator=LogisticRegression(max_iter=2000,
                                                penalty='elasticnet',
                                                solver='saga'))",0.01,balanced,,0.2,,,,,,,,,,,,,,,,,,,0.7899951538282803,0.8192837028645777,0.7644432854272911,0.8585507731814883,0.8616555075819201,0.8187856845767115,0.0379508182376875,589.0,longitudinal,LogisticRegression,"{""model__estimator__C"": 0.01, ""model__estimator__class_weight"": ""balanced"", ""model__estimator__l1_ratio"": 0.2}",,,,,,,,
1.6264950275421142,0.3431460771393596,0.020460033416748,0.0048952702758829,"MultiOutputWrapper(estimator=LogisticRegression(max_iter=2000,
                                                penalty='elasticnet',
                                                solver='saga'))",0.01,balanced,,0.5,,,,,,,,,,,,,,,,,,,0.8162716661547645,0.8132631173444534,0.7579361995145764,0.8570550252144624,0.8591979016749056,0.8207447819806324,0.0369268961063267,573.0,longitudinal,LogisticRegression,"{""model__estimator__C"": 0.01, ""model__estimator__class_weight"": ""balanced"", ""model__estimator__l1_ratio"": 0.5}",,,,,,,,
1.7115441799163815,0.299120709935317,0.0164490699768066,0.0059771538933387,"MultiOutputWrapper(estimator=LogisticRegression(max_iter=2000,
                                                penalty='elasticnet',
                                                solver='saga'))",0.01,balanced,,0.8,,,,,,,,,,,,,,,,,,,0.8045124090831209,0.8028807935374328,0.7548146367958402,0.8605106161260909,0.8500446363389859,0.8145526183762941,0.0378879522731456,624.0,longitudinal,LogisticRegression,"{""model__estimator__C"": 0.01, ""model__estimator__class_weight"": ""balanced"", ""model__estimator__l1_ratio"": 0.8}",,,,,,,,
2.1418386936187743,0.3360223529938519,0.0172723770141601,0.0022971068975724,"MultiOutputWrapper(estimator=LogisticRegression(max_iter=2000,
                                                penalty='elasticnet',
                                                solver='saga'))",0.1,,,0.2,,,,,,,,,,,,,,,,,,,0.7029859375444736,0.8400124978837598,0.7474101079931277,0.8930715123094959,0.7723930500803038,0.791174621162232,0.0675476699399939,693.0,longitudinal,LogisticRegression,"{""model__estimator__C"": 0.1, ""model__estimator__class_weight"": null, ""model__estimator__l1_ratio"": 0.2}",,,,,,,,
2.0437663555145265,0.3196223969213008,0.0160324096679687,0.0042094983268719,"MultiOutputWrapper(estimator=LogisticRegression(max_iter=2000,
                                                penalty='elasticnet',
                                                solver='saga'))",0.1,,,0.5,,,,,,,,,,,,,,,,,,,0.7406566571981834,0.8284098648773224,0.7270687319897824,0.8995303224846014,0.8035197004776505,0.7998370554055081,0.0625559961018231,673.0,longitudinal,LogisticRegression,"{""model__estimator__C"": 0.1, ""model__estimator__class_weight"": null, ""model__estimator__l1_ratio"": 0.5}",,,,,,,,
2.040244722366333,0.2820292765376916,0.0187192916870117,0.0031387066682106,"MultiOutputWrapper(estimator=LogisticRegression(max_iter=2000,
                                                penalty='elasticnet',
                                                solver='saga'))",0.1,,,0.8,,,,,,,,,,,,,,,,,,,0.7648000354207714,0.8246638417012251,0.7096800658139937,0.9019466309384244,0.808636401560186,0.8019453950869201,0.0639590701723994,670.0,longitudinal,LogisticRegression,"{""model__estimator__C"": 0.1, ""model__estimator__class_weight"": null, ""model__estimator__l1_ratio"": 0.8}",,,,,,,,
2.156002902984619,0.548370458134635,0.0157097816467285,0.0031624465549095,"MultiOutputWrapper(estimator=LogisticRegression(max_iter=2000,
                                                penalty='elasticnet',
                                                solver='saga'))",0.1,balanced,,0.2,,,,,,,,,,,,,,,,,,,0.6883120458341805,0.8327943956145011,0.7440558896252056,0.862821414615084,0.8446775337379804,0.7945322558853903,0.0670411008288619,686.0,longitudinal,LogisticRegression,"{""model__estimator__C"": 0.1, ""model__estimator__class_weight"": ""balanced"", ""model__estimator__l1_ratio"": 0.2}",,,,,,,,
2.1187852382659913,0.5324493236392664,0.0180921554565429,0.0039046986382198,"MultiOutputWrapper(estimator=LogisticRegression(max_iter=2000,
                                                penalty='elasticnet',
                                                solver='saga'))",0.1,balanced,,0.5,,,,,,,,,,,,,,,,,,,0.6991455892302996,0.832295677044161,0.7497127455525557,0.86125923444798,0.8523598856975991,0.7989546263945191,0.0636116629130999,676.0,longitudinal,LogisticRegression,"{""model__estimator__C"": 0.1, ""model__estimator__class_weight"": ""balanced"", ""model__estimator__l1_ratio"": 0.5}",,,,,,,,
2.1035645484924315,0.3912997002807228,0.0205334663391113,0.0032389646459165,"MultiOutputWrapper(estimator=LogisticRegression(max_iter=2000,
                                                penalty='elasticnet',
                                                solver='saga'))",0.1,balanced,,0.8,,,,,,,,,,,,,,,,,,,0.7114913986498064,0.8276731282063614,0.7542259810739316,0.8602657288003126,0.8599810191268797,0.8027274511714584,0.0598119070423369,669.0,longitudinal,LogisticRegression,"{""model__estimator__C"": 0.1, ""model__estimator__class_weight"": ""balanced"", ""model__estimator__l1_ratio"": 0.8}",,,,,,,,
2.5139554500579835,0.081802823653101,0.023144245147705,0.0044120019767579,"MultiOutputWrapper(estimator=LogisticRegression(max_iter=2000,
                                                penalty='elasticnet',
                                                solver='saga'))",1.0,,,0.2,,,,,,,,,,,,,,,,,,,0.6627051386349274,0.8504835753510502,0.7135143104529711,0.8846188057090753,0.7660407150157478,0.7754725090327543,0.0826847399275525,747.0,longitudinal,LogisticRegression,"{""model__estimator__C"": 1, ""model__estimator__class_weight"": null, ""model__estimator__l1_ratio"": 0.2}",,,,,,,,
2.4389259815216064,0.1642433127814614,0.0231635570526123,0.00505869959133,"MultiOutputWrapper(estimator=LogisticRegression(max_iter=2000,
                                                penalty='elasticnet',
                                                solver='saga'))",1.0,,,0.5,,,,,,,,,,,,,,,,,,,0.6643855082164469,0.8498148490936563,0.7098509640295617,0.8842259811310221,0.7652864860355004,0.7747127577012375,0.0825850822996498,749.0,longitudinal,LogisticRegression,"{""model__estimator__C"": 1, ""model__estimator__class_weight"": null, ""model__estimator__l1_ratio"": 0.5}",,,,,,,,
2.389936017990112,0.2164122105526008,0.0176714420318603,0.0034942268789842,"MultiOutputWrapper(estimator=LogisticRegression(max_iter=2000,
                                                penalty='elasticnet',
                                                solver='saga'))",1.0,,,0.8,,,,,,,,,,,,,,,,,,,0.6677956504260074,0.8488759836106617,0.7096267737507613,0.8858795288338077,0.7671912479402623,0.7758738369123002,0.0819457391212635,738.0,longitudinal,LogisticRegression,"{""model__estimator__C"": 1, ""model__estimator__class_weight"": null, ""model__estimator__l1_ratio"": 0.8}",,,,,,,,
2.6027214527130127,0.0639892568832383,0.0198442459106445,0.001370342042101,"MultiOutputWrapper(estimator=LogisticRegression(max_iter=2000,
                                                penalty='elasticnet',
                                                solver='saga'))",1.0,balanced,,0.2,,,,,,,,,,,,,,,,,,,0.6640300726814137,0.8323429075172972,0.7096272850818583,0.8641939745808443,0.8279683165425609,0.7796325112807949,0.0781409400025953,723.0,longitudinal,LogisticRegression,"{""model__estimator__C"": 1, ""model__estimator__class_weight"": ""balanced"", ""model__estimator__l1_ratio"": 0.2}",,,,,,,,
2.5743239879608155,0.0958394381964773,0.0197750568389892,0.0050129350455942,"MultiOutputWrapper(estimator=LogisticRegression(max_iter=2000,
                                                penalty='elasticnet',
                                                solver='saga'))",1.0,balanced,,0.5,,,,,,,,,,,,,,,,,,,0.6644698929954123,0.8327320557932085,0.7089471010935667,0.8647284095349745,0.8314603800346243,0.7804675678903573,0.0787430895668327,718.0,longitudinal,LogisticRegression,"{""model__estimator__C"": 1, ""model__estimator__class_weight"": ""balanced"", ""model__estimator__l1_ratio"": 0.5}",,,,,,,,
2.5524638175964354,0.040090808369403,0.0178312301635742,0.0012649380667269,"MultiOutputWrapper(estimator=LogisticRegression(max_iter=2000,
                                                penalty='elasticnet',
                                                solver='saga'))",1.0,balanced,,0.8,,,,,,,,,,,,,,,,,,,0.6643017894372804,0.8327943956145011,0.7070072245402566,0.864235099276131,0.8330279707152244,0.7802732959166786,0.0792570672936822,720.0,longitudinal,LogisticRegression,"{""model__estimator__C"": 1, ""model__estimator__class_weight"": ""balanced"", ""model__estimator__l1_ratio"": 0.8}",,,,,,,,
2.3520984649658203,0.063114383137981,0.0194128036499023,0.0025461015160189,"MultiOutputWrapper(estimator=LogisticRegression(max_iter=2000,
                                                penalty='elasticnet',
                                                solver='saga'))",10.0,,,0.2,,,,,,,,,,,,,,,,,,,0.6605156512743199,0.8505874750532044,0.7055543056350959,0.8829561398611809,0.7636991844481988,0.7726625512544,0.0841400679659302,755.0,longitudinal,LogisticRegression,"{""model__estimator__C"": 10, ""model__estimator__class_weight"": null, ""model__estimator__l1_ratio"": 0.2}",,,,,,,,
2.4457022190093993,0.0612286509664649,0.0196588993072509,0.0037122538625452,"MultiOutputWrapper(estimator=LogisticRegression(max_iter=2000,
                                                penalty='elasticnet',
                                                solver='saga'))",10.0,,,0.5,,,,,,,,,,,,,,,,,,,0.6601746370533639,0.8506082549936352,0.7047428231839792,0.8832987215988387,0.7640166447656591,0.7725682163190953,0.0844478802883291,757.0,longitudinal,LogisticRegression,"{""model__estimator__C"": 10, ""model__estimator__class_weight"": null, ""model__estimator__l1_ratio"": 0.5}",,,,,,,,
2.4727490901947022,0.0770827393822984,0.0190112113952636,0.002132524685262,"MultiOutputWrapper(estimator=LogisticRegression(max_iter=2000,
                                                penalty='elasticnet',
                                                solver='saga'))",10.0,,,0.8,,,,,,,,,,,,,,,,,,,0.660782560925494,0.8505459151723427,0.7052915382657468,0.8833238430190363,0.7640363556723608,0.7727960426109961,0.0841926928513564,754.0,longitudinal,LogisticRegression,"{""model__estimator__C"": 10, ""model__estimator__class_weight"": null, ""model__estimator__l1_ratio"": 0.8}",,,,,,,,
2.3926250457763674,0.0690826105840746,0.018280029296875,0.002602574645314,"MultiOutputWrapper(estimator=LogisticRegression(max_iter=2000,
                                                penalty='elasticnet',
                                                solver='saga'))",10.0,balanced,,0.2,,,,,,,,,,,,,,,,,,,0.6614302736347608,0.8315079417364566,0.693645347568791,0.8650458698524348,0.826063554637799,0.7755385974860485,0.081760754095884,743.0,longitudinal,LogisticRegression,"{""model__estimator__C"": 10, ""model__estimator__class_weight"": ""balanced"", ""model__estimator__l1_ratio"": 0.2}",,,,,,,,
2.4445116996765135,0.0919588254041031,0.0196907520294189,0.0038848077473604,"MultiOutputWrapper(estimator=LogisticRegression(max_iter=2000,
                                                penalty='elasticnet',
                                                solver='saga'))",10.0,balanced,,0.5,,,,,,,,,,,,,,,,,,,0.6614055721115002,0.8314871617960258,0.6942172429936276,0.8647284095349745,0.8260241328243956,0.7755725038521047,0.0815761706989129,742.0,longitudinal,LogisticRegression,"{""model__estimator__C"": 10, ""model__estimator__class_weight"": ""balanced"", ""model__estimator__l1_ratio"": 0.5}",,,,,,,,
2.4629475116729735,0.0403159331187203,0.0179128170013427,0.0021732547145241,"MultiOutputWrapper(estimator=LogisticRegression(max_iter=2000,
                                                penalty='elasticnet',
                                                solver='saga'))",10.0,balanced,,0.8,,,,,,,,,,,,,,,,,,,0.6614055721115002,0.8317516304293521,0.6945031907060459,0.8647786523753698,0.8266984752727196,0.7758275041789975,0.0816500984227732,739.0,longitudinal,LogisticRegression,"{""model__estimator__C"": 10, ""model__estimator__class_weight"": ""balanced"", ""model__estimator__l1_ratio"": 0.8}",,,,,,,,
1.115085792541504,0.0254973202180485,0.0314492225646972,0.0017652111561579,MultiOutputWrapper(estimator=RandomForestClassifier(random_state=42)),,,,,,sqrt,1.0,200.0,,,,,,,,,,,,,,,0.8596844909668659,0.8678185632328055,0.8107654512894633,0.8752274884162339,0.8489636130404855,0.8524919213891708,0.0226145629281677,181.0,longitudinal,RandomForestClassifier,"{""model__estimator__class_weight"": null, ""model__estimator__max_depth"": null, ""model__estimator__max_features"": ""sqrt"", ""model__estimator__min_samples_leaf"": 1, ""model__estimator__n_estimators"": 200}",,,,,,,,
2.620560884475708,0.0564859175939727,0.0519502639770507,0.0043363606858978,MultiOutputWrapper(estimator=RandomForestClassifier(random_state=42)),,,,,,sqrt,1.0,500.0,,,,,,,,,,,,,,,0.8647379504730551,0.8744114199010635,0.7929476931013482,0.8757916969054131,0.8758397993450555,0.856745711945187,0.0321666723159435,87.0,longitudinal,RandomForestClassifier,"{""model__estimator__class_weight"": null, ""model__estimator__max_depth"": null, ""model__estimator__max_features"": ""sqrt"", ""model__estimator__min_samples_leaf"": 1, ""model__estimator__n_estimators"": 500}",,,,,,,,
5.093066835403443,0.0736856053105138,0.0856361865997314,0.0080054146395598,MultiOutputWrapper(estimator=RandomForestClassifier(random_state=42)),,,,,,sqrt,1.0,1000.0,,,,,,,,,,,,,,,0.8668015266650133,0.8723797418105103,0.7930714636341323,0.8720815422691155,0.8782700289927621,0.8565208606743067,0.0319317501026984,91.0,longitudinal,RandomForestClassifier,"{""model__estimator__class_weight"": null, ""model__estimator__max_depth"": null, ""model__estimator__max_features"": ""sqrt"", ""model__estimator__min_samples_leaf"": 1, ""model__estimator__n_estimators"": 1000}",,,,,,,,
0.9534132480621338,0.0415004902025616,0.0344065189361572,0.0038991697302834,MultiOutputWrapper(estimator=RandomForestClassifier(random_state=42)),,,,,,sqrt,5.0,200.0,,,,,,,,,,,,,,,0.8477507307859522,0.8778108058964449,0.7950383271064568,0.8728044809170248,0.8886331685543247,0.8564075026520406,0.0334860306251012,93.0,longitudinal,RandomForestClassifier,"{""model__estimator__class_weight"": null, ""model__estimator__max_depth"": null, ""model__estimator__max_features"": ""sqrt"", ""model__estimator__min_samples_leaf"": 5, ""model__estimator__n_estimators"": 200}",,,,,,,,
2.217510175704956,0.0448728277258011,0.0579790115356445,0.0084512203212619,MultiOutputWrapper(estimator=RandomForestClassifier(random_state=42)),,,,,,sqrt,5.0,500.0,,,,,,,,,,,,,,,0.8509632608094277,0.8753455660061176,0.8010276618760623,0.8690109603825898,0.8847624262144629,0.856221975057732,0.0297250517636955,97.0,longitudinal,RandomForestClassifier,"{""model__estimator__class_weight"": null, ""model__estimator__max_depth"": null, ""model__estimator__max_features"": ""sqrt"", ""model__estimator__min_samples_leaf"": 5, ""model__estimator__n_estimators"": 500}",,,,,,,,
4.441710901260376,0.1084559369844437,0.0879482269287109,0.0099962851774963,MultiOutputWrapper(estimator=RandomForestClassifier(random_state=42)),,,,,,sqrt,5.0,1000.0,,,,,,,,,,,,,,,0.857141305623773,0.8735207361055388,0.800934940503786,0.8706153817525446,0.890119829797885,0.8584664387567056,0.0306195856210848,55.0,longitudinal,RandomForestClassifier,"{""model__estimator__class_weight"": null, ""model__estimator__max_depth"": null, ""model__estimator__max_features"": ""sqrt"", ""model__estimator__min_samples_leaf"": 5, ""model__estimator__n_estimators"": 1000}",,,,,,,,
0.8762104988098145,0.0095468897241272,0.0313848972320556,0.0038409041659388,MultiOutputWrapper(estimator=RandomForestClassifier(random_state=42)),,,,,,sqrt,10.0,200.0,,,,,,,,,,,,,,,0.8366852594711031,0.8678648608384718,0.7999999431854337,0.8722095684698263,0.8849326283294745,0.8523384520588619,0.0306027871706248,183.0,longitudinal,RandomForestClassifier,"{""model__estimator__class_weight"": null, ""model__estimator__max_depth"": null, ""model__estimator__max_features"": ""sqrt"", ""model__estimator__min_samples_leaf"": 10, ""model__estimator__n_estimators"": 200}",,,,,,,,
2.03020658493042,0.0335372160024209,0.0516150951385498,0.0103457195850393,MultiOutputWrapper(estimator=RandomForestClassifier(random_state=42)),,,,,,sqrt,10.0,500.0,,,,,,,,,,,,,,,0.8369816777502302,0.8711745052655216,0.7936703459779832,0.8706793948529001,0.888904011013078,0.8522819869719427,0.0337816175792866,186.0,longitudinal,RandomForestClassifier,"{""model__estimator__class_weight"": null, ""model__estimator__max_depth"": null, ""model__estimator__max_features"": ""sqrt"", ""model__estimator__min_samples_leaf"": 10, ""model__estimator__n_estimators"": 500}",,,,,,,,
3.963159084320069,0.0971587838738101,0.0874339580535888,0.0071953323074378,MultiOutputWrapper(estimator=RandomForestClassifier(random_state=42)),,,,,,sqrt,10.0,1000.0,,,,,,,,,,,,,,,0.8425716931110134,0.8719320218769134,0.797967345259847,0.8701540780438788,0.8902132740963227,0.854567682477595,0.0321327438772926,127.0,longitudinal,RandomForestClassifier,"{""model__estimator__class_weight"": null, ""model__estimator__max_depth"": null, ""model__estimator__max_features"": ""sqrt"", ""model__estimator__min_samples_leaf"": 10, ""model__estimator__n_estimators"": 1000}",,,,,,,,
0.8510220050811768,0.0313836527129224,0.0309441566467285,0.0036597964730294,MultiOutputWrapper(estimator=RandomForestClassifier(random_state=42)),,,,,,log2,1.0,200.0,,,,,,,,,,,,,,,0.8502212161119118,0.8677619123506515,0.7985160603416146,0.8750472654868904,0.8808128402477942,0.8544718589077724,0.0298091916419093,130.0,longitudinal,RandomForestClassifier,"{""model__estimator__class_weight"": null, ""model__estimator__max_depth"": null, ""model__estimator__max_features"": ""log2"", ""model__estimator__min_samples_leaf"": 1, ""model__estimator__n_estimators"": 200}",,,,,,,,
1.9229877948760987,0.0384961050108459,0.0498802185058593,0.003964103916818,MultiOutputWrapper(estimator=RandomForestClassifier(random_state=42)),,,,,,log2,1.0,500.0,,,,,,,,,,,,,,,0.8644216377753597,0.8731986470288609,0.7926113224612978,0.8715243119522134,0.8826071063554637,0.8568726051146391,0.0326495851560732,84.0,longitudinal,RandomForestClassifier,"{""model__estimator__class_weight"": null, ""model__estimator__max_depth"": null, ""model__estimator__max_features"": ""log2"", ""model__estimator__min_samples_leaf"": 1, ""model__estimator__n_estimators"": 500}",,,,,,,,
3.695613431930542,0.0957494076421687,0.0797235488891601,0.0121756986681631,MultiOutputWrapper(estimator=RandomForestClassifier(random_state=42)),,,,,,log2,1.0,1000.0,,,,,,,,,,,,,,,0.8625141473798024,0.8745228742772958,0.7895937303989745,0.870708982303355,0.8872507456771582,0.8569180960073173,0.0345950065595829,81.0,longitudinal,RandomForestClassifier,"{""model__estimator__class_weight"": null, ""model__estimator__max_depth"": null, ""model__estimator__max_features"": ""log2"", ""model__estimator__min_samples_leaf"": 1, ""model__estimator__n_estimators"": 1000}",,,,,,,,
0.7566176414489746,0.0178027254165634,0.0339110851287841,0.0036907308865406,MultiOutputWrapper(estimator=RandomForestClassifier(random_state=42)),,,,,,log2,5.0,200.0,,,,,,,,,,,,,,,0.8614715432982654,0.8596210051608881,0.7959421900424518,0.8707638772586017,0.880893769684834,0.8537384770890082,0.02987336409841,155.0,longitudinal,RandomForestClassifier,"{""model__estimator__class_weight"": null, ""model__estimator__max_depth"": null, ""model__estimator__max_features"": ""log2"", ""model__estimator__min_samples_leaf"": 5, ""model__estimator__n_estimators"": 200}",,,,,,,,
1.6587374210357666,0.016040121987843,0.0538030624389648,0.0128490855451234,MultiOutputWrapper(estimator=RandomForestClassifier(random_state=42)),,,,,,log2,5.0,500.0,,,,,,,,,,,,,,,0.8591283736936032,0.8701487518571965,0.7909034197823774,0.8690087273674612,0.8870697494941909,0.8552518044389658,0.0334044787280917,112.0,longitudinal,RandomForestClassifier,"{""model__estimator__class_weight"": null, ""model__estimator__max_depth"": null, ""model__estimator__max_features"": ""log2"", ""model__estimator__min_samples_leaf"": 5, ""model__estimator__n_estimators"": 500}",,,,,,,,
3.1556259632110595,0.0485420874887495,0.0881986141204834,0.0028192324394445,MultiOutputWrapper(estimator=RandomForestClassifier(random_state=42)),,,,,,log2,5.0,1000.0,,,,,,,,,,,,,,,0.852718400960528,0.871688333184018,0.7920937417618877,0.869050968570312,0.8866931564566255,0.8544489201866743,0.0329886978321441,134.0,longitudinal,RandomForestClassifier,"{""model__estimator__class_weight"": null, ""model__estimator__max_depth"": null, ""model__estimator__max_features"": ""log2"", ""model__estimator__min_samples_leaf"": 5, ""model__estimator__n_estimators"": 1000}",,,,,,,,
0.662388801574707,0.0298654940345955,0.0304859161376953,0.0026562746622317,MultiOutputWrapper(estimator=RandomForestClassifier(random_state=42)),,,,,,log2,10.0,200.0,,,,,,,,,,,,,,,0.8409214981572455,0.871004497578468,0.7903939635659549,0.8754401831072405,0.8908326554450076,0.8537185595707832,0.0355580031340984,157.0,longitudinal,RandomForestClassifier,"{""model__estimator__class_weight"": null, ""model__estimator__max_depth"": null, ""model__estimator__max_features"": ""log2"", ""model__estimator__min_samples_leaf"": 10, ""model__estimator__n_estimators"": 200}",,,,,,,,
1.490262222290039,0.0143999178673215,0.0517401695251464,0.0062931623963326,MultiOutputWrapper(estimator=RandomForestClassifier(random_state=42)),,,,,,log2,10.0,500.0,,,,,,,,,,,,,,,0.8384301194130198,0.8716108840145693,0.79764282045688,0.872390070526061,0.8897993450555868,0.8539746478932233,0.0327062094717158,149.0,longitudinal,RandomForestClassifier,"{""model__estimator__class_weight"": null, ""model__estimator__max_depth"": null, ""model__estimator__max_features"": ""log2"", ""model__estimator__min_samples_leaf"": 10, ""model__estimator__n_estimators"": 500}",,,,,,,,
2.819072198867798,0.0156104601822535,0.0889699459075927,0.012481407685017,MultiOutputWrapper(estimator=RandomForestClassifier(random_state=42)),,,,,,log2,10.0,1000.0,,,,,,,,,,,,,,,0.8375450056805318,0.8719528018173442,0.8005950189533393,0.8718053927315357,0.8904082973531068,0.8544613033071714,0.0318957491039517,132.0,longitudinal,RandomForestClassifier,"{""model__estimator__class_weight"": null, ""model__estimator__max_depth"": null, ""model__estimator__max_features"": ""log2"", ""model__estimator__min_samples_leaf"": 10, ""model__estimator__n_estimators"": 1000}",,,,,,,,
4.7298423767089846,0.0777991439200595,0.0337207317352294,0.0031789671897476,MultiOutputWrapper(estimator=RandomForestClassifier(random_state=42)),,,,,,0.5,1.0,200.0,,,,,,,,,,,,,,,0.8529849050587521,0.8728851005343228,0.7457399301862608,0.8862014551815255,0.8844709342344033,0.8484564650390529,0.0527061245124621,264.0,longitudinal,RandomForestClassifier,"{""model__estimator__class_weight"": null, ""model__estimator__max_depth"": null, ""model__estimator__max_features"": 0.5, ""model__estimator__min_samples_leaf"": 1, ""model__estimator__n_estimators"": 200}",,,,,,,,
11.903350591659546,0.2484520726304672,0.0521506786346435,0.0034699695208,MultiOutputWrapper(estimator=RandomForestClassifier(random_state=42)),,,,,,0.5,1.0,500.0,,,,,,,,,,,,,,,0.8588809529080472,0.8714305230510281,0.762363304153372,0.8786874523158227,0.8878198068539724,0.8518364078564484,0.0457269610699819,195.0,longitudinal,RandomForestClassifier,"{""model__estimator__class_weight"": null, ""model__estimator__max_depth"": null, ""model__estimator__max_features"": 0.5, ""model__estimator__min_samples_leaf"": 1, ""model__estimator__n_estimators"": 500}",,,,,,,,
23.56690616607666,0.4114870448921906,0.0835437774658203,0.0060385731990758,MultiOutputWrapper(estimator=RandomForestClassifier(random_state=42)),,,,,,0.5,1.0,1000.0,,,,,,,,,,,,,,,0.8639611844899436,0.8733857031864664,0.7780364544983501,0.8749236122741397,0.8941855953945309,0.8568985099686861,0.0406353633114712,82.0,longitudinal,RandomForestClassifier,"{""model__estimator__class_weight"": null, ""model__estimator__max_depth"": null, ""model__estimator__max_features"": 0.5, ""model__estimator__min_samples_leaf"": 1, ""model__estimator__n_estimators"": 1000}",,,,,,,,
3.764141845703125,0.0648181272721753,0.0369425773620605,0.0064796469899487,MultiOutputWrapper(estimator=RandomForestClassifier(random_state=42)),,,,,,0.5,5.0,200.0,,,,,,,,,,,,,,,0.8500057075066548,0.8779657409290705,0.7952814650431337,0.8790232419657975,0.8966142085393071,0.8597780727967927,0.0355341532612433,37.0,longitudinal,RandomForestClassifier,"{""model__estimator__class_weight"": null, ""model__estimator__max_depth"": null, ""model__estimator__max_features"": 0.5, ""model__estimator__min_samples_leaf"": 5, ""model__estimator__n_estimators"": 200}",,,,,,,,
8.935315704345703,0.1011643238833628,0.0476797103881835,0.0047237859116191,MultiOutputWrapper(estimator=RandomForestClassifier(random_state=42)),,,,,,0.5,5.0,500.0,,,,,,,,,,,,,,,0.8526545765999296,0.883972972754794,0.7963981837519429,0.8747877705204785,0.8965198256262645,0.8608666658506818,0.0352773864392911,25.0,longitudinal,RandomForestClassifier,"{""model__estimator__class_weight"": null, ""model__estimator__max_depth"": null, ""model__estimator__max_features"": 0.5, ""model__estimator__min_samples_leaf"": 5, ""model__estimator__n_estimators"": 500}",,,,,,,,
17.32903461456299,0.2565388566205878,0.0741508483886718,0.0044439129908016,MultiOutputWrapper(estimator=RandomForestClassifier(random_state=42)),,,,,,0.5,5.0,1000.0,,,,,,,,,,,,,,,0.8524816659371053,0.8850780777612355,0.8108732285218212,0.8735441671783992,0.8991756877959243,0.864230565438897,0.0307491969531734,12.0,longitudinal,RandomForestClassifier,"{""model__estimator__class_weight"": null, ""model__estimator__max_depth"": null, ""model__estimator__max_features"": 0.5, ""model__estimator__min_samples_leaf"": 5, ""model__estimator__n_estimators"": 1000}",,,,,,,,
2.986780023574829,0.0574636563333206,0.0301292896270751,0.0025832630033355,MultiOutputWrapper(estimator=RandomForestClassifier(random_state=42)),,,,,,0.5,10.0,200.0,,,,,,,,,,,,,,,0.825707648040314,0.8719755208801707,0.8256188242566382,0.8745114348983047,0.8921148029952234,0.8579856462141302,0.0272877186922278,61.0,longitudinal,RandomForestClassifier,"{""model__estimator__class_weight"": null, ""model__estimator__max_depth"": null, ""model__estimator__max_features"": 0.5, ""model__estimator__min_samples_leaf"": 10, ""model__estimator__n_estimators"": 200}",,,,,,,,
7.249171304702759,0.060192565146764,0.0504585266113281,0.0047385386606344,MultiOutputWrapper(estimator=RandomForestClassifier(random_state=42)),,,,,,0.5,10.0,500.0,,,,,,,,,,,,,,,0.8240176642494098,0.8730069448807705,0.8227052028507277,0.871025140028657,0.8963050914627788,0.8574120086944689,0.0291922451325336,72.0,longitudinal,RandomForestClassifier,"{""model__estimator__class_weight"": null, ""model__estimator__max_depth"": null, ""model__estimator__max_features"": 0.5, ""model__estimator__min_samples_leaf"": 10, ""model__estimator__n_estimators"": 500}",,,,,,,,
15.484675931930544,0.2465875224719891,0.0917946815490722,0.0195000159260194,MultiOutputWrapper(estimator=RandomForestClassifier(random_state=42)),,,,,,0.5,10.0,1000.0,,,,,,,,,,,,,,,0.8293503841684033,0.8734527623856997,0.8201238898433736,0.8718290254749809,0.8959284984252132,0.858136912059534,0.0287190086425792,59.0,longitudinal,RandomForestClassifier,"{""model__estimator__class_weight"": null, ""model__estimator__max_depth"": null, ""model__estimator__max_features"": 0.5, ""model__estimator__min_samples_leaf"": 10, ""model__estimator__n_estimators"": 1000}",,,,,,,,
0.7607057571411133,0.0338062439287808,0.0345330238342285,0.007822129771494,MultiOutputWrapper(estimator=RandomForestClassifier(random_state=42)),,,,,5.0,sqrt,1.0,200.0,,,,,,,,,,,,,,,0.8519121989025141,0.8789045330246091,0.7871789977001462,0.866522637190867,0.8680698955009072,0.8505176524638088,0.032813977834941,220.0,longitudinal,RandomForestClassifier,"{""model__estimator__class_weight"": null, ""model__estimator__max_depth"": 5, ""model__estimator__max_features"": ""sqrt"", ""model__estimator__min_samples_leaf"": 1, ""model__estimator__n_estimators"": 200}",,,,,,,,
2.0367406845092773,0.0576878493391169,0.0554532527923583,0.005491517331321,MultiOutputWrapper(estimator=RandomForestClassifier(random_state=42)),,,,,5.0,sqrt,1.0,500.0,,,,,,,,,,,,,,,0.854818030437679,0.8726611855269324,0.7803084690065176,0.8656856286868009,0.8667606324176627,0.8480467892151186,0.034355595828014,274.0,longitudinal,RandomForestClassifier,"{""model__estimator__class_weight"": null, ""model__estimator__max_depth"": 5, ""model__estimator__max_features"": ""sqrt"", ""model__estimator__min_samples_leaf"": 1, ""model__estimator__n_estimators"": 500}",,,,,,,,
3.607649326324463,0.0918837720158551,0.0797574520111084,0.0064750632243724,MultiOutputWrapper(estimator=RandomForestClassifier(random_state=42)),,,,,5.0,sqrt,1.0,1000.0,,,,,,,,,,,,,,,0.8588312894146772,0.8740930989879927,0.7852623014899051,0.8690714378756581,0.8731077529566358,0.8520731761449738,0.033839729291661,191.0,longitudinal,RandomForestClassifier,"{""model__estimator__class_weight"": null, ""model__estimator__max_depth"": 5, ""model__estimator__max_features"": ""sqrt"", ""model__estimator__min_samples_leaf"": 1, ""model__estimator__n_estimators"": 1000}",,,,,,,,
0.753108549118042,0.0093355722883184,0.0279328823089599,0.0026294063963938,MultiOutputWrapper(estimator=RandomForestClassifier(random_state=42)),,,,,5.0,sqrt,5.0,200.0,,,,,,,,,,,,,,,0.8418889986693026,0.8777333200332682,0.7905866785749996,0.8685918978767748,0.889712158187848,0.8537026106684387,0.0352676500243255,159.0,longitudinal,RandomForestClassifier,"{""model__estimator__class_weight"": null, ""model__estimator__max_depth"": 5, ""model__estimator__max_features"": ""sqrt"", ""model__estimator__min_samples_leaf"": 5, ""model__estimator__n_estimators"": 200}",,,,,,,,
1.7255281448364257,0.0447487114981903,0.0525313854217529,0.0100393034363559,MultiOutputWrapper(estimator=RandomForestClassifier(random_state=42)),,,,,5.0,sqrt,5.0,500.0,,,,,,,,,,,,,,,0.8511210841583763,0.8738739583991351,0.7969626364685882,0.8670548391298682,0.8833079907390025,0.854464101778994,0.0306099115027991,131.0,longitudinal,RandomForestClassifier,"{""model__estimator__class_weight"": null, ""model__estimator__max_depth"": 5, ""model__estimator__max_features"": ""sqrt"", ""model__estimator__min_samples_leaf"": 5, ""model__estimator__n_estimators"": 500}",,,,,,,,
3.493627643585205,0.1105195380717352,0.0795036315917968,0.0075198711433082,MultiOutputWrapper(estimator=RandomForestClassifier(random_state=42)),,,,,5.0,sqrt,5.0,1000.0,,,,,,,,,,,,,,,0.8557669685307653,0.8738437397028226,0.7940569691019662,0.8695613986118088,0.8850726904866195,0.8556603532867963,0.0321992189100068,106.0,longitudinal,RandomForestClassifier,"{""model__estimator__class_weight"": null, ""model__estimator__max_depth"": 5, ""model__estimator__max_features"": ""sqrt"", ""model__estimator__min_samples_leaf"": 5, ""model__estimator__n_estimators"": 1000}",,,,,,,,
0.7562367439270019,0.0181953125096915,0.0330024242401123,0.0031874820701501,MultiOutputWrapper(estimator=RandomForestClassifier(random_state=42)),,,,,5.0,sqrt,10.0,200.0,,,,,,,,,,,,,,,0.8373817092270923,0.8601347963856565,0.8027514726335596,0.8712594205325741,0.8889413470162484,0.8520937491590261,0.0298021181771421,190.0,longitudinal,RandomForestClassifier,"{""model__estimator__class_weight"": null, ""model__estimator__max_depth"": 5, ""model__estimator__max_features"": ""sqrt"", ""model__estimator__min_samples_leaf"": 10, ""model__estimator__n_estimators"": 200}",,,,,,,,
1.8265328884124756,0.0324743877666727,0.047318696975708,0.0065545335527529,MultiOutputWrapper(estimator=RandomForestClassifier(random_state=42)),,,,,5.0,sqrt,10.0,500.0,,,,,,,,,,,,,,,0.8428626382856494,0.8684183462091625,0.7997527430072631,0.8691776921788645,0.8869619131051456,0.8534346665572169,0.0302983381409591,164.0,longitudinal,RandomForestClassifier,"{""model__estimator__class_weight"": null, ""model__estimator__max_depth"": 5, ""model__estimator__max_features"": ""sqrt"", ""model__estimator__min_samples_leaf"": 10, ""model__estimator__n_estimators"": 500}",,,,,,,,
3.3517077922821046,0.0496951661081271,0.0895629405975341,0.0077737381296417,MultiOutputWrapper(estimator=RandomForestClassifier(random_state=42)),,,,,5.0,sqrt,10.0,1000.0,,,,,,,,,,,,,,,0.8422547144135193,0.8682577772779903,0.7974961252465752,0.867590390591563,0.8912880921093798,0.8533774199278055,0.0319596192356068,165.0,longitudinal,RandomForestClassifier,"{""model__estimator__class_weight"": null, ""model__estimator__max_depth"": 5, ""model__estimator__max_features"": ""sqrt"", ""model__estimator__min_samples_leaf"": 10, ""model__estimator__n_estimators"": 1000}",,,,,,,,
0.589587926864624,0.0541475752009107,0.035224437713623,0.0050023737479936,MultiOutputWrapper(estimator=RandomForestClassifier(random_state=42)),,,,,5.0,log2,1.0,200.0,,,,,,,,,,,,,,,0.8567460812516035,0.8595113981727314,0.7802392688647085,0.8752025530806304,0.8753622009469577,0.8494123004633263,0.0354378861697836,245.0,longitudinal,RandomForestClassifier,"{""model__estimator__class_weight"": null, ""model__estimator__max_depth"": 5, ""model__estimator__max_features"": ""log2"", ""model__estimator__min_samples_leaf"": 1, ""model__estimator__n_estimators"": 200}",,,,,,,,
1.4118618488311767,0.0339754354410326,0.0532795906066894,0.0069313852914887,MultiOutputWrapper(estimator=RandomForestClassifier(random_state=42)),,,,,5.0,log2,1.0,500.0,,,,,,,,,,,,,,,0.8488286495998326,0.8693949667156837,0.7979832533384239,0.8714090325461954,0.8751546628287759,0.8525541130057823,0.0287811222827705,179.0,longitudinal,RandomForestClassifier,"{""model__estimator__class_weight"": null, ""model__estimator__max_depth"": 5, ""model__estimator__max_features"": ""log2"", ""model__estimator__min_samples_leaf"": 1, ""model__estimator__n_estimators"": 500}",,,,,,,,
2.9990054607391357,0.1123457362949604,0.0904939651489257,0.015257998698895,MultiOutputWrapper(estimator=RandomForestClassifier(random_state=42)),,,,,5.0,log2,1.0,1000.0,,,,,,,,,,,,,,,0.8511464516814355,0.8678912746774494,0.7971951216740751,0.8722780476004393,0.879198631708487,0.8535419054683772,0.0296510143599109,162.0,longitudinal,RandomForestClassifier,"{""model__estimator__class_weight"": null, ""model__estimator__max_depth"": 5, ""model__estimator__max_features"": ""log2"", ""model__estimator__min_samples_leaf"": 1, ""model__estimator__n_estimators"": 1000}",,,,,,,,
0.7267194747924804,0.0343983940192017,0.0373615264892578,0.0037345707647463,MultiOutputWrapper(estimator=RandomForestClassifier(random_state=42)),,,,,5.0,log2,5.0,200.0,,,,,,,,,,,,,,,0.8632349656591527,0.8546225149666659,0.799597923313971,0.872178864511807,0.8832312329224288,0.854573100274805,0.0290811001746531,126.0,longitudinal,RandomForestClassifier,"{""model__estimator__class_weight"": null, ""model__estimator__max_depth"": 5, ""model__estimator__max_features"": ""log2"", ""model__estimator__min_samples_leaf"": 5, ""model__estimator__n_estimators"": 200}",,,,,,,,
1.5597426414489746,0.0480695043450015,0.054045820236206,0.009612939365066,MultiOutputWrapper(estimator=RandomForestClassifier(random_state=42)),,,,,5.0,log2,5.0,500.0,,,,,,,,,,,,,,,0.8571955157749864,0.8640923871296692,0.794590116992555,0.8724083068162787,0.8873955530525832,0.8551363759532146,0.0319038360389359,114.0,longitudinal,RandomForestClassifier,"{""model__estimator__class_weight"": null, ""model__estimator__max_depth"": 5, ""model__estimator__max_features"": ""log2"", ""model__estimator__min_samples_leaf"": 5, ""model__estimator__n_estimators"": 500}",,,,,,,,
2.7212316036224364,0.012582257786804,0.0796632766723632,0.0030984826989041,MultiOutputWrapper(estimator=RandomForestClassifier(random_state=42)),,,,,5.0,log2,5.0,1000.0,,,,,,,,,,,,,,,0.8547096101352518,0.8673699104317389,0.7921790204259729,0.8720406036584231,0.8841794422543436,0.854095717381146,0.0323645110361561,148.0,longitudinal,RandomForestClassifier,"{""model__estimator__class_weight"": null, ""model__estimator__max_depth"": 5, ""model__estimator__max_features"": ""log2"", ""model__estimator__min_samples_leaf"": 5, ""model__estimator__n_estimators"": 1000}",,,,,,,,
0.6067667484283448,0.0293519197714078,0.034395408630371,0.0009559783569,MultiOutputWrapper(estimator=RandomForestClassifier(random_state=42)),,,,,5.0,log2,10.0,200.0,,,,,,,,,,,,,,,0.8392404625759272,0.8753304566579612,0.7931686733571499,0.8745482796479278,0.8886540266566547,0.8541883797791241,0.0346301560858236,146.0,longitudinal,RandomForestClassifier,"{""model__estimator__class_weight"": null, ""model__estimator__max_depth"": 5, ""model__estimator__max_features"": ""log2"", ""model__estimator__min_samples_leaf"": 10, ""model__estimator__n_estimators"": 200}",,,,,,,,
1.4518123626708983,0.0512425064204271,0.0593053340911865,0.0216015734634701,MultiOutputWrapper(estimator=RandomForestClassifier(random_state=42)),,,,,5.0,log2,10.0,500.0,,,,,,,,,,,,,,,0.8412913550063558,0.8711896146136779,0.7987945653458415,0.871839632296842,0.8878375362409527,0.8541905407007342,0.0315204134936296,145.0,longitudinal,RandomForestClassifier,"{""model__estimator__class_weight"": null, ""model__estimator__max_depth"": 5, ""model__estimator__max_features"": ""log2"", ""model__estimator__min_samples_leaf"": 10, ""model__estimator__n_estimators"": 500}",,,,,,,,
2.53712682723999,0.0326390317033593,0.0827913761138916,0.0089955939473589,MultiOutputWrapper(estimator=RandomForestClassifier(random_state=42)),,,,,5.0,log2,10.0,1000.0,,,,,,,,,,,,,,,0.8417112809017859,0.8695499017483093,0.8008735239575663,0.8722324568748953,0.8867035855077905,0.8542141497980694,0.0303873401475824,144.0,longitudinal,RandomForestClassifier,"{""model__estimator__class_weight"": null, ""model__estimator__max_depth"": 5, ""model__estimator__max_features"": ""log2"", ""model__estimator__min_samples_leaf"": 10, ""model__estimator__n_estimators"": 1000}",,,,,,,,
2.4300503730773926,0.032569280642318,0.0256394863128662,0.004093374137138,MultiOutputWrapper(estimator=RandomForestClassifier(random_state=42)),,,,,5.0,0.5,1.0,200.0,,,,,,,,,,,,,,,0.8080627684346604,0.8764998039143627,0.8023531741161927,0.8822069632855095,0.8801286423461192,0.8498502704193689,0.036540669108883,238.0,longitudinal,RandomForestClassifier,"{""model__estimator__class_weight"": null, ""model__estimator__max_depth"": 5, ""model__estimator__max_features"": 0.5, ""model__estimator__min_samples_leaf"": 1, ""model__estimator__n_estimators"": 200}",,,,,,,,
5.776668548583984,0.0335700767679858,0.0406064510345458,0.0078964268346331,MultiOutputWrapper(estimator=RandomForestClassifier(random_state=42)),,,,,5.0,0.5,1.0,500.0,,,,,,,,,,,,,,,0.8281187831104683,0.8743632749073214,0.7802810559782558,0.8760496101527755,0.8742468139248691,0.8466119076147379,0.0377946617840324,305.0,longitudinal,RandomForestClassifier,"{""model__estimator__class_weight"": null, ""model__estimator__max_depth"": 5, ""model__estimator__max_features"": 0.5, ""model__estimator__min_samples_leaf"": 1, ""model__estimator__n_estimators"": 500}",,,,,,,,
11.391999530792235,0.0581901429936056,0.0738694190979003,0.0145611468956075,MultiOutputWrapper(estimator=RandomForestClassifier(random_state=42)),,,,,5.0,0.5,1.0,1000.0,,,,,,,,,,,,,,,0.8528453836819259,0.8725988823993678,0.7726956580035816,0.8741448482480135,0.8794226477275098,0.8503414840120798,0.039856868479752,227.0,longitudinal,RandomForestClassifier,"{""model__estimator__class_weight"": null, ""model__estimator__max_depth"": 5, ""model__estimator__max_features"": 0.5, ""model__estimator__min_samples_leaf"": 1, ""model__estimator__n_estimators"": 1000}",,,,,,,,
2.324557828903198,0.0252023183213518,0.0294704914093017,0.0028956458882863,MultiOutputWrapper(estimator=RandomForestClassifier(random_state=42)),,,,,5.0,0.5,5.0,200.0,,,,,,,,,,,,,,,0.8512789075073246,0.8738041189443564,0.8085856468224748,0.8729343679636763,0.8936907369167553,0.8600587556309176,0.0290254827152004,34.0,longitudinal,RandomForestClassifier,"{""model__estimator__class_weight"": null, ""model__estimator__max_depth"": 5, ""model__estimator__max_features"": 0.5, ""model__estimator__min_samples_leaf"": 5, ""model__estimator__n_estimators"": 200}",,,,,,,,
6.149211072921753,0.081845044995558,0.0576887130737304,0.010708238985009,MultiOutputWrapper(estimator=RandomForestClassifier(random_state=42)),,,,,5.0,0.5,5.0,500.0,,,,,,,,,,,,,,,0.8603874853800952,0.8777560390960947,0.8102240084721881,0.8725837845884739,0.8937674947333292,0.8629437624540361,0.028454676417363,18.0,longitudinal,RandomForestClassifier,"{""model__estimator__class_weight"": null, ""model__estimator__max_depth"": 5, ""model__estimator__max_features"": 0.5, ""model__estimator__min_samples_leaf"": 5, ""model__estimator__n_estimators"": 500}",,,,,,,,
12.474498558044434,0.1573968209243626,0.1191060066223144,0.0518207748930725,MultiOutputWrapper(estimator=RandomForestClassifier(random_state=42)),,,,,5.0,0.5,5.0,1000.0,,,,,,,,,,,,,,,0.8585191178218756,0.8783151950590596,0.7996826906469587,0.8716234019985485,0.8945798135285651,0.8605440438110016,0.0325736219939266,27.0,longitudinal,RandomForestClassifier,"{""model__estimator__class_weight"": null, ""model__estimator__max_depth"": 5, ""model__estimator__max_features"": 0.5, ""model__estimator__min_samples_leaf"": 5, ""model__estimator__n_estimators"": 1000}",,,,,,,,
2.569252061843872,0.0353517361609399,0.0373369216918945,0.0037598166695971,MultiOutputWrapper(estimator=RandomForestClassifier(random_state=42)),,,,,5.0,0.5,10.0,200.0,,,,,,,,,,,,,,,0.8390710270181979,0.8704831333327574,0.8199154371994509,0.8733500809467984,0.8903408213920697,0.8586320999778548,0.025472041618744,51.0,longitudinal,RandomForestClassifier,"{""model__estimator__class_weight"": null, ""model__estimator__max_depth"": 5, ""model__estimator__max_features"": 0.5, ""model__estimator__min_samples_leaf"": 10, ""model__estimator__n_estimators"": 200}",,,,,,,,
5.892044973373413,0.0908054803076196,0.0535935878753662,0.0091901104152785,MultiOutputWrapper(estimator=RandomForestClassifier(random_state=42)),,,,,5.0,0.5,10.0,500.0,,,,,,,,,,,,,,,0.8367381376227193,0.8695178173170572,0.8127126001072658,0.8713710712890079,0.8934583776568008,0.8567596007985703,0.028509874216199,85.0,longitudinal,RandomForestClassifier,"{""model__estimator__class_weight"": null, ""model__estimator__max_depth"": 5, ""model__estimator__max_features"": 0.5, ""model__estimator__min_samples_leaf"": 10, ""model__estimator__n_estimators"": 500}",,,,,,,,
11.370120429992676,0.0810861097076848,0.0788022994995117,0.0066196736286214,MultiOutputWrapper(estimator=RandomForestClassifier(random_state=42)),,,,,5.0,0.5,10.0,1000.0,,,,,,,,,,,,,,,0.8352059771807632,0.8709705107185484,0.8112442844546255,0.8726591488490667,0.8935372212836077,0.8567234284973223,0.0294738362900922,88.0,longitudinal,RandomForestClassifier,"{""model__estimator__class_weight"": null, ""model__estimator__max_depth"": 5, ""model__estimator__max_features"": 0.5, ""model__estimator__min_samples_leaf"": 10, ""model__estimator__n_estimators"": 1000}",,,,,,,,
1.178462839126587,0.0511697721484342,0.0335277557373046,0.0024554521071974,MultiOutputWrapper(estimator=RandomForestClassifier(random_state=42)),,,,,10.0,sqrt,1.0,200.0,,,,,,,,,,,,,,,0.8601164346240273,0.8799567736593679,0.8059278614088194,0.8638869350006513,0.8701198297978849,0.8560015668981503,0.0259216682573647,100.0,longitudinal,RandomForestClassifier,"{""model__estimator__class_weight"": null, ""model__estimator__max_depth"": 10, ""model__estimator__max_features"": ""sqrt"", ""model__estimator__min_samples_leaf"": 1, ""model__estimator__n_estimators"": 200}",,,,,,,,
2.540399980545044,0.0521419376325194,0.0533191680908203,0.0056676235465072,MultiOutputWrapper(estimator=RandomForestClassifier(random_state=42)),,,,,10.0,sqrt,1.0,500.0,,,,,,,,,,,,,,,0.8631807555079393,0.8802835821139866,0.7870549715018134,0.8721088967044419,0.8763268881797134,0.8557910188015789,0.0348342737399986,104.0,longitudinal,RandomForestClassifier,"{""model__estimator__class_weight"": null, ""model__estimator__max_depth"": 10, ""model__estimator__max_features"": ""sqrt"", ""model__estimator__min_samples_leaf"": 1, ""model__estimator__n_estimators"": 500}",,,,,,,,
4.7490472316741945,0.0568544788651134,0.0863691329956054,0.0049318394837181,MultiOutputWrapper(estimator=RandomForestClassifier(random_state=42)),,,,,10.0,sqrt,1.0,1000.0,,,,,,,,,,,,,,,0.866166164717377,0.8769286096424682,0.7850225440199259,0.8715813468802918,0.8822777047744197,0.8563952740068965,0.0360878699707918,95.0,longitudinal,RandomForestClassifier,"{""model__estimator__class_weight"": null, ""model__estimator__max_depth"": 10, ""model__estimator__max_features"": ""sqrt"", ""model__estimator__min_samples_leaf"": 1, ""model__estimator__n_estimators"": 1000}",,,,,,,,
0.9688231468200684,0.0099976268288726,0.0319188117980957,0.0030678291684109,MultiOutputWrapper(estimator=RandomForestClassifier(random_state=42)),,,,,10.0,sqrt,5.0,200.0,,,,,,,,,,,,,,,0.8442513966927343,0.8816796062864597,0.7923179320406883,0.8701380747687898,0.887061406253259,0.8550896832083861,0.0346797646230936,115.0,longitudinal,RandomForestClassifier,"{""model__estimator__class_weight"": null, ""model__estimator__max_depth"": 10, ""model__estimator__max_features"": ""sqrt"", ""model__estimator__min_samples_leaf"": 5, ""model__estimator__n_estimators"": 200}",,,,,,,,
2.174194097518921,0.0414972741130818,0.0530915737152099,0.0014581496875001,MultiOutputWrapper(estimator=RandomForestClassifier(random_state=42)),,,,,10.0,sqrt,5.0,500.0,,,,,,,,,,,,,,,0.8505776506466429,0.8787118796621851,0.8033074599798193,0.8685096484862018,0.8867833677492022,0.8575780013048103,0.0297099031257889,70.0,longitudinal,RandomForestClassifier,"{""model__estimator__class_weight"": null, ""model__estimator__max_depth"": 10, ""model__estimator__max_features"": ""sqrt"", ""model__estimator__min_samples_leaf"": 5, ""model__estimator__n_estimators"": 500}",,,,,,,,
4.284918260574341,0.0356448376529808,0.0740142822265625,0.0104097610926147,MultiOutputWrapper(estimator=RandomForestClassifier(random_state=42)),,,,,10.0,sqrt,5.0,1000.0,,,,,,,,,,,,,,,0.8553470426353351,0.8740288934317605,0.8000924941140108,0.8694711475836916,0.8889900506851887,0.8575859256899975,0.0306866616823912,69.0,longitudinal,RandomForestClassifier,"{""model__estimator__class_weight"": null, ""model__estimator__max_depth"": 10, ""model__estimator__max_features"": ""sqrt"", ""model__estimator__min_samples_leaf"": 5, ""model__estimator__n_estimators"": 1000}",,,,,,,,
0.8622929573059082,0.0207427352734968,0.0348821640014648,0.0079299689620545,MultiOutputWrapper(estimator=RandomForestClassifier(random_state=42)),,,,,10.0,sqrt,10.0,200.0,,,,,,,,,,,,,,,0.8364478584478818,0.8685600376285713,0.7988559818920613,0.871021976590558,0.8842779967878522,0.8518327702693849,0.0308024526780192,196.0,longitudinal,RandomForestClassifier,"{""model__estimator__class_weight"": null, ""model__estimator__max_depth"": 10, ""model__estimator__max_features"": ""sqrt"", ""model__estimator__min_samples_leaf"": 10, ""model__estimator__n_estimators"": 200}",,,,,,,,
1.9837404251098631,0.0650983999797879,0.0492063045501709,0.0074808676405319,MultiOutputWrapper(estimator=RandomForestClassifier(random_state=42)),,,,,10.0,sqrt,10.0,500.0,,,,,,,,,,,,,,,0.8373425863897546,0.8705681188294203,0.7945204055196488,0.8703619345354396,0.8883500198151971,0.8522286130178921,0.0332317374000221,188.0,longitudinal,RandomForestClassifier,"{""model__estimator__class_weight"": null, ""model__estimator__max_depth"": 10, ""model__estimator__max_features"": ""sqrt"", ""model__estimator__min_samples_leaf"": 10, ""model__estimator__n_estimators"": 500}",,,,,,,,
3.8423912525177,0.0659056829596559,0.0842520236968994,0.0134445772109826,MultiOutputWrapper(estimator=RandomForestClassifier(random_state=42)),,,,,10.0,sqrt,10.0,1000.0,,,,,,,,,,,,,,,0.8425765002157057,0.8716618826513125,0.7976813975474288,0.8698034946686763,0.8909270383580501,0.8545300626882348,0.0323300949633426,129.0,longitudinal,RandomForestClassifier,"{""model__estimator__class_weight"": null, ""model__estimator__max_depth"": 10, ""model__estimator__max_features"": ""sqrt"", ""model__estimator__min_samples_leaf"": 10, ""model__estimator__n_estimators"": 1000}",,,,,,,,
0.7929204940795899,0.0104944270378306,0.0299296379089355,0.0054102714044068,MultiOutputWrapper(estimator=RandomForestClassifier(random_state=42)),,,,,10.0,log2,1.0,200.0,,,,,,,,,,,,,,,0.857002710693594,0.8665481882641151,0.7818930272619014,0.8694996185265822,0.8860696034874747,0.8522026296467334,0.0363825061232824,189.0,longitudinal,RandomForestClassifier,"{""model__estimator__class_weight"": null, ""model__estimator__max_depth"": 10, ""model__estimator__max_features"": ""log2"", ""model__estimator__min_samples_leaf"": 1, ""model__estimator__n_estimators"": 200}",,,,,,,,
1.7500025749206545,0.03377171439095,0.0508126735687255,0.0032833594432543,MultiOutputWrapper(estimator=RandomForestClassifier(random_state=42)),,,,,10.0,log2,1.0,500.0,,,,,,,,,,,,,,,0.8617329798449485,0.8697274824563053,0.7905481014844509,0.8639611827536797,0.8872014684104039,0.8546342429899576,0.0332651392678011,124.0,longitudinal,RandomForestClassifier,"{""model__estimator__class_weight"": null, ""model__estimator__max_depth"": 10, ""model__estimator__max_features"": ""log2"", ""model__estimator__min_samples_leaf"": 1, ""model__estimator__n_estimators"": 500}",,,,,,,,
3.5143213748931883,0.0555070210369222,0.0980004787445068,0.0132492962343383,MultiOutputWrapper(estimator=RandomForestClassifier(random_state=42)),,,,,10.0,log2,1.0,1000.0,,,,,,,,,,,,,,,0.8628054255543378,0.8734413845074225,0.7863827415528102,0.8663661400472654,0.884898316751142,0.8547788016825955,0.035020540624299,120.0,longitudinal,RandomForestClassifier,"{""model__estimator__class_weight"": null, ""model__estimator__max_depth"": 10, ""model__estimator__max_features"": ""log2"", ""model__estimator__min_samples_leaf"": 1, ""model__estimator__n_estimators"": 1000}",,,,,,,,
0.7228633403778076,0.0107417497753982,0.0306326866149902,0.0030179059017604,MultiOutputWrapper(estimator=RandomForestClassifier(random_state=42)),,,,,10.0,log2,5.0,200.0,,,,,,,,,,,,,,,0.8623120610889246,0.8644381097897793,0.7884072149954092,0.8683133292394722,0.8788552030536261,0.8524651836334423,0.0325310071978941,182.0,longitudinal,RandomForestClassifier,"{""model__estimator__class_weight"": null, ""model__estimator__max_depth"": 10, ""model__estimator__max_features"": ""log2"", ""model__estimator__min_samples_leaf"": 5, ""model__estimator__n_estimators"": 200}",,,,,,,,
1.6672682285308835,0.02974652308903,0.0568743705749511,0.0119273488711652,MultiOutputWrapper(estimator=RandomForestClassifier(random_state=42)),,,,,10.0,log2,5.0,500.0,,,,,,,,,,,,,,,0.8597863666120533,0.8709402553285078,0.7880209327588243,0.8683898100076294,0.8861018292555742,0.8546478387925178,0.034377862648175,123.0,longitudinal,RandomForestClassifier,"{""model__estimator__class_weight"": null, ""model__estimator__max_depth"": 10, ""model__estimator__max_features"": ""log2"", ""model__estimator__min_samples_leaf"": 5, ""model__estimator__n_estimators"": 500}",,,,,,,,
3.095406675338745,0.0640397319315328,0.0890638351440429,0.0027615455409001,MultiOutputWrapper(estimator=RandomForestClassifier(random_state=42)),,,,,10.0,log2,5.0,1000.0,,,,,,,,,,,,,,,0.8518044445998857,0.8716713214071943,0.7900844946230694,0.8724265431064963,0.88511002648979,0.854219366045287,0.033791769776446,142.0,longitudinal,RandomForestClassifier,"{""model__estimator__class_weight"": null, ""model__estimator__max_depth"": 10, ""model__estimator__max_features"": ""log2"", ""model__estimator__min_samples_leaf"": 5, ""model__estimator__n_estimators"": 1000}",,,,,,,,
0.695108699798584,0.0352109820590361,0.0264837265014648,0.0042859903350829,MultiOutputWrapper(estimator=RandomForestClassifier(random_state=42)),,,,,10.0,log2,10.0,200.0,,,,,,,,,,,,,,,0.8420927499596772,0.8677269742763982,0.7900152944812602,0.8756411544688214,0.8904736875039109,0.8531899721380135,0.0352693739321181,169.0,longitudinal,RandomForestClassifier,"{""model__estimator__class_weight"": null, ""model__estimator__max_depth"": 10, ""model__estimator__max_features"": ""log2"", ""model__estimator__min_samples_leaf"": 10, ""model__estimator__n_estimators"": 200}",,,,,,,,
1.506069278717041,0.0171165236920223,0.047490119934082,0.0052772550852938,MultiOutputWrapper(estimator=RandomForestClassifier(random_state=42)),,,,,10.0,log2,10.0,500.0,,,,,,,,,,,,,,,0.8378715985874106,0.8716788944281364,0.8004171893606771,0.8726321665829284,0.8892038462340696,0.8543607390386445,0.0317162544898112,136.0,longitudinal,RandomForestClassifier,"{""model__estimator__class_weight"": null, ""model__estimator__max_depth"": 10, ""model__estimator__max_features"": ""log2"", ""model__estimator__min_samples_leaf"": 10, ""model__estimator__n_estimators"": 500}",,,,,,,,
2.892722177505493,0.0720232457669089,0.0862013816833496,0.0140218113919131,MultiOutputWrapper(estimator=RandomForestClassifier(random_state=42)),,,,,10.0,log2,10.0,1000.0,,,,,,,,,,,,,,,0.8372979904479257,0.8712784049676758,0.8003863958657176,0.8720566069335118,0.8894756273074276,0.8540990051044517,0.0317377728466426,147.0,longitudinal,RandomForestClassifier,"{""model__estimator__class_weight"": null, ""model__estimator__max_depth"": 10, ""model__estimator__max_features"": ""log2"", ""model__estimator__min_samples_leaf"": 10, ""model__estimator__n_estimators"": 1000}",,,,,,,,
3.8474402904510496,0.0893953980115029,0.0296789169311523,0.0034635459236339,MultiOutputWrapper(estimator=RandomForestClassifier(random_state=42)),,,,,10.0,0.5,1.0,200.0,,,,,,,,,,,,,,,0.8656713956993155,0.8712992216018347,0.7765101027661876,0.8774610617986935,0.8872585153202761,0.8556400594372615,0.0402076361059652,108.0,longitudinal,RandomForestClassifier,"{""model__estimator__class_weight"": null, ""model__estimator__max_depth"": 10, ""model__estimator__max_features"": 0.5, ""model__estimator__min_samples_leaf"": 1, ""model__estimator__n_estimators"": 200}",,,,,,,,
10.144057083129884,0.1490304947393583,0.048495864868164,0.0024614849208968,MultiOutputWrapper(estimator=RandomForestClassifier(random_state=42)),,,,,10.0,0.5,1.0,500.0,,,,,,,,,,,,,,,0.8652926631936699,0.8680424782401958,0.7695967642968173,0.8734207930925397,0.8899164633001688,0.8532538324246783,0.042691913389733,168.0,longitudinal,RandomForestClassifier,"{""model__estimator__class_weight"": null, ""model__estimator__max_depth"": 10, ""model__estimator__max_features"": 0.5, ""model__estimator__min_samples_leaf"": 1, ""model__estimator__n_estimators"": 500}",,,,,,,,
19.75978002548218,0.3646186817889725,0.0781005859375,0.0055386611215194,MultiOutputWrapper(estimator=RandomForestClassifier(random_state=42)),,,,,10.0,0.5,1.0,1000.0,,,,,,,,,,,,,,,0.8642298316936653,0.8729294957113217,0.7823485096402956,0.8695781462252739,0.8918015142982292,0.8561774995137572,0.0380653042481618,99.0,longitudinal,RandomForestClassifier,"{""model__estimator__class_weight"": null, ""model__estimator__max_depth"": 10, ""model__estimator__max_features"": 0.5, ""model__estimator__min_samples_leaf"": 1, ""model__estimator__n_estimators"": 1000}",,,,,,,,
3.4001355171203613,0.049854390288033,0.0326165676116943,0.0068213829051304,MultiOutputWrapper(estimator=RandomForestClassifier(random_state=42)),,,,,10.0,0.5,5.0,200.0,,,,,,,,,,,,,,,0.8525307359837273,0.8793428875897803,0.7929322963538684,0.8786315338953088,0.8980832446863984,0.8603041397018167,0.0366742938690468,30.0,longitudinal,RandomForestClassifier,"{""model__estimator__class_weight"": null, ""model__estimator__max_depth"": 10, ""model__estimator__max_features"": 0.5, ""model__estimator__min_samples_leaf"": 5, ""model__estimator__n_estimators"": 200}",,,,,,,,
8.429211854934692,0.1215094171913962,0.0507766723632812,0.0039824403163793,MultiOutputWrapper(estimator=RandomForestClassifier(random_state=42)),,,,,10.0,0.5,5.0,500.0,,,,,,,,,,,,,,,0.8548090822280929,0.8828640995847454,0.7946980646686119,0.8740352444221142,0.8951514298229146,0.8603115841452957,0.0353445359747342,29.0,longitudinal,RandomForestClassifier,"{""model__estimator__class_weight"": null, ""model__estimator__max_depth"": 10, ""model__estimator__max_features"": 0.5, ""model__estimator__min_samples_leaf"": 5, ""model__estimator__n_estimators"": 500}",,,,,,,,
16.71935181617737,0.3664546507886408,0.0966653823852539,0.0064495968630721,MultiOutputWrapper(estimator=RandomForestClassifier(random_state=42)),,,,,10.0,0.5,5.0,1000.0,,,,,,,,,,,,,,,0.855244095437399,0.8843054518016874,0.8100850968574727,0.8720322298516905,0.8982056817470746,0.8639745111390648,0.0304313527474889,14.0,longitudinal,RandomForestClassifier,"{""model__estimator__class_weight"": null, ""model__estimator__max_depth"": 10, ""model__estimator__max_features"": 0.5, ""model__estimator__min_samples_leaf"": 5, ""model__estimator__n_estimators"": 1000}",,,,,,,,
2.987402009963989,0.0314410629425436,0.0286165714263916,0.0050319436781413,MultiOutputWrapper(estimator=RandomForestClassifier(random_state=42)),,,,,10.0,0.5,10.0,200.0,,,,,,,,,,,,,,,0.825287722144884,0.8714352424289689,0.8255492832274309,0.8744520739128007,0.891937404834908,0.8577323453097984,0.0272972814340319,65.0,longitudinal,RandomForestClassifier,"{""model__estimator__class_weight"": null, ""model__estimator__max_depth"": 10, ""model__estimator__max_features"": 0.5, ""model__estimator__min_samples_leaf"": 10, ""model__estimator__n_estimators"": 200}",,,,,,,,
7.260945987701416,0.098009882357461,0.0503878116607666,0.0044941334541237,MultiOutputWrapper(estimator=RandomForestClassifier(random_state=42)),,,,,10.0,0.5,10.0,500.0,,,,,,,,,,,,,,,0.8235284408888901,0.8730485047616321,0.8226124814784513,0.871025140028657,0.8961671151158668,0.8572763364546994,0.0292943231859844,77.0,longitudinal,RandomForestClassifier,"{""model__estimator__class_weight"": null, ""model__estimator__max_depth"": 10, ""model__estimator__max_features"": 0.5, ""model__estimator__min_samples_leaf"": 10, ""model__estimator__n_estimators"": 500}",,,,,,,,
15.530181169509888,0.2510744782482939,0.0791648864746093,0.0080501253556981,MultiOutputWrapper(estimator=RandomForestClassifier(random_state=42)),,,,,10.0,0.5,10.0,1000.0,,,,,,,,,,,,,,,0.829128070459058,0.8728501441132054,0.8201470701864426,0.8716531755335976,0.8958890766118097,0.8579335073808227,0.0286668052401204,63.0,longitudinal,RandomForestClassifier,"{""model__estimator__class_weight"": null, ""model__estimator__max_depth"": 10, ""model__estimator__max_features"": 0.5, ""model__estimator__min_samples_leaf"": 10, ""model__estimator__n_estimators"": 1000}",,,,,,,,
1.3873278617858886,0.0323210663954046,0.040026569366455,0.004758623830402,MultiOutputWrapper(estimator=RandomForestClassifier(random_state=42)),,,,,20.0,sqrt,1.0,200.0,,,,,,,,,,,,,,,0.8595486325889327,0.868504301267023,0.8106843200887215,0.8752526098364315,0.8485792503598022,0.8525138228281822,0.0227482946333082,180.0,longitudinal,RandomForestClassifier,"{""model__estimator__class_weight"": null, ""model__estimator__max_depth"": 20, ""model__estimator__max_features"": ""sqrt"", ""model__estimator__min_samples_leaf"": 1, ""model__estimator__n_estimators"": 200}",,,,,,,,
2.913590908050537,0.0803829280317137,0.0563699722290039,0.006898915801194,MultiOutputWrapper(estimator=RandomForestClassifier(random_state=42)),,,,,20.0,sqrt,1.0,500.0,,,,,,,,,,,,,,,0.8643921291474067,0.8747854588288186,0.7930404144736245,0.8758796218761048,0.874997914189767,0.8566191077031442,0.0320669123628926,90.0,longitudinal,RandomForestClassifier,"{""model__estimator__class_weight"": null, ""model__estimator__max_depth"": 20, ""model__estimator__max_features"": ""sqrt"", ""model__estimator__min_samples_leaf"": 1, ""model__estimator__n_estimators"": 500}",,,,,,,,
5.397054243087768,0.1002814271621552,0.102448558807373,0.0101482319649444,MultiOutputWrapper(estimator=RandomForestClassifier(random_state=42)),,,,,20.0,sqrt,1.0,1000.0,,,,,,,,,,,,,,,0.8667397728568619,0.8725044214530953,0.7933380375794268,0.8721317851095107,0.8774862336524623,0.8564400501302714,0.0317338453066046,92.0,longitudinal,RandomForestClassifier,"{""model__estimator__class_weight"": null, ""model__estimator__max_depth"": 20, ""model__estimator__max_features"": ""sqrt"", ""model__estimator__min_samples_leaf"": 1, ""model__estimator__n_estimators"": 1000}",,,,,,,,
1.0226593494415284,0.0706762313215435,0.0315187931060791,0.0050872267585899,MultiOutputWrapper(estimator=RandomForestClassifier(random_state=42)),,,,,20.0,sqrt,5.0,200.0,,,,,,,,,,,,,,,0.8477507307859522,0.8778108058964449,0.7950383271064568,0.8728044809170248,0.8886331685543247,0.8564075026520406,0.0334860306251012,93.0,longitudinal,RandomForestClassifier,"{""model__estimator__class_weight"": null, ""model__estimator__max_depth"": 20, ""model__estimator__max_features"": ""sqrt"", ""model__estimator__min_samples_leaf"": 5, ""model__estimator__n_estimators"": 200}",,,,,,,,
2.298045778274536,0.0284749986326239,0.0636501789093017,0.0114750786899579,MultiOutputWrapper(estimator=RandomForestClassifier(random_state=42)),,,,,20.0,sqrt,5.0,500.0,,,,,,,,,,,,,,,0.8509632608094277,0.8753455660061176,0.8010276618760623,0.8690109603825898,0.8847624262144629,0.856221975057732,0.0297250517636955,97.0,longitudinal,RandomForestClassifier,"{""model__estimator__class_weight"": null, ""model__estimator__max_depth"": 20, ""model__estimator__max_features"": ""sqrt"", ""model__estimator__min_samples_leaf"": 5, ""model__estimator__n_estimators"": 500}",,,,,,,,
4.748114204406738,0.0834069585692151,0.1193030357360839,0.0039906788942441,MultiOutputWrapper(estimator=RandomForestClassifier(random_state=42)),,,,,20.0,sqrt,5.0,1000.0,,,,,,,,,,,,,,,0.857141305623773,0.8735207361055388,0.8009813011899243,0.8706153817525446,0.890119829797885,0.8584757108939332,0.0306021647535535,54.0,longitudinal,RandomForestClassifier,"{""model__estimator__class_weight"": null, ""model__estimator__max_depth"": 20, ""model__estimator__max_features"": ""sqrt"", ""model__estimator__min_samples_leaf"": 5, ""model__estimator__n_estimators"": 1000}",,,,,,,,
0.912361478805542,0.0303692027586304,0.0369589328765869,0.0046125448677309,MultiOutputWrapper(estimator=RandomForestClassifier(random_state=42)),,,,,20.0,sqrt,10.0,200.0,,,,,,,,,,,,,,,0.8366852594711031,0.8678648608384718,0.7999999431854337,0.8722095684698263,0.8849326283294745,0.8523384520588619,0.0306027871706248,183.0,longitudinal,RandomForestClassifier,"{""model__estimator__class_weight"": null, ""model__estimator__max_depth"": 20, ""model__estimator__max_features"": ""sqrt"", ""model__estimator__min_samples_leaf"": 10, ""model__estimator__n_estimators"": 200}",,,,,,,,
2.5142705917358397,0.1233325382117893,0.0686543464660644,0.0052782858729748,MultiOutputWrapper(estimator=RandomForestClassifier(random_state=42)),,,,,20.0,sqrt,10.0,500.0,,,,,,,,,,,,,,,0.8369816777502302,0.8711745052655216,0.7936703459779832,0.8706793948529001,0.888904011013078,0.8522819869719427,0.0337816175792866,186.0,longitudinal,RandomForestClassifier,"{""model__estimator__class_weight"": null, ""model__estimator__max_depth"": 20, ""model__estimator__max_features"": ""sqrt"", ""model__estimator__min_samples_leaf"": 10, ""model__estimator__n_estimators"": 500}",,,,,,,,
4.685543489456177,0.054203256483998,0.0875595092773437,0.0084963527310711,MultiOutputWrapper(estimator=RandomForestClassifier(random_state=42)),,,,,20.0,sqrt,10.0,1000.0,,,,,,,,,,,,,,,0.8425716931110134,0.8719320218769134,0.797967345259847,0.8701540780438788,0.8902132740963227,0.854567682477595,0.0321327438772926,127.0,longitudinal,RandomForestClassifier,"{""model__estimator__class_weight"": null, ""model__estimator__max_depth"": 20, ""model__estimator__max_features"": ""sqrt"", ""model__estimator__min_samples_leaf"": 10, ""model__estimator__n_estimators"": 1000}",,,,,,,,
1.006751251220703,0.0178990526226197,0.0354005336761474,0.003967396170067,MultiOutputWrapper(estimator=RandomForestClassifier(random_state=42)),,,,,20.0,log2,1.0,200.0,,,,,,,,,,,,,,,0.8502829699200632,0.8682030104776399,0.7986203718854255,0.875336161819163,0.8808719729678993,0.8546628974140382,0.0298582738844863,121.0,longitudinal,RandomForestClassifier,"{""model__estimator__class_weight"": null, ""model__estimator__max_depth"": 20, ""model__estimator__max_features"": ""log2"", ""model__estimator__min_samples_leaf"": 1, ""model__estimator__n_estimators"": 200}",,,,,,,,
2.3463746070861817,0.0674065993629409,0.0527550220489502,0.0048037007649687,MultiOutputWrapper(estimator=RandomForestClassifier(random_state=42)),,,,,20.0,log2,1.0,500.0,,,,,,,,,,,,,,,0.8645327946300324,0.8731419777998428,0.7926924536620396,0.8718383297046837,0.8825184072753061,0.856944792614381,0.0326316314555492,80.0,longitudinal,RandomForestClassifier,"{""model__estimator__class_weight"": null, ""model__estimator__max_depth"": 20, ""model__estimator__max_features"": ""log2"", ""model__estimator__min_samples_leaf"": 1, ""model__estimator__n_estimators"": 500}",,,,,,,,
3.954805517196655,0.035651593773641,0.0937275409698486,0.0034477423482782,MultiOutputWrapper(estimator=RandomForestClassifier(random_state=42)),,,,,20.0,log2,1.0,1000.0,,,,,,,,,,,,,,,0.862748811850778,0.8743726953163391,0.7899298453734761,0.8707843465639479,0.8871620465970005,0.8569995491403084,0.0344471255287697,79.0,longitudinal,RandomForestClassifier,"{""model__estimator__class_weight"": null, ""model__estimator__max_depth"": 20, ""model__estimator__max_features"": ""log2"", ""model__estimator__min_samples_leaf"": 1, ""model__estimator__n_estimators"": 1000}",,,,,,,,
0.789708137512207,0.0155612157720723,0.0343980312347412,0.0063837954863327,MultiOutputWrapper(estimator=RandomForestClassifier(random_state=42)),,,,,20.0,log2,5.0,200.0,,,,,,,,,,,,,,,0.8614715432982654,0.8596210051608881,0.7959421900424518,0.8707638772586017,0.8808149260580271,0.8537227083636469,0.0298590433280248,156.0,longitudinal,RandomForestClassifier,"{""model__estimator__class_weight"": null, ""model__estimator__max_depth"": 20, ""model__estimator__max_features"": ""log2"", ""model__estimator__min_samples_leaf"": 5, ""model__estimator__n_estimators"": 200}",,,,,,,,
1.7986727714538575,0.0387627191095239,0.0609681129455566,0.0041752474017071,MultiOutputWrapper(estimator=RandomForestClassifier(random_state=42)),,,,,20.0,log2,5.0,500.0,,,,,,,,,,,,,,,0.8591283736936032,0.8701487518571965,0.7909034197823774,0.8690087273674612,0.8870500385874892,0.8552478622576254,0.0334007244987311,113.0,longitudinal,RandomForestClassifier,"{""model__estimator__class_weight"": null, ""model__estimator__max_depth"": 20, ""model__estimator__max_features"": ""log2"", ""model__estimator__min_samples_leaf"": 5, ""model__estimator__n_estimators"": 500}",,,,,,,,
3.3652735233306883,0.079229155360071,0.1028039932250976,0.0059760692268296,MultiOutputWrapper(estimator=RandomForestClassifier(random_state=42)),,,,,20.0,log2,5.0,1000.0,,,,,,,,,,,,,,,0.852718400960528,0.871688333184018,0.7920705614188186,0.869050968570312,0.8867128673633272,0.8544482262994008,0.0330013145249243,135.0,longitudinal,RandomForestClassifier,"{""model__estimator__class_weight"": null, ""model__estimator__max_depth"": 20, ""model__estimator__max_features"": ""log2"", ""model__estimator__min_samples_leaf"": 5, ""model__estimator__n_estimators"": 1000}",,,,,,,,
0.7165115356445313,0.0140577601331299,0.0370331764221191,0.0043570514788502,MultiOutputWrapper(estimator=RandomForestClassifier(random_state=42)),,,,,20.0,log2,10.0,200.0,,,,,,,,,,,,,,,0.8409214981572455,0.871004497578468,0.7903939635659549,0.8754401831072405,0.8908326554450076,0.8537185595707832,0.0355580031340984,157.0,longitudinal,RandomForestClassifier,"{""model__estimator__class_weight"": null, ""model__estimator__max_depth"": 20, ""model__estimator__max_features"": ""log2"", ""model__estimator__min_samples_leaf"": 10, ""model__estimator__n_estimators"": 200}",,,,,,,,
1.5841612339019775,0.0303183978659199,0.0545186042785644,0.0054268125204766,MultiOutputWrapper(estimator=RandomForestClassifier(random_state=42)),,,,,20.0,log2,10.0,500.0,,,,,,,,,,,,,,,0.8384301194130198,0.8716108840145693,0.79764282045688,0.872390070526061,0.8897993450555868,0.8539746478932233,0.0327062094717158,149.0,longitudinal,RandomForestClassifier,"{""model__estimator__class_weight"": null, ""model__estimator__max_depth"": 20, ""model__estimator__max_features"": ""log2"", ""model__estimator__min_samples_leaf"": 10, ""model__estimator__n_estimators"": 500}",,,,,,,,
3.513613748550415,0.0368703451404291,0.093256139755249,0.0088969683027795,MultiOutputWrapper(estimator=RandomForestClassifier(random_state=42)),,,,,20.0,log2,10.0,1000.0,,,,,,,,,,,,,,,0.8375450056805318,0.8719528018173442,0.8005950189533393,0.8718053927315357,0.8904082973531068,0.8544613033071714,0.0318957491039517,132.0,longitudinal,RandomForestClassifier,"{""model__estimator__class_weight"": null, ""model__estimator__max_depth"": 20, ""model__estimator__max_features"": ""log2"", ""model__estimator__min_samples_leaf"": 10, ""model__estimator__n_estimators"": 1000}",,,,,,,,
5.280910634994507,0.100107853671943,0.0314256191253662,0.0027242368536174,MultiOutputWrapper(estimator=RandomForestClassifier(random_state=42)),,,,,20.0,0.5,1.0,200.0,,,,,,,,,,,,,,,0.8534171817158126,0.8730513400577695,0.7453690446971557,0.8865531550642922,0.8844610787810525,0.8485703600632165,0.0529228834457977,260.0,longitudinal,RandomForestClassifier,"{""model__estimator__class_weight"": null, ""model__estimator__max_depth"": 20, ""model__estimator__max_features"": 0.5, ""model__estimator__min_samples_leaf"": 1, ""model__estimator__n_estimators"": 200}",,,,,,,,
12.064259004592897,0.2120090423311839,0.054570198059082,0.0066838230429825,MultiOutputWrapper(estimator=RandomForestClassifier(random_state=42)),,,,,20.0,0.5,1.0,500.0,,,,,,,,,,,,,,,0.8592638265185866,0.8711188239445655,0.762363304153372,0.8790768343288857,0.8878000959472707,0.8519245769785361,0.0457554438967937,193.0,longitudinal,RandomForestClassifier,"{""model__estimator__class_weight"": null, ""model__estimator__max_depth"": 20, ""model__estimator__max_features"": 0.5, ""model__estimator__min_samples_leaf"": 1, ""model__estimator__n_estimators"": 500}",,,,,,,,
23.85182309150696,0.6943272950671324,0.0842055797576904,0.0098613839138633,MultiOutputWrapper(estimator=RandomForestClassifier(random_state=42)),,,,,20.0,0.5,1.0,1000.0,,,,,,,,,,,,,,,0.864307005815592,0.8729597144076342,0.7780596348414193,0.8749236122741397,0.8942151617545835,0.8568930258186738,0.0406099815152101,83.0,longitudinal,RandomForestClassifier,"{""model__estimator__class_weight"": null, ""model__estimator__max_depth"": 20, ""model__estimator__max_features"": 0.5, ""model__estimator__min_samples_leaf"": 1, ""model__estimator__n_estimators"": 1000}",,,,,,,,
3.674270009994507,0.0738297721691464,0.0361230850219726,0.0101369860917085,MultiOutputWrapper(estimator=RandomForestClassifier(random_state=42)),,,,,20.0,0.5,5.0,200.0,,,,,,,,,,,,,,,0.8500057075066548,0.8779657409290705,0.7952814650431337,0.8790232419657975,0.8966142085393071,0.8597780727967927,0.0355341532612433,37.0,longitudinal,RandomForestClassifier,"{""model__estimator__class_weight"": null, ""model__estimator__max_depth"": 20, ""model__estimator__max_features"": 0.5, ""model__estimator__min_samples_leaf"": 5, ""model__estimator__n_estimators"": 200}",,,,,,,,
9.2469660282135,0.0623033429918034,0.0521329879760742,0.0040027731306387,MultiOutputWrapper(estimator=RandomForestClassifier(random_state=42)),,,,,20.0,0.5,5.0,500.0,,,,,,,,,,,,,,,0.8526545765999296,0.883972972754794,0.7963981837519429,0.8747877705204785,0.8965198256262645,0.8608666658506818,0.0352773864392911,25.0,longitudinal,RandomForestClassifier,"{""model__estimator__class_weight"": null, ""model__estimator__max_depth"": 20, ""model__estimator__max_features"": 0.5, ""model__estimator__min_samples_leaf"": 5, ""model__estimator__n_estimators"": 500}",,,,,,,,
19.284597396850582,0.2284817238056033,0.0900847911834716,0.0046578070329329,MultiOutputWrapper(estimator=RandomForestClassifier(random_state=42)),,,,,20.0,0.5,5.0,1000.0,,,,,,,,,,,,,,,0.8524816659371053,0.8850780777612355,0.8108732285218212,0.8735441671783992,0.8991756877959243,0.864230565438897,0.0307491969531734,12.0,longitudinal,RandomForestClassifier,"{""model__estimator__class_weight"": null, ""model__estimator__max_depth"": 20, ""model__estimator__max_features"": 0.5, ""model__estimator__min_samples_leaf"": 5, ""model__estimator__n_estimators"": 1000}",,,,,,,,
3.200497007369995,0.0806715228040129,0.0332663059234619,0.0028484772671563,MultiOutputWrapper(estimator=RandomForestClassifier(random_state=42)),,,,,20.0,0.5,10.0,200.0,,,,,,,,,,,,,,,0.825707648040314,0.8719755208801707,0.8256188242566382,0.8745114348983047,0.8921148029952234,0.8579856462141302,0.0272877186922278,61.0,longitudinal,RandomForestClassifier,"{""model__estimator__class_weight"": null, ""model__estimator__max_depth"": 20, ""model__estimator__max_features"": 0.5, ""model__estimator__min_samples_leaf"": 10, ""model__estimator__n_estimators"": 200}",,,,,,,,
8.468688726425171,0.1459084835544269,0.0562498092651367,0.0046459598427558,MultiOutputWrapper(estimator=RandomForestClassifier(random_state=42)),,,,,20.0,0.5,10.0,500.0,,,,,,,,,,,,,,,0.8240176642494098,0.8730069448807705,0.8227052028507277,0.871025140028657,0.8963050914627788,0.8574120086944689,0.0291922451325336,72.0,longitudinal,RandomForestClassifier,"{""model__estimator__class_weight"": null, ""model__estimator__max_depth"": 20, ""model__estimator__max_features"": 0.5, ""model__estimator__min_samples_leaf"": 10, ""model__estimator__n_estimators"": 500}",,,,,,,,
16.058570194244385,0.1708107428943539,0.0836879730224609,0.0076078432057042,MultiOutputWrapper(estimator=RandomForestClassifier(random_state=42)),,,,,20.0,0.5,10.0,1000.0,,,,,,,,,,,,,,,0.8293503841684033,0.8734527623856997,0.8201238898433736,0.8718290254749809,0.8959284984252132,0.858136912059534,0.0287190086425792,59.0,longitudinal,RandomForestClassifier,"{""model__estimator__class_weight"": null, ""model__estimator__max_depth"": 20, ""model__estimator__max_features"": 0.5, ""model__estimator__min_samples_leaf"": 10, ""model__estimator__n_estimators"": 1000}",,,,,,,,
1.05732159614563,0.1164387046524121,0.0381136894226074,0.0152142261227571,MultiOutputWrapper(estimator=RandomForestClassifier(random_state=42)),,balanced,,,,sqrt,1.0,200.0,,,,,,,,,,,,,,,0.8071052151318875,0.8680991474692138,0.8096484769151053,0.8514627179515808,0.8416116012765158,0.8355854317488607,0.0237882030043508,440.0,longitudinal,RandomForestClassifier,"{""model__estimator__class_weight"": ""balanced"", ""model__estimator__max_depth"": null, ""model__estimator__max_features"": ""sqrt"", ""model__estimator__min_samples_leaf"": 1, ""model__estimator__n_estimators"": 200}",,,,,,,,
2.4360437393188477,0.1123316105250463,0.0545787334442138,0.0045412117117358,MultiOutputWrapper(estimator=RandomForestClassifier(random_state=42)),,balanced,,,,sqrt,1.0,500.0,,,,,,,,,,,,,,,0.8278700303253148,0.8705162056720712,0.8104518348832346,0.8597920504661418,0.86091754792149,0.8459095338536505,0.0228303532848771,321.0,longitudinal,RandomForestClassifier,"{""model__estimator__class_weight"": ""balanced"", ""model__estimator__max_depth"": null, ""model__estimator__max_features"": ""sqrt"", ""model__estimator__min_samples_leaf"": 1, ""model__estimator__n_estimators"": 500}",,,,,,,,
4.35801067352295,0.0695739803308441,0.095646047592163,0.0057539696316319,MultiOutputWrapper(estimator=RandomForestClassifier(random_state=42)),,balanced,,,,sqrt,1.0,1000.0,,,,,,,,,,,,,,,0.8311985243081554,0.8696614111651336,0.8065027964129555,0.8595099462215523,0.8524400329558017,0.8438625422127197,0.0225394063568552,355.0,longitudinal,RandomForestClassifier,"{""model__estimator__class_weight"": ""balanced"", ""model__estimator__max_depth"": null, ""model__estimator__max_features"": ""sqrt"", ""model__estimator__min_samples_leaf"": 1, ""model__estimator__n_estimators"": 1000}",,,,,,,,
0.8615981578826905,0.021989452787504,0.0333049297332763,0.0044602525820528,MultiOutputWrapper(estimator=RandomForestClassifier(random_state=42)),,balanced,,,,sqrt,5.0,200.0,,,,,,,,,,,,,,,0.8486008627859962,0.8560318194460839,0.8048529298135572,0.8615975362399746,0.8570976993513129,0.8456361695273849,0.0208147230495334,324.0,longitudinal,RandomForestClassifier,"{""model__estimator__class_weight"": ""balanced"", ""model__estimator__max_depth"": null, ""model__estimator__max_features"": ""sqrt"", ""model__estimator__min_samples_leaf"": 5, ""model__estimator__n_estimators"": 200}",,,,,,,,
1.9405970573425293,0.0390783953607856,0.0534479618072509,0.0043908818476474,MultiOutputWrapper(estimator=RandomForestClassifier(random_state=42)),,balanced,,,,sqrt,5.0,500.0,,,,,,,,,,,,,,,0.8389680798202619,0.8639658784458726,0.8098840869217412,0.861598652747539,0.8647364578770622,0.8478306311624955,0.0212329773525719,276.0,longitudinal,RandomForestClassifier,"{""model__estimator__class_weight"": ""balanced"", ""model__estimator__max_depth"": null, ""model__estimator__max_features"": ""sqrt"", ""model__estimator__min_samples_leaf"": 5, ""model__estimator__n_estimators"": 500}",,,,,,,,
3.788353967666626,0.0553910394979248,0.0836388111114501,0.0051638857250859,MultiOutputWrapper(estimator=RandomForestClassifier(random_state=42)),,balanced,,,,sqrt,5.0,1000.0,,,,,,,,,,,,,,,0.8488526851232945,0.8666105647791356,0.805942746825202,0.8623774167736653,0.8639044281751245,0.8495375683352844,0.0226439091353943,242.0,longitudinal,RandomForestClassifier,"{""model__estimator__class_weight"": ""balanced"", ""model__estimator__max_depth"": null, ""model__estimator__max_features"": ""sqrt"", ""model__estimator__min_samples_leaf"": 5, ""model__estimator__n_estimators"": 1000}",,,,,,,,
0.8017243385314942,0.0251394288882292,0.03180832862854,0.0050304943951769,MultiOutputWrapper(estimator=RandomForestClassifier(random_state=42)),,balanced,,,,sqrt,10.0,200.0,,,,,,,,,,,,,,,0.8307391425754881,0.8665009944847069,0.8041345096221149,0.8641601071847261,0.8713242809169222,0.8473718069567916,0.0259522764090569,289.0,longitudinal,RandomForestClassifier,"{""model__estimator__class_weight"": ""balanced"", ""model__estimator__max_depth"": null, ""model__estimator__max_features"": ""sqrt"", ""model__estimator__min_samples_leaf"": 10, ""model__estimator__n_estimators"": 200}",,,,,,,,
1.8169013023376464,0.0327269166229333,0.0459464073181152,0.0098181525964413,MultiOutputWrapper(estimator=RandomForestClassifier(random_state=42)),,balanced,,,,sqrt,10.0,500.0,,,,,,,,,,,,,,,0.8321381811917564,0.8641226425197097,0.8041810407519521,0.8639351309105119,0.8717486390088229,0.8472251268765507,0.0254816098291505,297.0,longitudinal,RandomForestClassifier,"{""model__estimator__class_weight"": ""balanced"", ""model__estimator__max_depth"": null, ""model__estimator__max_features"": ""sqrt"", ""model__estimator__min_samples_leaf"": 10, ""model__estimator__n_estimators"": 500}",,,,,,,,
3.488737726211548,0.049206246267105,0.0879603385925293,0.005755022896564,MultiOutputWrapper(estimator=RandomForestClassifier(random_state=42)),,balanced,,,,sqrt,10.0,1000.0,,,,,,,,,,,,,,,0.8365713660641849,0.8633084566793001,0.8030450334978683,0.8657576434247007,0.8674857643451598,0.8472336528022428,0.0248113038944954,294.0,longitudinal,RandomForestClassifier,"{""model__estimator__class_weight"": ""balanced"", ""model__estimator__max_depth"": null, ""model__estimator__max_features"": ""sqrt"", ""model__estimator__min_samples_leaf"": 10, ""model__estimator__n_estimators"": 1000}",,,,,,,,
0.7549489498138428,0.0246425821010861,0.0300042152404785,0.0057115522253422,MultiOutputWrapper(estimator=RandomForestClassifier(random_state=42)),,balanced,,,,log2,1.0,200.0,,,,,,,,,,,,,,,0.8152569782547344,0.8694592456593719,0.7898410157989946,0.8668366549433373,0.8506711615877187,0.8384130112488313,0.0310402160033718,405.0,longitudinal,RandomForestClassifier,"{""model__estimator__class_weight"": ""balanced"", ""model__estimator__max_depth"": null, ""model__estimator__max_features"": ""log2"", ""model__estimator__min_samples_leaf"": 1, ""model__estimator__n_estimators"": 200}",,,,,,,,
1.6239333152770996,0.0220483963054908,0.0531849384307861,0.0022844385541289,MultiOutputWrapper(estimator=RandomForestClassifier(random_state=42)),,balanced,,,,log2,1.0,500.0,,,,,,,,,,,,,,,0.8177113047140693,0.8782962808535684,0.7969935151853973,0.8560921304825173,0.8475728469223869,0.8393332156315878,0.0287298815447595,400.0,longitudinal,RandomForestClassifier,"{""model__estimator__class_weight"": ""balanced"", ""model__estimator__max_depth"": null, ""model__estimator__max_features"": ""log2"", ""model__estimator__min_samples_leaf"": 1, ""model__estimator__n_estimators"": 500}",,,,,,,,
3.1674382209777834,0.0727473554676582,0.0828279972076416,0.0225337580516275,MultiOutputWrapper(estimator=RandomForestClassifier(random_state=42)),,balanced,,,,log2,1.0,1000.0,,,,,,,,,,,,,,,0.8256163856042097,0.8722210753080057,0.7994509724381176,0.8600352630305736,0.8460830569634774,0.8406813506688767,0.0257891599179211,389.0,longitudinal,RandomForestClassifier,"{""model__estimator__class_weight"": ""balanced"", ""model__estimator__max_depth"": null, ""model__estimator__max_features"": ""log2"", ""model__estimator__min_samples_leaf"": 1, ""model__estimator__n_estimators"": 1000}",,,,,,,,
0.6616058826446534,0.0269468505054114,0.0273332595825195,0.0039637632681764,MultiOutputWrapper(estimator=RandomForestClassifier(random_state=42)),,balanced,,,,log2,5.0,200.0,,,,,,,,,,,,,,,0.8378023011223212,0.8758235046360268,0.8106801726253783,0.8628022479018962,0.8679349435788333,0.8510086339728911,0.023841808297311,211.0,longitudinal,RandomForestClassifier,"{""model__estimator__class_weight"": ""balanced"", ""model__estimator__max_depth"": null, ""model__estimator__max_features"": ""log2"", ""model__estimator__min_samples_leaf"": 5, ""model__estimator__n_estimators"": 200}",,,,,,,,
1.4853857517242433,0.0336725867396787,0.0547039031982421,0.0052529234405695,MultiOutputWrapper(estimator=RandomForestClassifier(random_state=42)),,balanced,,,,log2,5.0,500.0,,,,,,,,,,,,,,,0.8466734779718705,0.8744596015885335,0.8105179102238947,0.8634269338841436,0.8679743653922367,0.8526104578121358,0.0229671991614125,178.0,longitudinal,RandomForestClassifier,"{""model__estimator__class_weight"": ""balanced"", ""model__estimator__max_depth"": null, ""model__estimator__max_features"": ""log2"", ""model__estimator__min_samples_leaf"": 5, ""model__estimator__n_estimators"": 500}",,,,,,,,
2.8838199615478515,0.0350639503929264,0.0883836269378662,0.006091116011861,MultiOutputWrapper(estimator=RandomForestClassifier(random_state=42)),,balanced,,,,log2,5.0,1000.0,,,,,,,,,,,,,,,0.8413901610993981,0.8739495418336443,0.8049613888207113,0.8639213606505517,0.8691871597522056,0.8506819224313021,0.02543938940935,218.0,longitudinal,RandomForestClassifier,"{""model__estimator__class_weight"": ""balanced"", ""model__estimator__max_depth"": null, ""model__estimator__max_features"": ""log2"", ""model__estimator__min_samples_leaf"": 5, ""model__estimator__n_estimators"": 1000}",,,,,,,,
0.644315767288208,0.0290179236453341,0.0316516399383544,0.0034401446127715,MultiOutputWrapper(estimator=RandomForestClassifier(random_state=42)),,balanced,,,,log2,10.0,200.0,,,,,,,,,,,,,,,0.8300667283429608,0.8680330027905863,0.8074119146963374,0.8624883231917229,0.868560582358217,0.8473121102759649,0.0244973435139602,292.0,longitudinal,RandomForestClassifier,"{""model__estimator__class_weight"": ""balanced"", ""model__estimator__max_depth"": null, ""model__estimator__max_features"": ""log2"", ""model__estimator__min_samples_leaf"": 10, ""model__estimator__n_estimators"": 200}",,,,,,,,
1.4070322513580322,0.0291732998461202,0.0553071975708007,0.0082365676196066,MultiOutputWrapper(estimator=RandomForestClassifier(random_state=42)),,balanced,,,,log2,10.0,500.0,,,,,,,,,,,,,,,0.8315350644243185,0.8702432128034691,0.8078058100848127,0.8606669271850983,0.8724707465114823,0.8485443522018361,0.0250567931101068,262.0,longitudinal,RandomForestClassifier,"{""model__estimator__class_weight"": ""balanced"", ""model__estimator__max_depth"": null, ""model__estimator__max_features"": ""log2"", ""model__estimator__min_samples_leaf"": 10, ""model__estimator__n_estimators"": 500}",,,,,,,,
2.651517057418823,0.0217667052101304,0.0819550991058349,0.0059416244734203,MultiOutputWrapper(estimator=RandomForestClassifier(random_state=42)),,balanced,,,,log2,10.0,1000.0,,,,,,,,,,,,,,,0.8344607903780517,0.8641793117487276,0.8056573104438807,0.8658627812203428,0.868696472894896,0.8477713333371796,0.0244341776440175,278.0,longitudinal,RandomForestClassifier,"{""model__estimator__class_weight"": ""balanced"", ""model__estimator__max_depth"": null, ""model__estimator__max_features"": ""log2"", ""model__estimator__min_samples_leaf"": 10, ""model__estimator__n_estimators"": 1000}",,,,,,,,
3.20363073348999,0.0842266334042044,0.0338600158691406,0.0053508728668228,MultiOutputWrapper(estimator=RandomForestClassifier(random_state=42)),,balanced,,,,0.5,1.0,200.0,,,,,,,,,,,,,,,0.773462175769253,0.8550703082877188,0.7937127296444771,0.8488053369061576,0.8374332540725444,0.8216967609360302,0.0322675905011106,565.0,longitudinal,RandomForestClassifier,"{""model__estimator__class_weight"": ""balanced"", ""model__estimator__max_depth"": null, ""model__estimator__max_features"": 0.5, ""model__estimator__min_samples_leaf"": 1, ""model__estimator__n_estimators"": 200}",,,,,,,,
7.640522289276123,0.1828989876018104,0.0525427341461181,0.0037727762351243,MultiOutputWrapper(estimator=RandomForestClassifier(random_state=42)),,balanced,,,,0.5,1.0,500.0,,,,,,,,,,,,,,,0.7910027761773731,0.859118573467533,0.8022255117856136,0.8538846089432255,0.8392446759693802,0.8290952292686251,0.0275388544060755,485.0,longitudinal,RandomForestClassifier,"{""model__estimator__class_weight"": ""balanced"", ""model__estimator__max_depth"": null, ""model__estimator__max_features"": 0.5, ""model__estimator__min_samples_leaf"": 1, ""model__estimator__n_estimators"": 500}",,,,,,,,
15.17106499671936,0.261006489473869,0.0793885707855224,0.0041548417334469,MultiOutputWrapper(estimator=RandomForestClassifier(random_state=42)),,balanced,,,,0.5,1.0,1000.0,,,,,,,,,,,,,,,0.7973790991776019,0.8607894562435479,0.7980752929359041,0.8522641842981818,0.8450113676657697,0.830703880064201,0.0273856113070453,473.0,longitudinal,RandomForestClassifier,"{""model__estimator__class_weight"": ""balanced"", ""model__estimator__max_depth"": null, ""model__estimator__max_features"": 0.5, ""model__estimator__min_samples_leaf"": 1, ""model__estimator__n_estimators"": 1000}",,,,,,,,
2.782446002960205,0.0508347399418264,0.0300567150115966,0.0059520285494525,MultiOutputWrapper(estimator=RandomForestClassifier(random_state=42)),,balanced,,,,0.5,5.0,200.0,,,,,,,,,,,,,,,0.8021818078992413,0.8667239399308994,0.7947132909723926,0.8638491598280578,0.8525048495087916,0.8359946096278765,0.0311133687000544,435.0,longitudinal,RandomForestClassifier,"{""model__estimator__class_weight"": ""balanced"", ""model__estimator__max_depth"": null, ""model__estimator__max_features"": 0.5, ""model__estimator__min_samples_leaf"": 5, ""model__estimator__n_estimators"": 200}",,,,,,,,
6.642603349685669,0.138465859460247,0.050234031677246,0.003351809638795,MultiOutputWrapper(estimator=RandomForestClassifier(random_state=42)),,balanced,,,,0.5,5.0,500.0,,,,,,,,,,,,,,,0.8241507860750976,0.8707381999039301,0.7961350754951957,0.8641243789426672,0.8515524685564106,0.8413401817946603,0.0276645291667363,377.0,longitudinal,RandomForestClassifier,"{""model__estimator__class_weight"": ""balanced"", ""model__estimator__max_depth"": null, ""model__estimator__max_features"": 0.5, ""model__estimator__min_samples_leaf"": 5, ""model__estimator__n_estimators"": 500}",,,,,,,,
13.275391387939454,0.2622022324630443,0.0859556674957275,0.0030972270662114,MultiOutputWrapper(estimator=RandomForestClassifier(random_state=42)),,balanced,,,,0.5,5.0,1000.0,,,,,,,,,,,,,,,0.828352043028796,0.8691154988153853,0.80164540665594,0.8647855375053499,0.8533565901174311,0.8434510152245804,0.0252493003548719,358.0,longitudinal,RandomForestClassifier,"{""model__estimator__class_weight"": ""balanced"", ""model__estimator__max_depth"": null, ""model__estimator__max_features"": 0.5, ""model__estimator__min_samples_leaf"": 5, ""model__estimator__n_estimators"": 1000}",,,,,,,,
2.445399284362793,0.0651912480148872,0.0320287704467773,0.001819479302052,MultiOutputWrapper(estimator=RandomForestClassifier(random_state=42)),,balanced,,,,0.5,10.0,200.0,,,,,,,,,,,,,,,0.8273084399475609,0.8620976229294929,0.8108344809875734,0.8665602262788663,0.855525937050247,0.8444653414387482,0.0216647737371648,347.0,longitudinal,RandomForestClassifier,"{""model__estimator__class_weight"": ""balanced"", ""model__estimator__max_depth"": null, ""model__estimator__max_features"": 0.5, ""model__estimator__min_samples_leaf"": 10, ""model__estimator__n_estimators"": 200}",,,,,,,,
5.992630195617676,0.1025406779981504,0.0515768527984619,0.0039121947418093,MultiOutputWrapper(estimator=RandomForestClassifier(random_state=42)),,balanced,,,,0.5,10.0,500.0,,,,,,,,,,,,,,,0.8255690531101353,0.8617084746535815,0.8120168489277955,0.8645720984759672,0.8604237323488308,0.8448580415032619,0.0217507741204092,336.0,longitudinal,RandomForestClassifier,"{""model__estimator__class_weight"": ""balanced"", ""model__estimator__max_depth"": null, ""model__estimator__max_features"": 0.5, ""model__estimator__min_samples_leaf"": 10, ""model__estimator__n_estimators"": 500}",,,,,,,,
12.214985704421997,0.206886032583339,0.0799322128295898,0.0053495523130151,MultiOutputWrapper(estimator=RandomForestClassifier(random_state=42)),,balanced,,,,0.5,10.0,1000.0,,,,,,,,,,,,,,,0.8300468339243925,0.8614591153684114,0.8155257165453107,0.8655175942983679,0.8649491062303151,0.8474996732733595,0.020740924388155,285.0,longitudinal,RandomForestClassifier,"{""model__estimator__class_weight"": ""balanced"", ""model__estimator__max_depth"": null, ""model__estimator__max_features"": 0.5, ""model__estimator__min_samples_leaf"": 10, ""model__estimator__n_estimators"": 1000}",,,,,,,,
0.7416568279266358,0.0716301166055267,0.0318611145019531,0.0023891938607045,MultiOutputWrapper(estimator=RandomForestClassifier(random_state=42)),,balanced,,,5.0,sqrt,1.0,200.0,,,,,,,,,,,,,,,0.8144933015861027,0.8778051353041704,0.805920248256929,0.866901877593554,0.8461349936382787,0.8422511112758068,0.0282037623494931,371.0,longitudinal,RandomForestClassifier,"{""model__estimator__class_weight"": ""balanced"", ""model__estimator__max_depth"": 5, ""model__estimator__max_features"": ""sqrt"", ""model__estimator__min_samples_leaf"": 1, ""model__estimator__n_estimators"": 200}",,,,,,,,
1.716675329208374,0.0311536224770926,0.0470284938812255,0.0083146944201389,MultiOutputWrapper(estimator=RandomForestClassifier(random_state=42)),,balanced,,,5.0,sqrt,1.0,500.0,,,,,,,,,,,,,,,0.8250750226449233,0.8742876914728123,0.8035089812466478,0.8627406539012634,0.8314093819744279,0.8394043462480149,0.0257649266492217,398.0,longitudinal,RandomForestClassifier,"{""model__estimator__class_weight"": ""balanced"", ""model__estimator__max_depth"": 5, ""model__estimator__max_features"": ""sqrt"", ""model__estimator__min_samples_leaf"": 1, ""model__estimator__n_estimators"": 500}",,,,,,,,
3.204058122634888,0.0745223871721762,0.0851915836334228,0.0127269052645834,MultiOutputWrapper(estimator=RandomForestClassifier(random_state=42)),,balanced,,,5.0,sqrt,1.0,1000.0,,,,,,,,,,,,,,,0.8269777059357882,0.8731108078891966,0.8021332165225848,0.8622404585124397,0.8337695805435621,0.8396463538807142,0.0254268748620581,397.0,longitudinal,RandomForestClassifier,"{""model__estimator__class_weight"": ""balanced"", ""model__estimator__max_depth"": 5, ""model__estimator__max_features"": ""sqrt"", ""model__estimator__min_samples_leaf"": 1, ""model__estimator__n_estimators"": 1000}",,,,,,,,
0.724684190750122,0.0184702644040246,0.033476972579956,0.0049440031561599,MultiOutputWrapper(estimator=RandomForestClassifier(random_state=42)),,balanced,,,5.0,sqrt,5.0,200.0,,,,,,,,,,,,,,,0.8445382007624767,0.8699674029855936,0.8112140022907632,0.8675379147360389,0.8555581628183467,0.8497631367186438,0.0213123117344626,240.0,longitudinal,RandomForestClassifier,"{""model__estimator__class_weight"": ""balanced"", ""model__estimator__max_depth"": 5, ""model__estimator__max_features"": ""sqrt"", ""model__estimator__min_samples_leaf"": 5, ""model__estimator__n_estimators"": 200}",,,,,,,,
1.6025628566741943,0.0295214439837402,0.0475541591644287,0.0030548361645268,MultiOutputWrapper(estimator=RandomForestClassifier(random_state=42)),,balanced,,,5.0,sqrt,5.0,500.0,,,,,,,,,,,,,,,0.8368231884014832,0.8700656320954732,0.801878232748825,0.865280336440946,0.8516479986650813,0.8451390776703617,0.0245357868858721,332.0,longitudinal,RandomForestClassifier,"{""model__estimator__class_weight"": ""balanced"", ""model__estimator__max_depth"": 5, ""model__estimator__max_features"": ""sqrt"", ""model__estimator__min_samples_leaf"": 5, ""model__estimator__n_estimators"": 500}",,,,,,,,
3.0468671798706053,0.0111075677295411,0.0788874626159668,0.0070450042894333,MultiOutputWrapper(estimator=RandomForestClassifier(random_state=42)),,balanced,,,5.0,sqrt,5.0,1000.0,,,,,,,,,,,,,,,0.8397043184133874,0.8691059866720476,0.8047221426818292,0.8643461917787826,0.8524250672673799,0.8460607413626853,0.0230444332805849,312.0,longitudinal,RandomForestClassifier,"{""model__estimator__class_weight"": ""balanced"", ""model__estimator__max_depth"": 5, ""model__estimator__max_features"": ""sqrt"", ""model__estimator__min_samples_leaf"": 5, ""model__estimator__n_estimators"": 1000}",,,,,,,,
0.7065836429595947,0.0142430370998199,0.0283185482025146,0.0030013700478421,MultiOutputWrapper(estimator=RandomForestClassifier(random_state=42)),,balanced,,,5.0,sqrt,10.0,200.0,,,,,,,,,,,,,,,0.834574017785171,0.8625528424965757,0.7943122937631242,0.8688077560058802,0.8681445675072481,0.8456782955115999,0.0285875034780484,323.0,longitudinal,RandomForestClassifier,"{""model__estimator__class_weight"": ""balanced"", ""model__estimator__max_depth"": 5, ""model__estimator__max_features"": ""sqrt"", ""model__estimator__min_samples_leaf"": 10, ""model__estimator__n_estimators"": 200}",,,,,,,,
1.5710387229919434,0.0343674313504555,0.0474810600280761,0.0034882842455117,MultiOutputWrapper(estimator=RandomForestClassifier(random_state=42)),,balanced,,,5.0,sqrt,10.0,500.0,,,,,,,,,,,,,,,0.8329828400873092,0.8652938555110508,0.8005258188115301,0.8666849029568842,0.8645321527647414,0.8460039140263031,0.0260034854866384,314.0,longitudinal,RandomForestClassifier,"{""model__estimator__class_weight"": ""balanced"", ""model__estimator__max_depth"": 5, ""model__estimator__max_features"": ""sqrt"", ""model__estimator__min_samples_leaf"": 10, ""model__estimator__n_estimators"": 500}",,,,,,,,
3.058915376663208,0.0276900698836811,0.0787910461425781,0.0091988115579395,MultiOutputWrapper(estimator=RandomForestClassifier(random_state=42)),,balanced,,,5.0,sqrt,10.0,1000.0,,,,,,,,,,,,,,,0.8340847944246514,0.8662005998690655,0.8022415050860399,0.8650564766742961,0.8623669774523912,0.8459900707012888,0.0248832031592324,315.0,longitudinal,RandomForestClassifier,"{""model__estimator__class_weight"": ""balanced"", ""model__estimator__max_depth"": 5, ""model__estimator__max_features"": ""sqrt"", ""model__estimator__min_samples_leaf"": 10, ""model__estimator__n_estimators"": 1000}",,,,,,,,
0.5923972606658936,0.0260491883361655,0.030633544921875,0.0029705507478917,MultiOutputWrapper(estimator=RandomForestClassifier(random_state=42)),,balanced,,,5.0,log2,1.0,200.0,,,,,,,,,,,,,,,0.8273042988426671,0.8596039933840642,0.7942119592389575,0.8626595210182549,0.8380823060717935,0.8363724157111475,0.0248731850197315,430.0,longitudinal,RandomForestClassifier,"{""model__estimator__class_weight"": ""balanced"", ""model__estimator__max_depth"": 5, ""model__estimator__max_features"": ""log2"", ""model__estimator__min_samples_leaf"": 1, ""model__estimator__n_estimators"": 200}",,,,,,,,
1.3067262172698977,0.0183397642832067,0.0514076709747314,0.0037975189692811,MultiOutputWrapper(estimator=RandomForestClassifier(random_state=42)),,balanced,,,5.0,log2,1.0,500.0,,,,,,,,,,,,,,,0.8234886520517537,0.8625339282910844,0.7992739098421009,0.8598343847112897,0.8333816198402269,0.8357024989472912,0.0235961020135516,438.0,longitudinal,RandomForestClassifier,"{""model__estimator__class_weight"": ""balanced"", ""model__estimator__max_depth"": 5, ""model__estimator__max_features"": ""log2"", ""model__estimator__min_samples_leaf"": 1, ""model__estimator__n_estimators"": 500}",,,,,,,,
2.4146020889282225,0.0938046522584647,0.0773223876953125,0.0106999417752201,MultiOutputWrapper(estimator=RandomForestClassifier(random_state=42)),,balanced,,,5.0,log2,1.0,1000.0,,,,,,,,,,,,,,,0.8269481973078353,0.8629136378111142,0.8042277423254883,0.8616386609352611,0.8372699872765575,0.8385996451312513,0.0220948791267795,404.0,longitudinal,RandomForestClassifier,"{""model__estimator__class_weight"": ""balanced"", ""model__estimator__max_depth"": 5, ""model__estimator__max_features"": ""log2"", ""model__estimator__min_samples_leaf"": 1, ""model__estimator__n_estimators"": 1000}",,,,,,,,
0.5963000774383544,0.0160389791269637,0.0331231594085693,0.0058704737747768,MultiOutputWrapper(estimator=RandomForestClassifier(random_state=42)),,balanced,,,5.0,log2,5.0,200.0,,,,,,,,,,,,,,,0.8290340714707078,0.8675286136279714,0.8045290867853863,0.8598652747539031,0.8587130550862482,0.8439340203448434,0.023679893717697,354.0,longitudinal,RandomForestClassifier,"{""model__estimator__class_weight"": ""balanced"", ""model__estimator__max_depth"": 5, ""model__estimator__max_features"": ""log2"", ""model__estimator__min_samples_leaf"": 5, ""model__estimator__n_estimators"": 200}",,,,,,,,
1.3015674114227296,0.0453726139010477,0.053619909286499,0.0050862913708592,MultiOutputWrapper(estimator=RandomForestClassifier(random_state=42)),,balanced,,,5.0,log2,5.0,500.0,,,,,,,,,,,,,,,0.836853363029235,0.8679442124365883,0.812798390102448,0.8621308546865405,0.8533224871201218,0.8466098614749866,0.0198973363170831,306.0,longitudinal,RandomForestClassifier,"{""model__estimator__class_weight"": ""balanced"", ""model__estimator__max_depth"": 5, ""model__estimator__max_features"": ""log2"", ""model__estimator__min_samples_leaf"": 5, ""model__estimator__n_estimators"": 500}",,,,,,,,
2.4356095790863037,0.0244468601364062,0.084465742111206,0.0033604488742782,MultiOutputWrapper(estimator=RandomForestClassifier(random_state=42)),,balanced,,,5.0,log2,5.0,1000.0,,,,,,,,,,,,,,,0.8340607589011896,0.8655734334925332,0.7980218304289726,0.8627075308435215,0.8508813591139477,0.842248982556033,0.0247393941981214,372.0,longitudinal,RandomForestClassifier,"{""model__estimator__class_weight"": ""balanced"", ""model__estimator__max_depth"": 5, ""model__estimator__max_features"": ""log2"", ""model__estimator__min_samples_leaf"": 5, ""model__estimator__n_estimators"": 1000}",,,,,,,,
0.5767575740814209,0.0101572965010218,0.0299244880676269,0.002874075475204,MultiOutputWrapper(estimator=RandomForestClassifier(random_state=42)),,balanced,,,5.0,log2,10.0,200.0,,,,,,,,,,,,,,,0.8408762362156179,0.8627776169839799,0.8042588767078458,0.8604008262155975,0.8615256658949169,0.8459678444035916,0.022353915486691,317.0,longitudinal,RandomForestClassifier,"{""model__estimator__class_weight"": ""balanced"", ""model__estimator__max_depth"": 5, ""model__estimator__max_features"": ""log2"", ""model__estimator__min_samples_leaf"": 10, ""model__estimator__n_estimators"": 200}",,,,,,,,
1.2709990978240966,0.0236868481645826,0.0548535823822021,0.002246563725162,MultiOutputWrapper(estimator=RandomForestClassifier(random_state=42)),,balanced,,,5.0,log2,10.0,500.0,,,,,,,,,,,,,,,0.833354028936017,0.8701846411457836,0.8055337955766451,0.8630329927985263,0.8655499238679265,0.8475310764649798,0.0246695461780004,283.0,longitudinal,RandomForestClassifier,"{""model__estimator__class_weight"": ""balanced"", ""model__estimator__max_depth"": 5, ""model__estimator__max_features"": ""log2"", ""model__estimator__min_samples_leaf"": 10, ""model__estimator__n_estimators"": 500}",,,,,,,,
2.388294553756714,0.0251327542305736,0.0830230712890625,0.0050258367359483,MultiOutputWrapper(estimator=RandomForestClassifier(random_state=42)),,balanced,,,5.0,log2,10.0,1000.0,,,,,,,,,,,,,,,0.8308235273544534,0.8705001084158532,0.7980373976201514,0.8642114665326858,0.8618762905950816,0.8450897581036451,0.0272417447171735,333.0,longitudinal,RandomForestClassifier,"{""model__estimator__class_weight"": ""balanced"", ""model__estimator__max_depth"": 5, ""model__estimator__max_features"": ""log2"", ""model__estimator__min_samples_leaf"": 10, ""model__estimator__n_estimators"": 1000}",,,,,,,,
2.192873239517212,0.0196360435356508,0.0291662216186523,0.0008463856468737,MultiOutputWrapper(estimator=RandomForestClassifier(random_state=42)),,balanced,,,5.0,0.5,1.0,200.0,,,,,,,,,,,,,,,0.8148137553886918,0.8635276706556135,0.7990757690419701,0.863137851467277,0.8361940220678723,0.8353498137242849,0.0257076461783385,444.0,longitudinal,RandomForestClassifier,"{""model__estimator__class_weight"": ""balanced"", ""model__estimator__max_depth"": 5, ""model__estimator__max_features"": 0.5, ""model__estimator__min_samples_leaf"": 1, ""model__estimator__n_estimators"": 200}",,,,,,,,
5.20098991394043,0.0605584394240497,0.0475587844848632,0.0023016891692837,MultiOutputWrapper(estimator=RandomForestClassifier(random_state=42)),,balanced,,,5.0,0.5,1.0,500.0,,,,,,,,,,,,,,,0.8222076479472975,0.8667466222999978,0.8018773805303299,0.8623715551089524,0.8351825083953861,0.8376771428563927,0.0244213025371731,415.0,longitudinal,RandomForestClassifier,"{""model__estimator__class_weight"": ""balanced"", ""model__estimator__max_depth"": 5, ""model__estimator__max_features"": 0.5, ""model__estimator__min_samples_leaf"": 1, ""model__estimator__n_estimators"": 500}",,,,,,,,
10.372744607925416,0.1624363044277473,0.0772753715515136,0.0035714742546654,MultiOutputWrapper(estimator=RandomForestClassifier(random_state=42)),,balanced,,,5.0,0.5,1.0,1000.0,,,,,,,,,,,,,,,0.8249508490288215,0.8666219426574127,0.7990102902542565,0.8629276689182902,0.8368486536094946,0.8380718808936551,0.0250295099852418,408.0,longitudinal,RandomForestClassifier,"{""model__estimator__class_weight"": ""balanced"", ""model__estimator__max_depth"": 5, ""model__estimator__max_features"": 0.5, ""model__estimator__min_samples_leaf"": 1, ""model__estimator__n_estimators"": 1000}",,,,,,,,
2.1058789253234864,0.0435185500046571,0.0312262058258056,0.0020178004398581,MultiOutputWrapper(estimator=RandomForestClassifier(random_state=42)),,balanced,,,5.0,0.5,5.0,200.0,,,,,,,,,,,,,,,0.8285489892150819,0.8673945686169608,0.8028436826747388,0.8636984313068721,0.8481744988840915,0.8421320341395491,0.0239494892865494,373.0,longitudinal,RandomForestClassifier,"{""model__estimator__class_weight"": ""balanced"", ""model__estimator__max_depth"": 5, ""model__estimator__max_features"": 0.5, ""model__estimator__min_samples_leaf"": 5, ""model__estimator__n_estimators"": 200}",,,,,,,,
5.108727836608887,0.0708281968447652,0.0517368793487548,0.0032401381891951,MultiOutputWrapper(estimator=RandomForestClassifier(random_state=42)),,balanced,,,5.0,0.5,5.0,500.0,,,,,,,,,,,,,,,0.8311186136339832,0.8700959241792416,0.8040644572618105,0.8639736504214816,0.8517454060029619,0.8441996102998959,0.0240853222989613,349.0,longitudinal,RandomForestClassifier,"{""model__estimator__class_weight"": ""balanced"", ""model__estimator__max_depth"": 5, ""model__estimator__max_features"": 0.5, ""model__estimator__min_samples_leaf"": 5, ""model__estimator__n_estimators"": 500}",,,,,,,,
10.293837642669676,0.1125149145675292,0.0837976455688476,0.0088107633970038,MultiOutputWrapper(estimator=RandomForestClassifier(random_state=42)),,balanced,,,5.0,0.5,5.0,1000.0,,,,,,,,,,,,,,,0.8307233892618137,0.8709308899600823,0.8055405565100402,0.8634894583077466,0.8529779112696325,0.8447324410618631,0.0238261601885073,340.0,longitudinal,RandomForestClassifier,"{""model__estimator__class_weight"": ""balanced"", ""model__estimator__max_depth"": 5, ""model__estimator__max_features"": 0.5, ""model__estimator__min_samples_leaf"": 5, ""model__estimator__n_estimators"": 1000}",,,,,,,,
2.0788971900939943,0.0333400000329462,0.030815839767456,0.0039102133833132,MultiOutputWrapper(estimator=RandomForestClassifier(random_state=42)),,balanced,,,5.0,0.5,10.0,200.0,,,,,,,,,,,,,,,0.8297737851689286,0.8631857161591105,0.8146057750870399,0.864733061649826,0.8518543895876352,0.8448305455305081,0.0196091794982351,338.0,longitudinal,RandomForestClassifier,"{""model__estimator__class_weight"": ""balanced"", ""model__estimator__max_depth"": 5, ""model__estimator__max_features"": 0.5, ""model__estimator__min_samples_leaf"": 10, ""model__estimator__n_estimators"": 200}",,,,,,,,
5.058595800399781,0.0699464122624876,0.04403657913208,0.0020452122514506,MultiOutputWrapper(estimator=RandomForestClassifier(random_state=42)),,balanced,,,5.0,0.5,10.0,500.0,,,,,,,,,,,,,,,0.8261413292500228,0.8629628074066459,0.8129132691555991,0.863312491858799,0.8582606428467137,0.8447181081035561,0.0210649704497566,341.0,longitudinal,RandomForestClassifier,"{""model__estimator__class_weight"": ""balanced"", ""model__estimator__max_depth"": 5, ""model__estimator__max_features"": 0.5, ""model__estimator__min_samples_leaf"": 10, ""model__estimator__n_estimators"": 500}",,,,,,,,
10.662730407714845,0.0955812301468943,0.0964377403259277,0.0103166060770453,MultiOutputWrapper(estimator=RandomForestClassifier(random_state=42)),,balanced,,,5.0,0.5,10.0,1000.0,,,,,,,,,,,,,,,0.8289092318548075,0.8630818164569564,0.8176122883089258,0.8641392657101918,0.8634427340800533,0.8474370672821869,0.0200634050207942,288.0,longitudinal,RandomForestClassifier,"{""model__estimator__class_weight"": ""balanced"", ""model__estimator__max_depth"": 5, ""model__estimator__max_features"": 0.5, ""model__estimator__min_samples_leaf"": 10, ""model__estimator__n_estimators"": 1000}",,,,,,,,
0.9506633758544922,0.0555013118327139,0.045166015625,0.0123091651093816,MultiOutputWrapper(estimator=RandomForestClassifier(random_state=42)),,balanced,,,10.0,sqrt,1.0,200.0,,,,,,,,,,,,,,,0.8270360571918955,0.861988015941336,0.8123073702128045,0.8616853681683693,0.8440225893248232,0.8414078801678457,0.0194676356414319,376.0,longitudinal,RandomForestClassifier,"{""model__estimator__class_weight"": ""balanced"", ""model__estimator__max_depth"": 10, ""model__estimator__max_features"": ""sqrt"", ""model__estimator__min_samples_leaf"": 1, ""model__estimator__n_estimators"": 200}",,,,,,,,
2.4477032661437987,0.0608109666211337,0.0676720142364502,0.0125660721963273,MultiOutputWrapper(estimator=RandomForestClassifier(random_state=42)),,balanced,,,10.0,sqrt,1.0,500.0,,,,,,,,,,,,,,,0.839600039215854,0.8686960951494335,0.8075697739689291,0.8588351104412066,0.8555425192415993,0.8460487076034046,0.0213950572667196,313.0,longitudinal,RandomForestClassifier,"{""model__estimator__class_weight"": ""balanced"", ""model__estimator__max_depth"": 10, ""model__estimator__max_features"": ""sqrt"", ""model__estimator__min_samples_leaf"": 1, ""model__estimator__n_estimators"": 500}",,,,,,,,
3.9724377632141112,0.0711213876993884,0.0850351810455322,0.0038212188097452,MultiOutputWrapper(estimator=RandomForestClassifier(random_state=42)),,balanced,,,10.0,sqrt,1.0,1000.0,,,,,,,,,,,,,,,0.8370400290063376,0.868758434970726,0.8011977078731353,0.858460522153371,0.8508034541017457,0.8432520296210632,0.0234352465315371,363.0,longitudinal,RandomForestClassifier,"{""model__estimator__class_weight"": ""balanced"", ""model__estimator__max_depth"": 10, ""model__estimator__max_features"": ""sqrt"", ""model__estimator__min_samples_leaf"": 1, ""model__estimator__n_estimators"": 1000}",,,,,,,,
0.841066551208496,0.0276043302779865,0.0321342468261718,0.0042930552235724,MultiOutputWrapper(estimator=RandomForestClassifier(random_state=42)),,balanced,,,10.0,sqrt,5.0,200.0,,,,,,,,,,,,,,,0.849692536914155,0.8586292753062105,0.8042191065114037,0.8638642326801764,0.855946123521682,0.8464702549867255,0.0216135465295504,307.0,longitudinal,RandomForestClassifier,"{""model__estimator__class_weight"": ""balanced"", ""model__estimator__max_depth"": 10, ""model__estimator__max_features"": ""sqrt"", ""model__estimator__min_samples_leaf"": 5, ""model__estimator__n_estimators"": 200}",,,,,,,,
1.9755173683166505,0.0713810724976577,0.0537147998809814,0.0065891305135107,MultiOutputWrapper(estimator=RandomForestClassifier(random_state=42)),,balanced,,,10.0,sqrt,5.0,500.0,,,,,,,,,,,,,,,0.8414244768320436,0.8667087938890152,0.8072410164807693,0.8611395820540018,0.8629893832259141,0.8479006504963488,0.0221442185938573,275.0,longitudinal,RandomForestClassifier,"{""model__estimator__class_weight"": ""balanced"", ""model__estimator__max_depth"": 10, ""model__estimator__max_features"": ""sqrt"", ""model__estimator__min_samples_leaf"": 5, ""model__estimator__n_estimators"": 500}",,,,,,,,
3.76652307510376,0.0259235169090107,0.0886580944061279,0.0043725495507492,MultiOutputWrapper(estimator=RandomForestClassifier(random_state=42)),,balanced,,,10.0,sqrt,5.0,1000.0,,,,,,,,,,,,,,,0.8479236414487765,0.8666200035350172,0.805664412264674,0.8618178603993375,0.8622777047744197,0.848860724484445,0.0224948626918162,254.0,longitudinal,RandomForestClassifier,"{""model__estimator__class_weight"": ""balanced"", ""model__estimator__max_depth"": 10, ""model__estimator__max_features"": ""sqrt"", ""model__estimator__min_samples_leaf"": 5, ""model__estimator__n_estimators"": 1000}",,,,,,,,
0.8370148658752441,0.0195671548982314,0.0321840286254882,0.0047105612042814,MultiOutputWrapper(estimator=RandomForestClassifier(random_state=42)),,balanced,,,10.0,sqrt,10.0,200.0,,,,,,,,,,,,,,,0.8304180227731003,0.866854253472031,0.8042735916805294,0.8652472133832039,0.8714840539807687,0.8476554270579267,0.026172432405152,282.0,longitudinal,RandomForestClassifier,"{""model__estimator__class_weight"": ""balanced"", ""model__estimator__max_depth"": 10, ""model__estimator__max_features"": ""sqrt"", ""model__estimator__min_samples_leaf"": 10, ""model__estimator__n_estimators"": 200}",,,,,,,,
1.7594997882843018,0.0246645428048305,0.0481616497039794,0.0038239586955781,MultiOutputWrapper(estimator=RandomForestClassifier(random_state=42)),,balanced,,,10.0,sqrt,10.0,500.0,,,,,,,,,,,,,,,0.831668852249805,0.8641226425197097,0.8042737621242284,0.8632499674351959,0.871669795382016,0.8469970039421909,0.0254024431193802,302.0,longitudinal,RandomForestClassifier,"{""model__estimator__class_weight"": ""balanced"", ""model__estimator__max_depth"": 10, ""model__estimator__max_features"": ""sqrt"", ""model__estimator__min_samples_leaf"": 10, ""model__estimator__n_estimators"": 500}",,,,,,,,
3.4555392265319824,0.0392913500351105,0.0821534156799316,0.0048050500517707,MultiOutputWrapper(estimator=RandomForestClassifier(random_state=42)),,balanced,,,10.0,sqrt,10.0,1000.0,,,,,,,,,,,,,,,0.8362996493083182,0.8635011467354521,0.8032614401810794,0.8657827648448984,0.8673062803746114,0.8472302562888718,0.0247577024443765,296.0,longitudinal,RandomForestClassifier,"{""model__estimator__class_weight"": ""balanced"", ""model__estimator__max_depth"": 10, ""model__estimator__max_features"": ""sqrt"", ""model__estimator__min_samples_leaf"": 10, ""model__estimator__n_estimators"": 1000}",,,,,,,,
0.697554349899292,0.0121736723228785,0.0322151184082031,0.0032551795630996,MultiOutputWrapper(estimator=RandomForestClassifier(random_state=42)),,balanced,,,10.0,log2,1.0,200.0,,,,,,,,,,,,,,,0.8290193171567315,0.8674473962949157,0.7731673893479506,0.864113213867024,0.8595212022610182,0.8386537037855281,0.0354795565329386,403.0,longitudinal,RandomForestClassifier,"{""model__estimator__class_weight"": ""balanced"", ""model__estimator__max_depth"": 10, ""model__estimator__max_features"": ""log2"", ""model__estimator__min_samples_leaf"": 1, ""model__estimator__n_estimators"": 200}",,,,,,,,
1.590856170654297,0.0342499308631571,0.0570772171020507,0.0081730414637028,MultiOutputWrapper(estimator=RandomForestClassifier(random_state=42)),,balanced,,,10.0,log2,1.0,500.0,,,,,,,,,,,,,,,0.825446211493631,0.8728822285444573,0.7732601107202269,0.859334189322466,0.8546991218738919,0.8371243723909345,0.0354846316731759,423.0,longitudinal,RandomForestClassifier,"{""model__estimator__class_weight"": ""balanced"", ""model__estimator__max_depth"": 10, ""model__estimator__max_features"": ""log2"", ""model__estimator__min_samples_leaf"": 1, ""model__estimator__n_estimators"": 500}",,,,,,,,
3.1686633586883546,0.0491151125755429,0.0994172573089599,0.0144069543461956,MultiOutputWrapper(estimator=RandomForestClassifier(random_state=42)),,balanced,,,10.0,log2,1.0,1000.0,,,,,,,,,,,,,,,0.8249370937145432,0.8647346995480857,0.782789106602307,0.8592245854965668,0.8468186179421395,0.8357008206607283,0.0297840438962216,439.0,longitudinal,RandomForestClassifier,"{""model__estimator__class_weight"": ""balanced"", ""model__estimator__max_depth"": 10, ""model__estimator__max_features"": ""log2"", ""model__estimator__min_samples_leaf"": 1, ""model__estimator__n_estimators"": 1000}",,,,,,,,
0.7138346195220947,0.0684780076632312,0.0370252609252929,0.0071692922106743,MultiOutputWrapper(estimator=RandomForestClassifier(random_state=42)),,balanced,,,10.0,log2,5.0,200.0,,,,,,,,,,,,,,,0.8387800818435618,0.8766131423723986,0.8083621383184706,0.8628102495394406,0.8698002836701917,0.8512731791488127,0.0249635984454919,208.0,longitudinal,RandomForestClassifier,"{""model__estimator__class_weight"": ""balanced"", ""model__estimator__max_depth"": 10, ""model__estimator__max_features"": ""log2"", ""model__estimator__min_samples_leaf"": 5, ""model__estimator__n_estimators"": 200}",,,,,,,,
1.5268645763397215,0.0340294428396636,0.0536653518676757,0.0101360704960379,MultiOutputWrapper(estimator=RandomForestClassifier(random_state=42)),,balanced,,,10.0,log2,5.0,500.0,,,,,,,,,,,,,,,0.8460010637393434,0.8755382560622695,0.8073574295272118,0.8640549693890842,0.8671641324072336,0.8520231702250285,0.0243239238095726,192.0,longitudinal,RandomForestClassifier,"{""model__estimator__class_weight"": ""balanced"", ""model__estimator__max_depth"": 10, ""model__estimator__max_features"": ""log2"", ""model__estimator__min_samples_leaf"": 5, ""model__estimator__n_estimators"": 500}",,,,,,,,
3.2039068698883058,0.0608463124706298,0.0971625328063964,0.0095686123821376,MultiOutputWrapper(estimator=RandomForestClassifier(random_state=42)),,balanced,,,10.0,log2,5.0,1000.0,,,,,,,,,,,,,,,0.841202163122698,0.8742820208805377,0.8027359054423808,0.8628936154375779,0.8673654130947166,0.8496958235955823,0.0259547813733475,241.0,longitudinal,RandomForestClassifier,"{""model__estimator__class_weight"": ""balanced"", ""model__estimator__max_depth"": 10, ""model__estimator__max_features"": ""log2"", ""model__estimator__min_samples_leaf"": 5, ""model__estimator__n_estimators"": 1000}",,,,,,,,
0.7312761783599854,0.0181325728497164,0.0401551723480224,0.0074965625357068,MultiOutputWrapper(estimator=RandomForestClassifier(random_state=42)),,balanced,,,10.0,log2,10.0,200.0,,,,,,,,,,,,,,,0.8288165648660549,0.8681520118408966,0.8071801112656467,0.8625888088725133,0.8686000041716204,0.8470675002033463,0.0247920020082872,301.0,longitudinal,RandomForestClassifier,"{""model__estimator__class_weight"": ""balanced"", ""model__estimator__max_depth"": 10, ""model__estimator__max_features"": ""log2"", ""model__estimator__min_samples_leaf"": 10, ""model__estimator__n_estimators"": 200}",,,,,,,,
1.5220484733581543,0.0227043700814805,0.0767959594726562,0.0215507334316218,MultiOutputWrapper(estimator=RandomForestClassifier(random_state=42)),,balanced,,,10.0,log2,10.0,500.0,,,,,,,,,,,,,,,0.8313175578196654,0.8697444942331289,0.8072263015080858,0.8611099946035468,0.8724116137913771,0.848361992391161,0.025222073860856,267.0,longitudinal,RandomForestClassifier,"{""model__estimator__class_weight"": ""balanced"", ""model__estimator__max_depth"": 10, ""model__estimator__max_features"": ""log2"", ""model__estimator__min_samples_leaf"": 10, ""model__estimator__n_estimators"": 500}",,,,,,,,
2.7502586364746096,0.0488057416620616,0.1257866859436035,0.0214048772812278,MultiOutputWrapper(estimator=RandomForestClassifier(random_state=42)),,balanced,,,10.0,log2,10.0,1000.0,,,,,,,,,,,,,,,0.8343667913897016,0.8642359809777456,0.8052168839255682,0.8660637525819237,0.8686570510814926,0.8477080919912863,0.0246270312528998,280.0,longitudinal,RandomForestClassifier,"{""model__estimator__class_weight"": ""balanced"", ""model__estimator__max_depth"": 10, ""model__estimator__max_features"": ""log2"", ""model__estimator__min_samples_leaf"": 10, ""model__estimator__n_estimators"": 1000}",,,,,,,,
3.176019382476807,0.0369442764274986,0.0319939613342285,0.0059486928084,MultiOutputWrapper(estimator=RandomForestClassifier(random_state=42)),,balanced,,,10.0,0.5,1.0,200.0,,,,,,,,,,,,,,,0.7795856774324852,0.8713105994801119,0.7910729544483532,0.8584936452111129,0.8371204346828526,0.8275166622509833,0.0363186949114054,498.0,longitudinal,RandomForestClassifier,"{""model__estimator__class_weight"": ""balanced"", ""model__estimator__max_depth"": 10, ""model__estimator__max_features"": 0.5, ""model__estimator__min_samples_leaf"": 1, ""model__estimator__n_estimators"": 200}",,,,,,,,
7.606013393402099,0.1355175989240871,0.0485674381256103,0.0062462623292683,MultiOutputWrapper(estimator=RandomForestClassifier(random_state=42)),,balanced,,,10.0,0.5,1.0,500.0,,,,,,,,,,,,,,,0.8036501439805989,0.8680009550530623,0.7908683936022253,0.8563934944825917,0.8373165008447531,0.8312458975926461,0.0297054087600741,468.0,longitudinal,RandomForestClassifier,"{""model__estimator__class_weight"": ""balanced"", ""model__estimator__max_depth"": 10, ""model__estimator__max_features"": 0.5, ""model__estimator__min_samples_leaf"": 1, ""model__estimator__n_estimators"": 500}",,,,,,,,
14.658561038970948,0.1952312330134561,0.0817227840423584,0.0065220799409352,MultiOutputWrapper(estimator=RandomForestClassifier(random_state=42)),,balanced,,,10.0,0.5,1.0,1000.0,,,,,,,,,,,,,,,0.8073772648876534,0.8646818718701308,0.7959266228512731,0.8571551387260647,0.8411696180881463,0.8332621032846536,0.0271461627084458,459.0,longitudinal,RandomForestClassifier,"{""model__estimator__class_weight"": ""balanced"", ""model__estimator__max_depth"": 10, ""model__estimator__max_features"": 0.5, ""model__estimator__min_samples_leaf"": 1, ""model__estimator__n_estimators"": 1000}",,,,,,,,
2.6625747680664062,0.0285796229839055,0.0276047229766845,0.0062934670477305,MultiOutputWrapper(estimator=RandomForestClassifier(random_state=42)),,balanced,,,10.0,0.5,5.0,200.0,,,,,,,,,,,,,,,0.8034518657947154,0.8656263712516721,0.7930673161707891,0.8615766947654404,0.8540879794756273,0.8355620454916488,0.0308567708953623,441.0,longitudinal,RandomForestClassifier,"{""model__estimator__class_weight"": ""balanced"", ""model__estimator__max_depth"": 10, ""model__estimator__max_features"": 0.5, ""model__estimator__min_samples_leaf"": 5, ""model__estimator__n_estimators"": 200}",,,,,,,,
6.6001448154449465,0.1075370976361119,0.0484519481658935,0.0038321636559628,MultiOutputWrapper(estimator=RandomForestClassifier(random_state=42)),,balanced,,,10.0,0.5,5.0,500.0,,,,,,,,,,,,,,,0.8247834114704884,0.8696311924688211,0.7959572459025335,0.8628636558179348,0.8524218342615189,0.8411314679842594,0.0272762312164833,383.0,longitudinal,RandomForestClassifier,"{""model__estimator__class_weight"": ""balanced"", ""model__estimator__max_depth"": 10, ""model__estimator__max_features"": 0.5, ""model__estimator__min_samples_leaf"": 5, ""model__estimator__n_estimators"": 500}",,,,,,,,
12.792094421386718,0.2499245317621282,0.0754114151000976,0.0032356284096727,MultiOutputWrapper(estimator=RandomForestClassifier(random_state=42)),,balanced,,,10.0,0.5,5.0,1000.0,,,,,,,,,,,,,,,0.8297950115870942,0.8684807594179109,0.8003933272428118,0.8636835445393476,0.853967628225184,0.8432640542024696,0.0252456675230597,362.0,longitudinal,RandomForestClassifier,"{""model__estimator__class_weight"": ""balanced"", ""model__estimator__max_depth"": 10, ""model__estimator__max_features"": 0.5, ""model__estimator__min_samples_leaf"": 5, ""model__estimator__n_estimators"": 1000}",,,,,,,,
2.4661398410797117,0.0504484480292465,0.0288604259490966,0.0022889396446597,MultiOutputWrapper(estimator=RandomForestClassifier(random_state=42)),,balanced,,,10.0,0.5,10.0,200.0,,,,,,,,,,,,,,,0.8274566490871245,0.8618898235251845,0.8113444485350931,0.8665099834384711,0.85532882798323,0.8445059465138206,0.0214190339425735,346.0,longitudinal,RandomForestClassifier,"{""model__estimator__class_weight"": ""balanced"", ""model__estimator__max_depth"": 10, ""model__estimator__max_features"": 0.5, ""model__estimator__min_samples_leaf"": 10, ""model__estimator__n_estimators"": 200}",,,,,,,,
5.873839282989502,0.1297403900016189,0.0511899948120117,0.0058177791183412,MultiOutputWrapper(estimator=RandomForestClassifier(random_state=42)),,balanced,,,10.0,0.5,10.0,500.0,,,,,,,,,,,,,,,0.8255937546333958,0.8615630150705655,0.8123181933876935,0.8646725841567576,0.8603054669086205,0.8448906028314067,0.0216344371634389,335.0,longitudinal,RandomForestClassifier,"{""model__estimator__class_weight"": ""balanced"", ""model__estimator__max_depth"": 10, ""model__estimator__max_features"": 0.5, ""model__estimator__min_samples_leaf"": 10, ""model__estimator__n_estimators"": 500}",,,,,,,,
11.677711534500125,0.2496720926133853,0.0797169685363769,0.0097972704073917,MultiOutputWrapper(estimator=RandomForestClassifier(random_state=42)),,balanced,,,10.0,0.5,10.0,1000.0,,,,,,,,,,,,,,,0.829804625796479,0.8613967755471189,0.8155952575745179,0.8656934442397514,0.8650082389504201,0.8474996684216574,0.0207927827476084,287.0,longitudinal,RandomForestClassifier,"{""model__estimator__class_weight"": ""balanced"", ""model__estimator__max_depth"": 10, ""model__estimator__max_features"": 0.5, ""model__estimator__min_samples_leaf"": 10, ""model__estimator__n_estimators"": 1000}",,,,,,,,
0.878795051574707,0.0128753408808811,0.0314504146575927,0.0053886992068664,MultiOutputWrapper(estimator=RandomForestClassifier(random_state=42)),,balanced,,,20.0,sqrt,1.0,200.0,,,,,,,,,,,,,,,0.8077453841842162,0.8720879081238728,0.807349390266074,0.8502888032899756,0.8420888346578228,0.8359120641043922,0.0251504393962475,437.0,longitudinal,RandomForestClassifier,"{""model__estimator__class_weight"": ""balanced"", ""model__estimator__max_depth"": 20, ""model__estimator__max_features"": ""sqrt"", ""model__estimator__min_samples_leaf"": 1, ""model__estimator__n_estimators"": 200}",,,,,,,,
2.106946659088135,0.027173132230463,0.055635118484497,0.0045029869668171,MultiOutputWrapper(estimator=RandomForestClassifier(random_state=42)),,balanced,,,20.0,sqrt,1.0,500.0,,,,,,,,,,,,,,,0.8272102998543172,0.8705464243683837,0.8091844439444762,0.8596790040752524,0.8599957762342783,0.8453231896953415,0.0232020322060942,329.0,longitudinal,RandomForestClassifier,"{""model__estimator__class_weight"": ""balanced"", ""model__estimator__max_depth"": 20, ""model__estimator__max_features"": ""sqrt"", ""model__estimator__min_samples_leaf"": 1, ""model__estimator__n_estimators"": 500}",,,,,,,,
3.974543571472168,0.0493575214861704,0.0843770027160644,0.0091165418447414,MultiOutputWrapper(estimator=RandomForestClassifier(random_state=42)),,balanced,,,20.0,sqrt,1.0,1000.0,,,,,,,,,,,,,,,0.8306894065290675,0.8689662343750344,0.8055677138727535,0.8582355458791566,0.8520525415597688,0.8431022884431562,0.0225432479303096,365.0,longitudinal,RandomForestClassifier,"{""model__estimator__class_weight"": ""balanced"", ""model__estimator__max_depth"": 20, ""model__estimator__max_features"": ""sqrt"", ""model__estimator__min_samples_leaf"": 1, ""model__estimator__n_estimators"": 1000}",,,,,,,,
0.8261082649230957,0.0135229921928342,0.0334477424621582,0.0055349393795324,MultiOutputWrapper(estimator=RandomForestClassifier(random_state=42)),,balanced,,,20.0,sqrt,5.0,200.0,,,,,,,,,,,,,,,0.8486008627859962,0.8560318194460839,0.8048529298135572,0.8615975362399746,0.8570976993513129,0.8456361695273849,0.0208147230495334,324.0,longitudinal,RandomForestClassifier,"{""model__estimator__class_weight"": ""balanced"", ""model__estimator__max_depth"": 20, ""model__estimator__max_features"": ""sqrt"", ""model__estimator__min_samples_leaf"": 5, ""model__estimator__n_estimators"": 200}",,,,,,,,
1.8621980667114255,0.0262672430703792,0.0548390388488769,0.0036608954823055,MultiOutputWrapper(estimator=RandomForestClassifier(random_state=42)),,balanced,,,20.0,sqrt,5.0,500.0,,,,,,,,,,,,,,,0.8389680798202619,0.8639658784458726,0.8098840869217412,0.861598652747539,0.8647364578770622,0.8478306311624955,0.0212329773525719,276.0,longitudinal,RandomForestClassifier,"{""model__estimator__class_weight"": ""balanced"", ""model__estimator__max_depth"": 20, ""model__estimator__max_features"": ""sqrt"", ""model__estimator__min_samples_leaf"": 5, ""model__estimator__n_estimators"": 500}",,,,,,,,
3.684468412399292,0.0546371702377853,0.0926653861999511,0.009051217384364,MultiOutputWrapper(estimator=RandomForestClassifier(random_state=42)),,balanced,,,20.0,sqrt,5.0,1000.0,,,,,,,,,,,,,,,0.8488526851232945,0.8666105647791356,0.805942746825202,0.8623774167736653,0.8639044281751245,0.8495375683352844,0.0226439091353943,242.0,longitudinal,RandomForestClassifier,"{""model__estimator__class_weight"": ""balanced"", ""model__estimator__max_depth"": 20, ""model__estimator__max_features"": ""sqrt"", ""model__estimator__min_samples_leaf"": 5, ""model__estimator__n_estimators"": 1000}",,,,,,,,
0.773595142364502,0.0130831934638839,0.0328804016113281,0.0066191514337478,MultiOutputWrapper(estimator=RandomForestClassifier(random_state=42)),,balanced,,,20.0,sqrt,10.0,200.0,,,,,,,,,,,,,,,0.8307391425754881,0.8665009944847069,0.8041345096221149,0.8641601071847261,0.8713242809169222,0.8473718069567916,0.0259522764090569,289.0,longitudinal,RandomForestClassifier,"{""model__estimator__class_weight"": ""balanced"", ""model__estimator__max_depth"": 20, ""model__estimator__max_features"": ""sqrt"", ""model__estimator__min_samples_leaf"": 10, ""model__estimator__n_estimators"": 200}",,,,,,,,
1.777509546279907,0.0334298856021524,0.0547847270965576,0.0078067465795398,MultiOutputWrapper(estimator=RandomForestClassifier(random_state=42)),,balanced,,,20.0,sqrt,10.0,500.0,,,,,,,,,,,,,,,0.8321381811917564,0.8641226425197097,0.8041810407519521,0.8639351309105119,0.8717486390088229,0.8472251268765507,0.0254816098291505,297.0,longitudinal,RandomForestClassifier,"{""model__estimator__class_weight"": ""balanced"", ""model__estimator__max_depth"": 20, ""model__estimator__max_features"": ""sqrt"", ""model__estimator__min_samples_leaf"": 10, ""model__estimator__n_estimators"": 500}",,,,,,,,
3.4825823307037354,0.053863614804272,0.0806402683258056,0.0128316328785728,MultiOutputWrapper(estimator=RandomForestClassifier(random_state=42)),,balanced,,,20.0,sqrt,10.0,1000.0,,,,,,,,,,,,,,,0.8365713660641849,0.8633084566793001,0.8030450334978683,0.8657576434247007,0.8674857643451598,0.8472336528022428,0.0248113038944954,294.0,longitudinal,RandomForestClassifier,"{""model__estimator__class_weight"": ""balanced"", ""model__estimator__max_depth"": 20, ""model__estimator__max_features"": ""sqrt"", ""model__estimator__min_samples_leaf"": 10, ""model__estimator__n_estimators"": 1000}",,,,,,,,
0.7093433380126953,0.020083013455603,0.031497573852539,0.0033659243701548,MultiOutputWrapper(estimator=RandomForestClassifier(random_state=42)),,balanced,,,20.0,log2,1.0,200.0,,,,,,,,,,,,,,,0.8154844320686716,0.8684580403550846,0.7874452307580425,0.8661891735983176,0.8517200112633752,0.8378593776086983,0.0315379043647111,411.0,longitudinal,RandomForestClassifier,"{""model__estimator__class_weight"": ""balanced"", ""model__estimator__max_depth"": 20, ""model__estimator__max_features"": ""log2"", ""model__estimator__min_samples_leaf"": 1, ""model__estimator__n_estimators"": 200}",,,,,,,,
1.646873426437378,0.0195561528804029,0.0579673767089843,0.0063979087770111,MultiOutputWrapper(estimator=RandomForestClassifier(random_state=42)),,balanced,,,20.0,log2,1.0,500.0,,,,,,,,,,,,,,,0.8181586686850056,0.879943548393015,0.7965337148999609,0.8567350527549824,0.8474338276703586,0.8397609624806645,0.0293151388947784,396.0,longitudinal,RandomForestClassifier,"{""model__estimator__class_weight"": ""balanced"", ""model__estimator__max_depth"": 20, ""model__estimator__max_features"": ""log2"", ""model__estimator__min_samples_leaf"": 1, ""model__estimator__n_estimators"": 500}",,,,,,,,
3.4321157932281494,0.0332153037114332,0.0885596275329589,0.0104810632235526,MultiOutputWrapper(estimator=RandomForestClassifier(random_state=42)),,balanced,,,20.0,log2,1.0,1000.0,,,,,,,,,,,,,,,0.8250901099587991,0.8727396226044428,0.7982492307307717,0.8588487876588697,0.8464290407358738,0.8402713583377514,0.0262051736424307,393.0,longitudinal,RandomForestClassifier,"{""model__estimator__class_weight"": ""balanced"", ""model__estimator__max_depth"": 20, ""model__estimator__max_features"": ""log2"", ""model__estimator__min_samples_leaf"": 1, ""model__estimator__n_estimators"": 1000}",,,,,,,,
0.7552521228790283,0.0226923834509161,0.0342931747436523,0.007932896268408,MultiOutputWrapper(estimator=RandomForestClassifier(random_state=42)),,balanced,,,20.0,log2,5.0,200.0,,,,,,,,,,,,,,,0.8378023011223212,0.8758235046360268,0.8106801726253783,0.8628022479018962,0.8679349435788333,0.8510086339728911,0.023841808297311,211.0,longitudinal,RandomForestClassifier,"{""model__estimator__class_weight"": ""balanced"", ""model__estimator__max_depth"": 20, ""model__estimator__max_features"": ""log2"", ""model__estimator__min_samples_leaf"": 5, ""model__estimator__n_estimators"": 200}",,,,,,,,
1.6135177612304688,0.0522920313175442,0.0646543979644775,0.0117107677895834,MultiOutputWrapper(estimator=RandomForestClassifier(random_state=42)),,balanced,,,20.0,log2,5.0,500.0,,,,,,,,,,,,,,,0.8466734779718705,0.8745635012906877,0.8105179102238947,0.8634269338841436,0.8679743653922367,0.8526312377525667,0.0229869965927688,176.0,longitudinal,RandomForestClassifier,"{""model__estimator__class_weight"": ""balanced"", ""model__estimator__max_depth"": 20, ""model__estimator__max_features"": ""log2"", ""model__estimator__min_samples_leaf"": 5, ""model__estimator__n_estimators"": 500}",,,,,,,,
3.0835759162902834,0.0420431372399761,0.0812650680541992,0.0064324102160205,MultiOutputWrapper(estimator=RandomForestClassifier(random_state=42)),,balanced,,,20.0,log2,5.0,1000.0,,,,,,,,,,,,,,,0.8413901610993981,0.8740118816549367,0.8049613888207113,0.8639213606505517,0.8691871597522056,0.8506943903955607,0.0254508026399023,217.0,longitudinal,RandomForestClassifier,"{""model__estimator__class_weight"": ""balanced"", ""model__estimator__max_depth"": 20, ""model__estimator__max_features"": ""log2"", ""model__estimator__min_samples_leaf"": 5, ""model__estimator__n_estimators"": 1000}",,,,,,,,
0.6712146282196045,0.0243131439518211,0.0378348350524902,0.0047804059098413,MultiOutputWrapper(estimator=RandomForestClassifier(random_state=42)),,balanced,,,20.0,log2,10.0,200.0,,,,,,,,,,,,,,,0.8300667283429608,0.8680330027905863,0.8074119146963374,0.8624883231917229,0.868560582358217,0.8473121102759649,0.0244973435139602,292.0,longitudinal,RandomForestClassifier,"{""model__estimator__class_weight"": ""balanced"", ""model__estimator__max_depth"": 20, ""model__estimator__max_features"": ""log2"", ""model__estimator__min_samples_leaf"": 10, ""model__estimator__n_estimators"": 200}",,,,,,,,
1.5299655437469482,0.0315465184819636,0.0488888263702392,0.0078090319404549,MultiOutputWrapper(estimator=RandomForestClassifier(random_state=42)),,balanced,,,20.0,log2,10.0,500.0,,,,,,,,,,,,,,,0.8315350644243185,0.8702432128034691,0.8078058100848127,0.8606669271850983,0.8724707465114823,0.8485443522018361,0.0250567931101068,262.0,longitudinal,RandomForestClassifier,"{""model__estimator__class_weight"": ""balanced"", ""model__estimator__max_depth"": 20, ""model__estimator__max_features"": ""log2"", ""model__estimator__min_samples_leaf"": 10, ""model__estimator__n_estimators"": 500}",,,,,,,,
3.001760196685791,0.0620300663296144,0.0823392391204834,0.0069552809823152,MultiOutputWrapper(estimator=RandomForestClassifier(random_state=42)),,balanced,,,20.0,log2,10.0,1000.0,,,,,,,,,,,,,,,0.8344607903780517,0.8641793117487276,0.8056573104438807,0.8658627812203428,0.868696472894896,0.8477713333371796,0.0244341776440175,278.0,longitudinal,RandomForestClassifier,"{""model__estimator__class_weight"": ""balanced"", ""model__estimator__max_depth"": 20, ""model__estimator__max_features"": ""log2"", ""model__estimator__min_samples_leaf"": 10, ""model__estimator__n_estimators"": 1000}",,,,,,,,
3.537296009063721,0.0643158082917479,0.040183401107788,0.0084088509438951,MultiOutputWrapper(estimator=RandomForestClassifier(random_state=42)),,balanced,,,20.0,0.5,1.0,200.0,,,,,,,,,,,,,,,0.772355081327319,0.8540719382795688,0.7922829910823855,0.8481704162712369,0.8352110318503222,0.8204182917621665,0.0323210174333886,577.0,longitudinal,RandomForestClassifier,"{""model__estimator__class_weight"": ""balanced"", ""model__estimator__max_depth"": 20, ""model__estimator__max_features"": 0.5, ""model__estimator__min_samples_leaf"": 1, ""model__estimator__n_estimators"": 200}",,,,,,,,
8.271405935287476,0.2170797123878006,0.0564377784729003,0.0061145973752637,MultiOutputWrapper(estimator=RandomForestClassifier(random_state=42)),,balanced,,,20.0,0.5,1.0,500.0,,,,,,,,,,,,,,,0.7891048999912006,0.8590562336462404,0.800011362913269,0.8542271906808835,0.8373399140646184,0.8279479202592425,0.0284104495677418,494.0,longitudinal,RandomForestClassifier,"{""model__estimator__class_weight"": ""balanced"", ""model__estimator__max_depth"": 20, ""model__estimator__max_features"": 0.5, ""model__estimator__min_samples_leaf"": 1, ""model__estimator__n_estimators"": 500}",,,,,,,,
16.578743600845335,0.3384223268259565,0.0881886005401611,0.0064342361010329,MultiOutputWrapper(estimator=RandomForestClassifier(random_state=42)),,balanced,,,20.0,0.5,1.0,1000.0,,,,,,,,,,,,,,,0.7959680427996026,0.8609708051151508,0.7975265778541365,0.8525816446156422,0.8432357695596855,0.8300565679888434,0.027774046503638,478.0,longitudinal,RandomForestClassifier,"{""model__estimator__class_weight"": ""balanced"", ""model__estimator__max_depth"": 20, ""model__estimator__max_features"": 0.5, ""model__estimator__min_samples_leaf"": 1, ""model__estimator__n_estimators"": 1000}",,,,,,,,
3.0462104797363283,0.059323549906276,0.040310525894165,0.0041394979976425,MultiOutputWrapper(estimator=RandomForestClassifier(random_state=42)),,balanced,,,20.0,0.5,5.0,200.0,,,,,,,,,,,,,,,0.8021818078992413,0.8667239399308994,0.7947132909723926,0.8638491598280578,0.8525048495087916,0.8359946096278765,0.0311133687000544,435.0,longitudinal,RandomForestClassifier,"{""model__estimator__class_weight"": ""balanced"", ""model__estimator__max_depth"": 20, ""model__estimator__max_features"": 0.5, ""model__estimator__min_samples_leaf"": 5, ""model__estimator__n_estimators"": 200}",,,,,,,,
7.22987642288208,0.2170005166341221,0.0495231628417968,0.0046962051448167,MultiOutputWrapper(estimator=RandomForestClassifier(random_state=42)),,balanced,,,20.0,0.5,5.0,500.0,,,,,,,,,,,,,,,0.8241507860750976,0.8707381999039301,0.7961350754951957,0.8641243789426672,0.8515524685564106,0.8413401817946603,0.0276645291667363,377.0,longitudinal,RandomForestClassifier,"{""model__estimator__class_weight"": ""balanced"", ""model__estimator__max_depth"": 20, ""model__estimator__max_features"": 0.5, ""model__estimator__min_samples_leaf"": 5, ""model__estimator__n_estimators"": 500}",,,,,,,,
13.467676782608033,0.222602345587148,0.0763232231140136,0.0059925380896866,MultiOutputWrapper(estimator=RandomForestClassifier(random_state=42)),,balanced,,,20.0,0.5,5.0,1000.0,,,,,,,,,,,,,,,0.828352043028796,0.8691154988153853,0.80164540665594,0.8647855375053499,0.8533565901174311,0.8434510152245804,0.0252493003548719,358.0,longitudinal,RandomForestClassifier,"{""model__estimator__class_weight"": ""balanced"", ""model__estimator__max_depth"": 20, ""model__estimator__max_features"": 0.5, ""model__estimator__min_samples_leaf"": 5, ""model__estimator__n_estimators"": 1000}",,,,,,,,
2.612342119216919,0.047972366132381,0.037865400314331,0.0066372663944942,MultiOutputWrapper(estimator=RandomForestClassifier(random_state=42)),,balanced,,,20.0,0.5,10.0,200.0,,,,,,,,,,,,,,,0.8273084399475609,0.8620976229294929,0.8108344809875734,0.8665602262788663,0.855525937050247,0.8444653414387482,0.0216647737371648,347.0,longitudinal,RandomForestClassifier,"{""model__estimator__class_weight"": ""balanced"", ""model__estimator__max_depth"": 20, ""model__estimator__max_features"": 0.5, ""model__estimator__min_samples_leaf"": 10, ""model__estimator__n_estimators"": 200}",,,,,,,,
6.099798250198364,0.1904490252175883,0.0474460124969482,0.0014808489220891,MultiOutputWrapper(estimator=RandomForestClassifier(random_state=42)),,balanced,,,20.0,0.5,10.0,500.0,,,,,,,,,,,,,,,0.8255690531101353,0.8617084746535815,0.8120168489277955,0.8645720984759672,0.8604237323488308,0.8448580415032619,0.0217507741204092,336.0,longitudinal,RandomForestClassifier,"{""model__estimator__class_weight"": ""balanced"", ""model__estimator__max_depth"": 20, ""model__estimator__max_features"": 0.5, ""model__estimator__min_samples_leaf"": 10, ""model__estimator__n_estimators"": 500}",,,,,,,,
11.95034899711609,0.2083338193149024,0.0859565734863281,0.0083341855944571,MultiOutputWrapper(estimator=RandomForestClassifier(random_state=42)),,balanced,,,20.0,0.5,10.0,1000.0,,,,,,,,,,,,,,,0.8300468339243925,0.8614591153684114,0.8155257165453107,0.8655175942983679,0.8649491062303151,0.8474996732733595,0.020740924388155,285.0,longitudinal,RandomForestClassifier,"{""model__estimator__class_weight"": ""balanced"", ""model__estimator__max_depth"": 20, ""model__estimator__max_features"": 0.5, ""model__estimator__min_samples_leaf"": 10, ""model__estimator__n_estimators"": 1000}",,,,,,,,
0.4921126365661621,0.0273089025949968,0.0342814445495605,0.0071033378233997,MultiOutputWrapper(estimator=ExtraTreesClassifier(random_state=42)),,,,,,sqrt,1.0,200.0,,,,,,,,,,,,,,,0.8398703514190725,0.8820508099180775,0.809606689801558,0.8678485829658162,0.8551042383663934,0.8508961344941834,0.0249082058109195,215.0,longitudinal,ExtraTreesClassifier,"{""model__estimator__class_weight"": null, ""model__estimator__max_depth"": null, ""model__estimator__max_features"": ""sqrt"", ""model__estimator__min_samples_leaf"": 1, ""model__estimator__n_estimators"": 200}",,,,,,,,
1.1674322128295898,0.0139495379420061,0.0602310180664062,0.0058982031214951,MultiOutputWrapper(estimator=ExtraTreesClassifier(random_state=42)),,,,,,sqrt,1.0,500.0,,,,,,,,,,,,,,,0.8492019090009872,0.8762976567554649,0.8156231819338768,0.8657462922644634,0.8855098241661973,0.8584757728241978,0.024591335986389,53.0,longitudinal,ExtraTreesClassifier,"{""model__estimator__class_weight"": null, ""model__estimator__max_depth"": null, ""model__estimator__max_features"": ""sqrt"", ""model__estimator__min_samples_leaf"": 1, ""model__estimator__n_estimators"": 500}",,,,,,,,
1.7521207332611084,0.0581583248798984,0.0983231544494629,0.0089950453441294,MultiOutputWrapper(estimator=ExtraTreesClassifier(random_state=42)),,,,,,sqrt,1.0,1000.0,,,,,,,,,,,,,,,0.8494214861580871,0.8729993535129643,0.8149350439062968,0.8642811552131598,0.884920582775379,0.8573115243131774,0.0241452382171576,75.0,longitudinal,ExtraTreesClassifier,"{""model__estimator__class_weight"": null, ""model__estimator__max_depth"": null, ""model__estimator__max_features"": ""sqrt"", ""model__estimator__min_samples_leaf"": 1, ""model__estimator__n_estimators"": 1000}",,,,,,,,
0.4014392852783203,0.0153207690097641,0.032444953918457,0.0062542137302513,MultiOutputWrapper(estimator=ExtraTreesClassifier(random_state=42)),,,,,,sqrt,5.0,200.0,,,,,,,,,,,,,,,0.8412961621110482,0.8731240148086854,0.7857648263292335,0.8715804164573215,0.8851088792941617,0.85137485980009,0.0358483778539473,207.0,longitudinal,ExtraTreesClassifier,"{""model__estimator__class_weight"": null, ""model__estimator__max_depth"": null, ""model__estimator__max_features"": ""sqrt"", ""model__estimator__min_samples_leaf"": 5, ""model__estimator__n_estimators"": 200}",,,,,,,,
0.8109683036804199,0.0128122834816648,0.0572192668914794,0.0026911042955226,MultiOutputWrapper(estimator=ExtraTreesClassifier(random_state=42)),,,,,,sqrt,5.0,500.0,,,,,,,,,,,,,,,0.8436338586112193,0.8698804783665351,0.7994513985473651,0.870962615605054,0.8889619965375549,0.8545780695335458,0.0311242577710998,125.0,longitudinal,ExtraTreesClassifier,"{""model__estimator__class_weight"": null, ""model__estimator__max_depth"": null, ""model__estimator__max_features"": ""sqrt"", ""model__estimator__min_samples_leaf"": 5, ""model__estimator__n_estimators"": 500}",,,,,,,,
1.5363206386566162,0.019976621818364,0.0957787990570068,0.0090275208737092,MultiOutputWrapper(estimator=ExtraTreesClassifier(random_state=42)),,,,,,sqrt,5.0,1000.0,,,,,,,,,,,,,,,0.8430307418437815,0.8784965072369346,0.8059586549037787,0.8699348703920802,0.8896166280791774,0.8574074804911505,0.029975937028277,74.0,longitudinal,ExtraTreesClassifier,"{""model__estimator__class_weight"": null, ""model__estimator__max_depth"": null, ""model__estimator__max_features"": ""sqrt"", ""model__estimator__min_samples_leaf"": 5, ""model__estimator__n_estimators"": 1000}",,,,,,,,
0.3851538181304931,0.03006219005872,0.0361041545867919,0.0062638358768782,MultiOutputWrapper(estimator=ExtraTreesClassifier(random_state=42)),,,,,,sqrt,10.0,200.0,,,,,,,,,,,,,,,0.8341842665174926,0.8788610707150799,0.8140274596162063,0.8707456409683842,0.8734562918465677,0.8542549459327461,0.025562389997814,139.0,longitudinal,ExtraTreesClassifier,"{""model__estimator__class_weight"": null, ""model__estimator__max_depth"": null, ""model__estimator__max_features"": ""sqrt"", ""model__estimator__min_samples_leaf"": 10, ""model__estimator__n_estimators"": 200}",,,,,,,,
0.7443393707275391,0.0099634168879996,0.0570611953735351,0.0040276637640696,MultiOutputWrapper(estimator=ExtraTreesClassifier(random_state=42)),,,,,,sqrt,10.0,500.0,,,,,,,,,,,,,,,0.8314465385404596,0.8745710009241738,0.8133394920323253,0.8706611585626824,0.8814519325031808,0.8542940245125644,0.0268919027283633,137.0,longitudinal,ExtraTreesClassifier,"{""model__estimator__class_weight"": null, ""model__estimator__max_depth"": null, ""model__estimator__max_features"": ""sqrt"", ""model__estimator__min_samples_leaf"": 10, ""model__estimator__n_estimators"": 500}",,,,,,,,
1.403745603561401,0.0175488825957961,0.092631196975708,0.0116693867399763,MultiOutputWrapper(estimator=ExtraTreesClassifier(random_state=42)),,,,,,sqrt,10.0,1000.0,,,,,,,,,,,,,,,0.8378963001106712,0.8751887285448244,0.813269951003118,0.8704441839260129,0.8823648916421584,0.8558328110453569,0.026174073202252,103.0,longitudinal,ExtraTreesClassifier,"{""model__estimator__class_weight"": null, ""model__estimator__max_depth"": null, ""model__estimator__max_features"": ""sqrt"", ""model__estimator__min_samples_leaf"": 10, ""model__estimator__n_estimators"": 1000}",,,,,,,,
0.4140670299530029,0.0080487786221,0.0289735794067382,0.0031665331630857,MultiOutputWrapper(estimator=ExtraTreesClassifier(random_state=42)),,,,,,log2,1.0,200.0,,,,,,,,,,,,,,,0.8569940954839074,0.8606986900734264,0.7677194973956203,0.8626540315227302,0.85746490624283,0.8411062441437028,0.0367527286676512,384.0,longitudinal,ExtraTreesClassifier,"{""model__estimator__class_weight"": null, ""model__estimator__max_depth"": null, ""model__estimator__max_features"": ""log2"", ""model__estimator__min_samples_leaf"": 1, ""model__estimator__n_estimators"": 200}",,,,,,,,
0.8621059894561768,0.0472992553516777,0.0625373840332031,0.0070791147819251,MultiOutputWrapper(estimator=ExtraTreesClassifier(random_state=42)),,,,,,log2,1.0,500.0,,,,,,,,,,,,,,,0.8480179734370259,0.8743150748729873,0.7732256810930214,0.8583637581644616,0.8780951859499823,0.8464035347034958,0.0381682235637412,309.0,longitudinal,ExtraTreesClassifier,"{""model__estimator__class_weight"": null, ""model__estimator__max_depth"": null, ""model__estimator__max_features"": ""log2"", ""model__estimator__min_samples_leaf"": 1, ""model__estimator__n_estimators"": 500}",,,,,,,,
1.6262238502502442,0.0276357115312923,0.1041516780853271,0.0031817932653566,MultiOutputWrapper(estimator=ExtraTreesClassifier(random_state=42)),,,,,,log2,1.0,1000.0,,,,,,,,,,,,,,,0.8468662830532631,0.8727527928302037,0.7843077599607297,0.8604693983885074,0.8850891683874601,0.8498970805240328,0.0351675567633058,235.0,longitudinal,ExtraTreesClassifier,"{""model__estimator__class_weight"": null, ""model__estimator__max_depth"": null, ""model__estimator__max_features"": ""log2"", ""model__estimator__min_samples_leaf"": 1, ""model__estimator__n_estimators"": 1000}",,,,,,,,
0.3615332126617431,0.0110406058301352,0.0349805355072021,0.003919742969176,MultiOutputWrapper(estimator=ExtraTreesClassifier(random_state=42)),,,,,,log2,5.0,200.0,,,,,,,,,,,,,,,0.8362310178430274,0.8795468087492976,0.795016169425582,0.8682426170937307,0.8842541142606845,0.8526581454744644,0.0333365539218987,175.0,longitudinal,ExtraTreesClassifier,"{""model__estimator__class_weight"": null, ""model__estimator__max_depth"": null, ""model__estimator__max_features"": ""log2"", ""model__estimator__min_samples_leaf"": 5, ""model__estimator__n_estimators"": 200}",,,,,,,,
0.7436174392700196,0.0186397190693849,0.0561533451080322,0.0098948170152368,MultiOutputWrapper(estimator=ExtraTreesClassifier(random_state=42)),,,,,,log2,5.0,500.0,,,,,,,,,,,,,,,0.8372986564477245,0.8788780824919038,0.7930295912987355,0.8698390368261412,0.8791768349915524,0.8516444404112115,0.0330824709023204,202.0,longitudinal,ExtraTreesClassifier,"{""model__estimator__class_weight"": null, ""model__estimator__max_depth"": null, ""model__estimator__max_features"": ""log2"", ""model__estimator__min_samples_leaf"": 5, ""model__estimator__n_estimators"": 500}",,,,,,,,
1.3968454360961915,0.0271258955719349,0.0971279621124267,0.0087109920865348,MultiOutputWrapper(estimator=ExtraTreesClassifier(random_state=42)),,,,,,log2,5.0,1000.0,,,,,,,,,,,,,,,0.837693880819894,0.875657228418852,0.8013530388975246,0.8695558160739871,0.8807620507686209,0.8530044029957757,0.029865907945092,172.0,longitudinal,ExtraTreesClassifier,"{""model__estimator__class_weight"": null, ""model__estimator__max_depth"": null, ""model__estimator__max_features"": ""log2"", ""model__estimator__min_samples_leaf"": 5, ""model__estimator__n_estimators"": 1000}",,,,,,,,
0.3491512298583984,0.011847716250327,0.0310792446136474,0.0027416378230227,MultiOutputWrapper(estimator=ExtraTreesClassifier(random_state=42)),,,,,,log2,10.0,200.0,,,,,,,,,,,,,,,0.8227393241441484,0.878398241433327,0.7939495327570063,0.8691309849457562,0.8779485013453476,0.848433316925117,0.0341353197610371,266.0,longitudinal,ExtraTreesClassifier,"{""model__estimator__class_weight"": null, ""model__estimator__max_depth"": null, ""model__estimator__max_features"": ""log2"", ""model__estimator__min_samples_leaf"": 10, ""model__estimator__n_estimators"": 200}",,,,,,,,
0.7266069889068604,0.0261301374025714,0.0612713813781738,0.0065066640326404,MultiOutputWrapper(estimator=ExtraTreesClassifier(random_state=42)),,,,,,log2,10.0,500.0,,,,,,,,,,,,,,,0.8278545374584889,0.8749393692596543,0.8008276746025252,0.8699577587971491,0.8789008822977284,0.8504960444831091,0.030863097927422,222.0,longitudinal,ExtraTreesClassifier,"{""model__estimator__class_weight"": null, ""model__estimator__max_depth"": null, ""model__estimator__max_features"": ""log2"", ""model__estimator__min_samples_leaf"": 10, ""model__estimator__n_estimators"": 500}",,,,,,,,
1.2687717914581298,0.0323374625569366,0.0931740760803222,0.0090715325612292,MultiOutputWrapper(estimator=ExtraTreesClassifier(random_state=42)),,,,,,log2,10.0,1000.0,,,,,,,,,,,,,,,0.8281907445747525,0.8750073796732214,0.8001090839673839,0.8688615344535626,0.8781456104123646,0.850062870616257,0.0307832073272213,233.0,longitudinal,ExtraTreesClassifier,"{""model__estimator__class_weight"": null, ""model__estimator__max_depth"": null, ""model__estimator__max_features"": ""log2"", ""model__estimator__min_samples_leaf"": 10, ""model__estimator__n_estimators"": 1000}",,,,,,,,
0.98709397315979,0.023691171063344,0.0344958782196044,0.0089045201188829,MultiOutputWrapper(estimator=ExtraTreesClassifier(random_state=42)),,,,,,0.5,1.0,200.0,,,,,,,,,,,,,,,0.847048807925472,0.8677307974805972,0.8452643638586634,0.8711829397644169,0.8973269298959181,0.8657107677850135,0.0189733026755217,11.0,longitudinal,ExtraTreesClassifier,"{""model__estimator__class_weight"": null, ""model__estimator__max_depth"": null, ""model__estimator__max_features"": 0.5, ""model__estimator__min_samples_leaf"": 1, ""model__estimator__n_estimators"": 200}",,,,,,,,
2.1690938472747803,0.0633770662320604,0.0541407108306884,0.0058776706166816,MultiOutputWrapper(estimator=ExtraTreesClassifier(random_state=42)),,,,,,0.5,1.0,500.0,,,,,,,,,,,,,,,0.8393639701922302,0.8613882513118432,0.8306191878698628,0.870128863581384,0.9052296998519074,0.8613459945614454,0.0261926180772565,24.0,longitudinal,ExtraTreesClassifier,"{""model__estimator__class_weight"": null, ""model__estimator__max_depth"": null, ""model__estimator__max_features"": 0.5, ""model__estimator__min_samples_leaf"": 1, ""model__estimator__n_estimators"": 500}",,,,,,,,
4.291065979003906,0.0398540416130688,0.0877476215362548,0.0137075616459757,MultiOutputWrapper(estimator=ExtraTreesClassifier(random_state=42)),,,,,,0.5,1.0,1000.0,,,,,,,,,,,,,,,0.8492907678847456,0.8680934768769392,0.8364885586826292,0.8688692569642159,0.8958998706797654,0.863728386217659,0.0201541063223212,15.0,longitudinal,ExtraTreesClassifier,"{""model__estimator__class_weight"": null, ""model__estimator__max_depth"": null, ""model__estimator__max_features"": 0.5, ""model__estimator__min_samples_leaf"": 1, ""model__estimator__n_estimators"": 1000}",,,,,,,,
0.7746588706970214,0.0189146970585221,0.0306842327117919,0.0024727980543571,MultiOutputWrapper(estimator=ExtraTreesClassifier(random_state=42)),,,,,,0.5,5.0,200.0,,,,,,,,,,,,,,,0.8478934668210247,0.883880414237189,0.8290270164625887,0.8755711866614562,0.8990469933045491,0.8670838154973616,0.025268143458237,8.0,longitudinal,ExtraTreesClassifier,"{""model__estimator__class_weight"": null, ""model__estimator__max_depth"": null, ""model__estimator__max_features"": 0.5, ""model__estimator__min_samples_leaf"": 5, ""model__estimator__n_estimators"": 200}",,,,,,,,
1.7912561416625976,0.0326888459789187,0.0607506275177002,0.004713337685239,MultiOutputWrapper(estimator=ExtraTreesClassifier(random_state=42)),,,,,,0.5,5.0,500.0,,,,,,,,,,,,,,,0.8461835886115521,0.8835441670266886,0.8281921832247039,0.8791717374718546,0.9040630540433432,0.8682309460756285,0.0273032017003978,4.0,longitudinal,ExtraTreesClassifier,"{""model__estimator__class_weight"": null, ""model__estimator__max_depth"": null, ""model__estimator__max_features"": 0.5, ""model__estimator__min_samples_leaf"": 5, ""model__estimator__n_estimators"": 500}",,,,,,,,
3.4482572078704834,0.0321579034921674,0.0892690181732177,0.0085599603014731,MultiOutputWrapper(estimator=ExtraTreesClassifier(random_state=42)),,,,,,0.5,5.0,1000.0,,,,,,,,,,,,,,,0.848501390693155,0.8818270049918712,0.8333622519476033,0.877558197956791,0.9056918632542812,0.8693881417687404,0.0255873266989638,1.0,longitudinal,ExtraTreesClassifier,"{""model__estimator__class_weight"": null, ""model__estimator__max_depth"": null, ""model__estimator__max_features"": 0.5, ""model__estimator__min_samples_leaf"": 5, ""model__estimator__n_estimators"": 1000}",,,,,,,,
0.7017852306365967,0.0106175228745593,0.0319963932037353,0.0039604051261936,MultiOutputWrapper(estimator=ExtraTreesClassifier(random_state=42)),,,,,,0.5,10.0,200.0,,,,,,,,,,,,,,,0.8341245832617878,0.8809958073746377,0.8189031152563019,0.8686830793278624,0.8942581815906387,0.8593929533622457,0.0284481683021418,41.0,longitudinal,ExtraTreesClassifier,"{""model__estimator__class_weight"": null, ""model__estimator__max_depth"": null, ""model__estimator__max_features"": 0.5, ""model__estimator__min_samples_leaf"": 10, ""model__estimator__n_estimators"": 200}",,,,,,,,
1.5450743198394776,0.0656118323446039,0.0572268009185791,0.0091414897637644,MultiOutputWrapper(estimator=ExtraTreesClassifier(random_state=42)),,,,,,0.5,10.0,500.0,,,,,,,,,,,,,,,0.8446520941693949,0.8754400636461179,0.8119784422809457,0.8727255810491449,0.8948318836952214,0.8599256129681649,0.0288277527816131,35.0,longitudinal,ExtraTreesClassifier,"{""model__estimator__class_weight"": null, ""model__estimator__max_depth"": null, ""model__estimator__max_features"": 0.5, ""model__estimator__min_samples_leaf"": 10, ""model__estimator__n_estimators"": 500}",,,,,,,,
3.090739440917969,0.0838522669291324,0.1140130519866943,0.0247646274509939,MultiOutputWrapper(estimator=ExtraTreesClassifier(random_state=42)),,,,,,0.5,10.0,1000.0,,,,,,,,,,,,,,,0.8437278575995693,0.8761144604957863,0.816113008717627,0.8736619587264369,0.8980853304966314,0.8615405232072103,0.0285510136972751,21.0,longitudinal,ExtraTreesClassifier,"{""model__estimator__class_weight"": null, ""model__estimator__max_depth"": null, ""model__estimator__max_features"": 0.5, ""model__estimator__min_samples_leaf"": 10, ""model__estimator__n_estimators"": 1000}",,,,,,,,
0.3334178447723389,0.0141937556660028,0.0292032718658447,0.0049699691968074,MultiOutputWrapper(estimator=ExtraTreesClassifier(random_state=42)),,,,,5.0,sqrt,1.0,200.0,,,,,,,,,,,,,,,0.8010516769335434,0.8699692320268051,0.7721873948930522,0.8665661809858761,0.87554888096281,0.8370646731604173,0.0422849390231625,425.0,longitudinal,ExtraTreesClassifier,"{""model__estimator__class_weight"": null, ""model__estimator__max_depth"": 5, ""model__estimator__max_features"": ""sqrt"", ""model__estimator__min_samples_leaf"": 1, ""model__estimator__n_estimators"": 200}",,,,,,,,
0.6245533943176269,0.0169254804671581,0.047955322265625,0.0064888947277153,MultiOutputWrapper(estimator=ExtraTreesClassifier(random_state=42)),,,,,5.0,sqrt,1.0,500.0,,,,,,,,,,,,,,,0.8152665199110686,0.8734129948523215,0.7735706023253064,0.8669338841437317,0.8774775253947396,0.8413323053254335,0.0406501217098149,379.0,longitudinal,ExtraTreesClassifier,"{""model__estimator__class_weight"": null, ""model__estimator__max_depth"": 5, ""model__estimator__max_features"": ""sqrt"", ""model__estimator__min_samples_leaf"": 1, ""model__estimator__n_estimators"": 500}",,,,,,,,
1.1610103130340577,0.0467997761733034,0.0862545013427734,0.0135761681522581,MultiOutputWrapper(estimator=ExtraTreesClassifier(random_state=42)),,,,,5.0,sqrt,1.0,1000.0,,,,,,,,,,,,,,,0.8202431382952302,0.8724646906134451,0.7730526807384985,0.8678953832412214,0.8761661765012618,0.8419644138779313,0.0399827047529941,375.0,longitudinal,ExtraTreesClassifier,"{""model__estimator__class_weight"": null, ""model__estimator__max_depth"": 5, ""model__estimator__max_features"": ""sqrt"", ""model__estimator__min_samples_leaf"": 1, ""model__estimator__n_estimators"": 1000}",,,,,,,,
0.3436418056488037,0.0160242539721554,0.0304122447967529,0.0083136717492868,MultiOutputWrapper(estimator=ExtraTreesClassifier(random_state=42)),,,,,5.0,sqrt,5.0,200.0,,,,,,,,,,,,,,,0.8171438356788743,0.8781771984158018,0.7953332515203577,0.8665045869852435,0.8724770039421812,0.8459271753084916,0.0333365055959026,319.0,longitudinal,ExtraTreesClassifier,"{""model__estimator__class_weight"": null, ""model__estimator__max_depth"": 5, ""model__estimator__max_features"": ""sqrt"", ""model__estimator__min_samples_leaf"": 5, ""model__estimator__n_estimators"": 200}",,,,,,,,
0.6912368297576904,0.0295541056580352,0.0494850635528564,0.0040226396748006,MultiOutputWrapper(estimator=ExtraTreesClassifier(random_state=42)),,,,,5.0,sqrt,5.0,500.0,,,,,,,,,,,,,,,0.8180289494113622,0.8772893315695505,0.7903949862281491,0.8678246710954799,0.8729366122270195,0.8452949101063123,0.0347929046949889,330.0,longitudinal,ExtraTreesClassifier,"{""model__estimator__class_weight"": null, ""model__estimator__max_depth"": 5, ""model__estimator__max_features"": ""sqrt"", ""model__estimator__min_samples_leaf"": 5, ""model__estimator__n_estimators"": 500}",,,,,,,,
1.220873975753784,0.0737038009761477,0.0912635803222656,0.0172541559750293,MultiOutputWrapper(estimator=ExtraTreesClassifier(random_state=42)),,,,,5.0,sqrt,5.0,1000.0,,,,,,,,,,,,,,,0.8249679343420936,0.8778730723302814,0.7842200382702917,0.8677926645453022,0.8772368228938532,0.8464181064763645,0.0366736675675945,308.0,longitudinal,ExtraTreesClassifier,"{""model__estimator__class_weight"": null, ""model__estimator__max_depth"": 5, ""model__estimator__max_features"": ""sqrt"", ""model__estimator__min_samples_leaf"": 5, ""model__estimator__n_estimators"": 1000}",,,,,,,,
0.3364960670471191,0.0269240390096656,0.0314923763275146,0.0032835992040206,MultiOutputWrapper(estimator=ExtraTreesClassifier(random_state=42)),,,,,5.0,sqrt,10.0,200.0,,,,,,,,,,,,,,,0.81463870162037,0.8738304593958778,0.7866465315843537,0.866915647853514,0.8781082744091941,0.844027922972662,0.0366874907587544,352.0,longitudinal,ExtraTreesClassifier,"{""model__estimator__class_weight"": null, ""model__estimator__max_depth"": 5, ""model__estimator__max_features"": ""sqrt"", ""model__estimator__min_samples_leaf"": 10, ""model__estimator__n_estimators"": 200}",,,,,,,,
0.648628044128418,0.0225995565441849,0.0478057861328125,0.0079372339093479,MultiOutputWrapper(estimator=ExtraTreesClassifier(random_state=42)),,,,,5.0,sqrt,10.0,500.0,,,,,,,,,,,,,,,0.8147327006087199,0.8725912359909698,0.7863839346587035,0.8685440741361022,0.8781560394635295,0.8440815969716049,0.0367767804226158,350.0,longitudinal,ExtraTreesClassifier,"{""model__estimator__class_weight"": null, ""model__estimator__max_depth"": 5, ""model__estimator__max_features"": ""sqrt"", ""model__estimator__min_samples_leaf"": 10, ""model__estimator__n_estimators"": 500}",,,,,,,,
1.0948978424072269,0.1040703118295504,0.0792012691497802,0.0153063082666855,MultiOutputWrapper(estimator=ExtraTreesClassifier(random_state=42)),,,,,5.0,sqrt,10.0,1000.0,,,,,,,,,,,,,,,0.816482367655329,0.8725610172946572,0.7884706768660176,0.8688706525986714,0.8739460400892727,0.8440661509007896,0.0351333184441327,351.0,longitudinal,ExtraTreesClassifier,"{""model__estimator__class_weight"": null, ""model__estimator__max_depth"": 5, ""model__estimator__max_features"": ""sqrt"", ""model__estimator__min_samples_leaf"": 10, ""model__estimator__n_estimators"": 1000}",,,,,,,,
0.3152766227722168,0.017999060664535,0.0327203750610351,0.0064451940427937,MultiOutputWrapper(estimator=ExtraTreesClassifier(random_state=42)),,,,,5.0,log2,1.0,200.0,,,,,,,,,,,,,,,0.8408878484243989,0.8750753166993325,0.7738645040770131,0.8608476153259271,0.8757408797947562,0.8452832328642856,0.0378878364205513,331.0,longitudinal,ExtraTreesClassifier,"{""model__estimator__class_weight"": null, ""model__estimator__max_depth"": 5, ""model__estimator__max_features"": ""log2"", ""model__estimator__min_samples_leaf"": 1, ""model__estimator__n_estimators"": 200}",,,,,,,,
0.6469883918762207,0.0233446166070876,0.0515798568725585,0.0054019259957044,MultiOutputWrapper(estimator=ExtraTreesClassifier(random_state=42)),,,,,5.0,log2,1.0,500.0,,,,,,,,,,,,,,,0.8220977505391714,0.8738002040058374,0.7737022416755296,0.8632479205046613,0.8709966001293202,0.840768943370904,0.0383578824839786,387.0,longitudinal,ExtraTreesClassifier,"{""model__estimator__class_weight"": null, ""model__estimator__max_depth"": 5, ""model__estimator__max_features"": ""log2"", ""model__estimator__min_samples_leaf"": 1, ""model__estimator__n_estimators"": 500}",,,,,,,,
1.1685101509094238,0.0946261434593922,0.0772092342376709,0.0091134767816305,MultiOutputWrapper(estimator=ExtraTreesClassifier(random_state=42)),,,,,5.0,log2,1.0,1000.0,,,,,,,,,,,,,,,0.8257446277721543,0.8767584918742303,0.7763916728026398,0.8631656711140885,0.8725185115658176,0.842915795025786,0.0378206669971037,367.0,longitudinal,ExtraTreesClassifier,"{""model__estimator__class_weight"": null, ""model__estimator__max_depth"": 5, ""model__estimator__max_features"": ""log2"", ""model__estimator__min_samples_leaf"": 1, ""model__estimator__n_estimators"": 1000}",,,,,,,,
0.4347070693969727,0.0560820643084064,0.0336636066436767,0.0018392633652385,MultiOutputWrapper(estimator=ExtraTreesClassifier(random_state=42)),,,,,5.0,log2,5.0,200.0,,,,,,,,,,,,,,,0.7874618431414204,0.8734337014052963,0.7844751924877507,0.8620078527698691,0.8662938280875205,0.8347344835783714,0.0399953928050011,445.0,longitudinal,ExtraTreesClassifier,"{""model__estimator__class_weight"": null, ""model__estimator__max_depth"": 5, ""model__estimator__max_features"": ""log2"", ""model__estimator__min_samples_leaf"": 5, ""model__estimator__n_estimators"": 200}",,,,,,,,
0.6658525943756104,0.0657559040602852,0.0469592094421386,0.0063213252332715,MultiOutputWrapper(estimator=ExtraTreesClassifier(random_state=42)),,,,,5.0,log2,5.0,500.0,,,,,,,,,,,,,,,0.8017700191074969,0.8731881469774614,0.7793590976028797,0.8640062152254414,0.8677804893310807,0.837220793648872,0.0388580431817906,421.0,longitudinal,ExtraTreesClassifier,"{""model__estimator__class_weight"": null, ""model__estimator__max_depth"": 5, ""model__estimator__max_features"": ""log2"", ""model__estimator__min_samples_leaf"": 5, ""model__estimator__n_estimators"": 500}",,,,,,,,
1.1266586303710937,0.1151854437529688,0.0936953544616699,0.043883905323078,MultiOutputWrapper(estimator=ExtraTreesClassifier(random_state=42)),,,,,5.0,log2,5.0,1000.0,,,,,,,,,,,,,,,0.8120498487826993,0.8744236022187625,0.7848075008863072,0.8637983587338804,0.8671611079823958,0.840448083720809,0.0355400930537726,391.0,longitudinal,ExtraTreesClassifier,"{""model__estimator__class_weight"": null, ""model__estimator__max_depth"": 5, ""model__estimator__max_features"": ""log2"", ""model__estimator__min_samples_leaf"": 5, ""model__estimator__n_estimators"": 1000}",,,,,,,,
0.2943160057067871,0.0184800935029689,0.0361238002777099,0.0022697742514351,MultiOutputWrapper(estimator=ExtraTreesClassifier(random_state=42)),,,,,5.0,log2,10.0,200.0,,,,,,,,,,,,,,,0.8121733563990023,0.8670486624882107,0.7839885757269992,0.8666372653008056,0.8718743090753602,0.8403444337980757,0.0356879649016835,392.0,longitudinal,ExtraTreesClassifier,"{""model__estimator__class_weight"": null, ""model__estimator__max_depth"": 5, ""model__estimator__max_features"": ""log2"", ""model__estimator__min_samples_leaf"": 10, ""model__estimator__n_estimators"": 200}",,,,,,,,
0.5744580268859864,0.0127881394225288,0.0456413745880126,0.0051556989712471,MultiOutputWrapper(estimator=ExtraTreesClassifier(random_state=42)),,,,,5.0,log2,10.0,500.0,,,,,,,,,,,,,,,0.8127325432244101,0.8663175964095243,0.7822187451707617,0.8649928357431289,0.8683998706797655,0.8389323182455181,0.0352144807171447,402.0,longitudinal,ExtraTreesClassifier,"{""model__estimator__class_weight"": null, ""model__estimator__max_depth"": 5, ""model__estimator__max_features"": ""log2"", ""model__estimator__min_samples_leaf"": 10, ""model__estimator__n_estimators"": 500}",,,,,,,,
1.0340675354003903,0.0589483701915187,0.074290657043457,0.0054793275449307,MultiOutputWrapper(estimator=ExtraTreesClassifier(random_state=42)),,,,,5.0,log2,10.0,1000.0,,,,,,,,,,,,,,,0.8133253797826645,0.8698256014850008,0.7869793513140073,0.8651595675394033,0.8671258577894583,0.840483151582107,0.0339998231674574,390.0,longitudinal,ExtraTreesClassifier,"{""model__estimator__class_weight"": null, ""model__estimator__max_depth"": 5, ""model__estimator__max_features"": ""log2"", ""model__estimator__min_samples_leaf"": 10, ""model__estimator__n_estimators"": 1000}",,,,,,,,
0.572315263748169,0.0208590702804601,0.0370262145996093,0.0098428373053872,MultiOutputWrapper(estimator=ExtraTreesClassifier(random_state=42)),,,,,5.0,0.5,1.0,200.0,,,,,,,,,,,,,,,0.841996752971931,0.8760502182458263,0.8046913491868699,0.8709280038705596,0.8813190663913397,0.8549970781333054,0.0285991293169325,117.0,longitudinal,ExtraTreesClassifier,"{""model__estimator__class_weight"": null, ""model__estimator__max_depth"": 5, ""model__estimator__max_features"": 0.5, ""model__estimator__min_samples_leaf"": 1, ""model__estimator__n_estimators"": 200}",,,,,,,,
1.2309199810028075,0.0211830775299513,0.0480206966400146,0.0055666215243181,MultiOutputWrapper(estimator=ExtraTreesClassifier(random_state=42)),,,,,5.0,0.5,1.0,500.0,,,,,,,,,,,,,,,0.8358042868435087,0.8760955462902952,0.792310489332497,0.8754546977055769,0.8834800700832239,0.8526290180510203,0.0344815124313397,177.0,longitudinal,ExtraTreesClassifier,"{""model__estimator__class_weight"": null, ""model__estimator__max_depth"": 5, ""model__estimator__max_features"": 0.5, ""model__estimator__min_samples_leaf"": 1, ""model__estimator__n_estimators"": 500}",,,,,,,,
2.289708375930786,0.0241816147559061,0.0781093120574951,0.0043494269004466,MultiOutputWrapper(estimator=ExtraTreesClassifier(random_state=42)),,,,,5.0,0.5,1.0,1000.0,,,,,,,,,,,,,,,0.8404796798438509,0.8742801551455981,0.7940260051633077,0.8729058970207857,0.882510064034374,0.8528403602415834,0.0327245983262867,174.0,longitudinal,ExtraTreesClassifier,"{""model__estimator__class_weight"": null, ""model__estimator__max_depth"": 5, ""model__estimator__max_features"": 0.5, ""model__estimator__min_samples_leaf"": 1, ""model__estimator__n_estimators"": 1000}",,,,,,,,
0.5459048748016357,0.0125943682672111,0.0295958042144775,0.0024580774593335,MultiOutputWrapper(estimator=ExtraTreesClassifier(random_state=42)),,,,,5.0,0.5,5.0,200.0,,,,,,,,,,,,,,,0.8471874028556509,0.8768379535535307,0.7893579499486395,0.8729083161205083,0.8832196566756356,0.853902255830793,0.034519105499271,151.0,longitudinal,ExtraTreesClassifier,"{""model__estimator__class_weight"": null, ""model__estimator__max_depth"": 5, ""model__estimator__max_features"": 0.5, ""model__estimator__min_samples_leaf"": 5, ""model__estimator__n_estimators"": 200}",,,,,,,,
1.181584119796753,0.0182426632492542,0.0474718570709228,0.0036419571738692,MultiOutputWrapper(estimator=ExtraTreesClassifier(random_state=42)),,,,,5.0,0.5,5.0,500.0,,,,,,,,,,,,,,,0.8423089245647328,0.8770627647346627,0.7964061377912315,0.871222761867545,0.8881631312183218,0.8550327440352987,0.0329970774037226,116.0,longitudinal,ExtraTreesClassifier,"{""model__estimator__class_weight"": null, ""model__estimator__max_depth"": 5, ""model__estimator__max_features"": 0.5, ""model__estimator__min_samples_leaf"": 5, ""model__estimator__n_estimators"": 500}",,,,,,,,
2.2065574169158935,0.0216647201973307,0.0924047946929931,0.0214151898840173,MultiOutputWrapper(estimator=ExtraTreesClassifier(random_state=42)),,,,,5.0,0.5,5.0,1000.0,,,,,,,,,,,,,,,0.8436578941346811,0.8793598626728761,0.8056336187697146,0.8753588641396377,0.8884805915357821,0.8584981662505381,0.0304412003499712,52.0,longitudinal,ExtraTreesClassifier,"{""model__estimator__class_weight"": null, ""model__estimator__max_depth"": 5, ""model__estimator__max_features"": 0.5, ""model__estimator__min_samples_leaf"": 5, ""model__estimator__n_estimators"": 1000}",,,,,,,,
0.5281186103820801,0.0108212064341322,0.0296601772308349,0.0008666373268757,MultiOutputWrapper(estimator=ExtraTreesClassifier(random_state=42)),,,,,5.0,0.5,10.0,200.0,,,,,,,,,,,,,,,0.8300214664013332,0.8772251994007745,0.7912512953721126,0.8718074396620703,0.8865820870617191,0.851377497579602,0.0357661560783843,205.0,longitudinal,ExtraTreesClassifier,"{""model__estimator__class_weight"": null, ""model__estimator__max_depth"": 5, ""model__estimator__max_features"": 0.5, ""model__estimator__min_samples_leaf"": 10, ""model__estimator__n_estimators"": 200}",,,,,,,,
1.1938225746154785,0.0405218055489859,0.0530780792236328,0.0075234363072073,MultiOutputWrapper(estimator=ExtraTreesClassifier(random_state=42)),,,,,5.0,0.5,10.0,500.0,,,,,,,,,,,,,,,0.8405338899950645,0.8782377458896109,0.8027201678075031,0.8707043301885036,0.889774315332791,0.8563940898426946,0.0313961895390732,96.0,longitudinal,ExtraTreesClassifier,"{""model__estimator__class_weight"": null, ""model__estimator__max_depth"": 5, ""model__estimator__max_features"": 0.5, ""model__estimator__min_samples_leaf"": 10, ""model__estimator__n_estimators"": 500}",,,,,,,,
2.23948974609375,0.0760890942460218,0.0773198127746582,0.0028968650956134,MultiOutputWrapper(estimator=ExtraTreesClassifier(random_state=42)),,,,,5.0,0.5,10.0,1000.0,,,,,,,,,,,,,,,0.8404796798438509,0.8790576023222951,0.8048067395711181,0.8752241388935409,0.8891985274179754,0.8577533376097561,0.0311436094600259,64.0,longitudinal,ExtraTreesClassifier,"{""model__estimator__class_weight"": null, ""model__estimator__max_depth"": 5, ""model__estimator__max_features"": 0.5, ""model__estimator__min_samples_leaf"": 10, ""model__estimator__n_estimators"": 1000}",,,,,,,,
0.4101348400115966,0.015632672648128,0.0313096523284912,0.0039216658029914,MultiOutputWrapper(estimator=ExtraTreesClassifier(random_state=42)),,,,,10.0,sqrt,1.0,200.0,,,,,,,,,,,,,,,0.8242447850634476,0.8793484847945989,0.7708414010017545,0.8714054969389085,0.855273866883591,0.84022280693646,0.0394937714117825,395.0,longitudinal,ExtraTreesClassifier,"{""model__estimator__class_weight"": null, ""model__estimator__max_depth"": 10, ""model__estimator__max_features"": ""sqrt"", ""model__estimator__min_samples_leaf"": 1, ""model__estimator__n_estimators"": 200}",,,,,,,,
0.8414196968078613,0.0217878468383229,0.0519259929656982,0.0045175517856092,MultiOutputWrapper(estimator=ExtraTreesClassifier(random_state=42)),,,,,10.0,sqrt,1.0,500.0,,,,,,,,,,,,,,,0.8319995862615776,0.8780412509761236,0.8066312257401801,0.8691285658460335,0.8834510773209852,0.85385034122898,0.0296712931946762,153.0,longitudinal,ExtraTreesClassifier,"{""model__estimator__class_weight"": null, ""model__estimator__max_depth"": 10, ""model__estimator__max_features"": ""sqrt"", ""model__estimator__min_samples_leaf"": 1, ""model__estimator__n_estimators"": 500}",,,,,,,,
1.5579072952270507,0.0273543662768152,0.0931099414825439,0.0046883294827896,MultiOutputWrapper(estimator=ExtraTreesClassifier(random_state=42)),,,,,10.0,sqrt,1.0,1000.0,,,,,,,,,,,,,,,0.840890657529695,0.877476424420884,0.800587576245148,0.8690189620201343,0.8860519783910059,0.8548051197213734,0.0310661932816755,119.0,longitudinal,ExtraTreesClassifier,"{""model__estimator__class_weight"": null, ""model__estimator__max_depth"": 10, ""model__estimator__max_features"": ""sqrt"", ""model__estimator__min_samples_leaf"": 1, ""model__estimator__n_estimators"": 1000}",,,,,,,,
0.3940041065216064,0.0139506276050544,0.030281925201416,0.0036349602218467,MultiOutputWrapper(estimator=ExtraTreesClassifier(random_state=42)),,,,,10.0,sqrt,5.0,200.0,,,,,,,,,,,,,,,0.8387313447968393,0.8801947550662607,0.8035627846409773,0.8687997543683357,0.8755934130112841,0.8533764103767394,0.0287978249616689,166.0,longitudinal,ExtraTreesClassifier,"{""model__estimator__class_weight"": null, ""model__estimator__max_depth"": 10, ""model__estimator__max_features"": ""sqrt"", ""model__estimator__min_samples_leaf"": 5, ""model__estimator__n_estimators"": 200}",,,,,,,,
0.8105508327484131,0.0242456168226189,0.0564159393310546,0.0049387381731958,MultiOutputWrapper(estimator=ExtraTreesClassifier(random_state=42)),,,,,10.0,sqrt,5.0,500.0,,,,,,,,,,,,,,,0.8421709956343526,0.877166591049361,0.8081303348877797,0.8705104300414968,0.8811873474751266,0.8558331398176234,0.027479398165068,102.0,longitudinal,ExtraTreesClassifier,"{""model__estimator__class_weight"": null, ""model__estimator__max_depth"": 10, ""model__estimator__max_features"": ""sqrt"", ""model__estimator__min_samples_leaf"": 5, ""model__estimator__n_estimators"": 500}",,,,,,,,
1.4633854866027831,0.0241100879363147,0.0877025604248046,0.0021341758473527,MultiOutputWrapper(estimator=ExtraTreesClassifier(random_state=42)),,,,,10.0,sqrt,5.0,1000.0,,,,,,,,,,,,,,,0.8460312383670949,0.8764109768666367,0.8114999500031814,0.8712891940676231,0.8869016331894124,0.8584265984987898,0.0270387393289783,56.0,longitudinal,ExtraTreesClassifier,"{""model__estimator__class_weight"": null, ""model__estimator__max_depth"": 10, ""model__estimator__max_features"": ""sqrt"", ""model__estimator__min_samples_leaf"": 5, ""model__estimator__n_estimators"": 1000}",,,,,,,,
0.3645758152008057,0.0239324749484605,0.0319904327392578,0.0026831087917475,MultiOutputWrapper(estimator=ExtraTreesClassifier(random_state=42)),,,,,10.0,sqrt,10.0,200.0,,,,,,,,,,,,,,,0.8323165649590717,0.8733129000075024,0.81051876244239,0.8713896797484135,0.8715141939386355,0.8518104202192026,0.0257641383880982,197.0,longitudinal,ExtraTreesClassifier,"{""model__estimator__class_weight"": null, ""model__estimator__max_depth"": 10, ""model__estimator__max_features"": ""sqrt"", ""model__estimator__min_samples_leaf"": 10, ""model__estimator__n_estimators"": 200}",,,,,,,,
0.7377291679382324,0.0206664045434091,0.0582396030426025,0.0118420822090462,MultiOutputWrapper(estimator=ExtraTreesClassifier(random_state=42)),,,,,10.0,sqrt,10.0,500.0,,,,,,,,,,,,,,,0.8315899405753308,0.8736075873371412,0.8092358895343023,0.8725339139172668,0.8818129862545105,0.8537560635237103,0.0283099433939735,154.0,longitudinal,ExtraTreesClassifier,"{""model__estimator__class_weight"": null, ""model__estimator__max_depth"": 10, ""model__estimator__max_features"": ""sqrt"", ""model__estimator__min_samples_leaf"": 10, ""model__estimator__n_estimators"": 500}",,,,,,,,
1.3881250381469727,0.0487500022467186,0.0899793624877929,0.017774621792503,MultiOutputWrapper(estimator=ExtraTreesClassifier(random_state=42)),,,,,10.0,sqrt,10.0,1000.0,,,,,,,,,,,,,,,0.8359442137732851,0.8752057403216482,0.8080457379984909,0.8707958838087795,0.8810971361825499,0.8542177424169507,0.0279413975254292,143.0,longitudinal,ExtraTreesClassifier,"{""model__estimator__class_weight"": null, ""model__estimator__max_depth"": 10, ""model__estimator__max_features"": ""sqrt"", ""model__estimator__min_samples_leaf"": 10, ""model__estimator__n_estimators"": 1000}",,,,,,,,
0.3723714828491211,0.0299260739827901,0.030531358718872,0.0033938338550343,MultiOutputWrapper(estimator=ExtraTreesClassifier(random_state=42)),,,,,10.0,log2,1.0,200.0,,,,,,,,,,,,,,,0.8450431774366709,0.8642094937513121,0.7731601170834583,0.8669977111594931,0.8572356756982249,0.8413292350258319,0.0349176567670451,380.0,longitudinal,ExtraTreesClassifier,"{""model__estimator__class_weight"": null, ""model__estimator__max_depth"": 10, ""model__estimator__max_features"": ""log2"", ""model__estimator__min_samples_leaf"": 1, ""model__estimator__n_estimators"": 200}",,,,,,,,
0.7191455841064454,0.0454751495002849,0.0601165771484375,0.0054776737098941,MultiOutputWrapper(estimator=ExtraTreesClassifier(random_state=42)),,,,,10.0,log2,1.0,500.0,,,,,,,,,,,,,,,0.8416577367503711,0.8746654618704464,0.7951242875453379,0.8653579337166676,0.8816054481363285,0.8516821736038303,0.0313367009195029,201.0,longitudinal,ExtraTreesClassifier,"{""model__estimator__class_weight"": null, ""model__estimator__max_depth"": 10, ""model__estimator__max_features"": ""log2"", ""model__estimator__min_samples_leaf"": 1, ""model__estimator__n_estimators"": 500}",,,,,,,,
1.363151788711548,0.0264818571620403,0.0878818035125732,0.0075449999157891,MultiOutputWrapper(estimator=ExtraTreesClassifier(random_state=42)),,,,,10.0,log2,1.0,1000.0,,,,,,,,,,,,,,,0.841449844355103,0.8744009932371202,0.8042204700609961,0.8661915926980406,0.8869783910059862,0.8546482582714491,0.0292773514671203,122.0,longitudinal,ExtraTreesClassifier,"{""model__estimator__class_weight"": null, ""model__estimator__max_depth"": 10, ""model__estimator__max_features"": ""log2"", ""model__estimator__min_samples_leaf"": 1, ""model__estimator__n_estimators"": 1000}",,,,,,,,
0.3494112968444824,0.0132933046721611,0.0321427345275878,0.0027650555691626,MultiOutputWrapper(estimator=ExtraTreesClassifier(random_state=42)),,,,,10.0,log2,5.0,200.0,,,,,,,,,,,,,,,0.8193374641443754,0.8704264274100115,0.7806411182924722,0.8642114665326858,0.8790326012139416,0.8427298155186973,0.0372791210085466,368.0,longitudinal,ExtraTreesClassifier,"{""model__estimator__class_weight"": null, ""model__estimator__max_depth"": 10, ""model__estimator__max_features"": ""log2"", ""model__estimator__min_samples_leaf"": 5, ""model__estimator__n_estimators"": 200}",,,,,,,,
0.7004781246185303,0.0136358934230442,0.0514430046081543,0.0102584561899819,MultiOutputWrapper(estimator=ExtraTreesClassifier(random_state=42)),,,,,10.0,log2,5.0,500.0,,,,,,,,,,,,,,,0.8247154460049965,0.870617215037496,0.7880603620678683,0.8672833510113698,0.879949731973385,0.8461252212190231,0.034703106743473,311.0,longitudinal,ExtraTreesClassifier,"{""model__estimator__class_weight"": null, ""model__estimator__max_depth"": 10, ""model__estimator__max_features"": ""log2"", ""model__estimator__min_samples_leaf"": 5, ""model__estimator__n_estimators"": 500}",,,,,,,,
1.2594110012054442,0.0323962928340528,0.0897027969360351,0.0056784012856346,MultiOutputWrapper(estimator=ExtraTreesClassifier(random_state=42)),,,,,10.0,log2,5.0,1000.0,,,,,,,,,,,,,,,0.8300927618658188,0.8748694931111476,0.7946449430490786,0.8680850034425649,0.8773509167135973,0.8490086236364414,0.0320911140563763,252.0,longitudinal,ExtraTreesClassifier,"{""model__estimator__class_weight"": null, ""model__estimator__max_depth"": 10, ""model__estimator__max_features"": ""log2"", ""model__estimator__min_samples_leaf"": 5, ""model__estimator__n_estimators"": 1000}",,,,,,,,
0.3371682167053222,0.019670048115655,0.0309579849243164,0.0032240314663954,MultiOutputWrapper(estimator=ExtraTreesClassifier(random_state=42)),,,,,10.0,log2,10.0,200.0,,,,,,,,,,,,,,,0.8265844795630148,0.8804516506786447,0.7946373298971883,0.8678771469510038,0.8719364662203033,0.8482974146620311,0.0326402261526442,270.0,longitudinal,ExtraTreesClassifier,"{""model__estimator__class_weight"": null, ""model__estimator__max_depth"": 10, ""model__estimator__max_features"": ""log2"", ""model__estimator__min_samples_leaf"": 10, ""model__estimator__n_estimators"": 200}",,,,,,,,
0.6602215766906738,0.0193163987935701,0.049687385559082,0.0025214489298429,MultiOutputWrapper(estimator=ExtraTreesClassifier(random_state=42)),,,,,10.0,log2,10.0,500.0,,,,,,,,,,,,,,,0.8282744633539191,0.875664764746066,0.7961521766796658,0.8682608533839482,0.8758663412802703,0.8488437198887739,0.0317052318314452,255.0,longitudinal,ExtraTreesClassifier,"{""model__estimator__class_weight"": null, ""model__estimator__max_depth"": 10, ""model__estimator__max_features"": ""log2"", ""model__estimator__min_samples_leaf"": 10, ""model__estimator__n_estimators"": 500}",,,,,,,,
1.2322656154632567,0.0290711191256836,0.0931890487670898,0.0056770258497855,MultiOutputWrapper(estimator=ExtraTreesClassifier(random_state=42)),,,,,10.0,log2,10.0,1000.0,,,,,,,,,,,,,,,0.8293915050051373,0.8746541206858971,0.7966931081658439,0.8685029494408156,0.8761838015977306,0.8490850969790849,0.0312983252465584,251.0,longitudinal,ExtraTreesClassifier,"{""model__estimator__class_weight"": null, ""model__estimator__max_depth"": 10, ""model__estimator__max_features"": ""log2"", ""model__estimator__min_samples_leaf"": 10, ""model__estimator__n_estimators"": 1000}",,,,,,,,
0.8617353916168213,0.0511187315567139,0.0340494632720947,0.0030235752298131,MultiOutputWrapper(estimator=ExtraTreesClassifier(random_state=42)),,,,,10.0,0.5,1.0,200.0,,,,,,,,,,,,,,,0.8352175893895442,0.8639432327705023,0.8219175825174762,0.8691319153687267,0.8980375654422961,0.8576495770977092,0.0267679409205912,68.0,longitudinal,ExtraTreesClassifier,"{""model__estimator__class_weight"": null, ""model__estimator__max_depth"": 10, ""model__estimator__max_features"": 0.5, ""model__estimator__min_samples_leaf"": 1, ""model__estimator__n_estimators"": 200}",,,,,,,,
1.8911320686340332,0.0383763059868356,0.051531171798706,0.0033748496275147,MultiOutputWrapper(estimator=ExtraTreesClassifier(random_state=42)),,,,,10.0,0.5,1.0,500.0,,,,,,,,,,,,,,,0.8518483745419158,0.867313314590177,0.8221410910214804,0.8733536165540854,0.9019238470683936,0.8633160487552104,0.02620754734156,17.0,longitudinal,ExtraTreesClassifier,"{""model__estimator__class_weight"": null, ""model__estimator__max_depth"": 10, ""model__estimator__max_features"": 0.5, ""model__estimator__min_samples_leaf"": 1, ""model__estimator__n_estimators"": 500}",,,,,,,,
3.658242654800415,0.0437742439825139,0.1035888195037841,0.027646321422453,MultiOutputWrapper(estimator=ExtraTreesClassifier(random_state=42)),,,,,10.0,0.5,1.0,1000.0,,,,,,,,,,,,,,,0.8495696952976507,0.8716543830178265,0.8173339537483979,0.8725953218333053,0.8993799929082452,0.8621066693610852,0.0273943172829957,19.0,longitudinal,ExtraTreesClassifier,"{""model__estimator__class_weight"": null, ""model__estimator__max_depth"": 10, ""model__estimator__max_features"": 0.5, ""model__estimator__min_samples_leaf"": 1, ""model__estimator__n_estimators"": 1000}",,,,,,,,
0.7667696475982666,0.0243865470809234,0.0342721939086914,0.0044083194797898,MultiOutputWrapper(estimator=ExtraTreesClassifier(random_state=42)),,,,,10.0,0.5,5.0,200.0,,,,,,,,,,,,,,,0.8496980100186461,0.878736501153679,0.8322726053796576,0.8714864437373229,0.9003998498216632,0.8665186820221937,0.0235695399373903,9.0,longitudinal,ExtraTreesClassifier,"{""model__estimator__class_weight"": null, ""model__estimator__max_depth"": 10, ""model__estimator__max_features"": 0.5, ""model__estimator__min_samples_leaf"": 5, ""model__estimator__n_estimators"": 200}",,,,,,,,
1.6897264957427978,0.0305415710266064,0.0536388397216796,0.0036513719645793,MultiOutputWrapper(estimator=ExtraTreesClassifier(random_state=42)),,,,,10.0,0.5,5.0,500.0,,,,,,,,,,,,,,,0.848783387658205,0.878398351514511,0.8311597784686429,0.8795383241221459,0.90333375049538,0.868242718451777,0.0253610650918959,3.0,longitudinal,ExtraTreesClassifier,"{""model__estimator__class_weight"": null, ""model__estimator__max_depth"": 10, ""model__estimator__max_features"": 0.5, ""model__estimator__min_samples_leaf"": 5, ""model__estimator__n_estimators"": 500}",,,,,,,,
3.2215010643005373,0.0882609868265799,0.0893455982208251,0.0074649501028363,MultiOutputWrapper(estimator=ExtraTreesClassifier(random_state=42)),,,,,10.0,0.5,5.0,1000.0,,,,,,,,,,,,,,,0.8487683003443294,0.8799643833740379,0.828238373467143,0.8779510225348444,0.9045620841415848,0.8678968327723879,0.026569709500054,6.0,longitudinal,ExtraTreesClassifier,"{""model__estimator__class_weight"": null, ""model__estimator__max_depth"": 10, ""model__estimator__max_features"": 0.5, ""model__estimator__min_samples_leaf"": 5, ""model__estimator__n_estimators"": 1000}",,,,,,,,
0.7064399242401123,0.0209412439396519,0.0318657875061035,0.0034154450264109,MultiOutputWrapper(estimator=ExtraTreesClassifier(random_state=42)),,,,,10.0,0.5,10.0,200.0,,,,,,,,,,,,,,,0.8354838330409197,0.8779053035364455,0.8062518748806893,0.8699277991775061,0.8941948772500676,0.8567527375771256,0.0317037239181136,86.0,longitudinal,ExtraTreesClassifier,"{""model__estimator__class_weight"": null, ""model__estimator__max_depth"": 10, ""model__estimator__max_features"": 0.5, ""model__estimator__min_samples_leaf"": 10, ""model__estimator__n_estimators"": 200}",,,,,,,,
1.5536021709442138,0.0470041968580904,0.0533992767333984,0.0029754233487439,MultiOutputWrapper(estimator=ExtraTreesClassifier(random_state=42)),,,,,10.0,0.5,10.0,500.0,,,,,,,,,,,,,,,0.8458185388671342,0.8794033249824053,0.8103400806312324,0.8722002642401235,0.894175166343366,0.8603874750128522,0.0295287934384253,28.0,longitudinal,ExtraTreesClassifier,"{""model__estimator__class_weight"": null, ""model__estimator__max_depth"": 10, ""model__estimator__max_features"": 0.5, ""model__estimator__min_samples_leaf"": 10, ""model__estimator__n_estimators"": 500}",,,,,,,,
2.9930806159973145,0.0359951165901783,0.0826456069946289,0.0080904179812276,MultiOutputWrapper(estimator=ExtraTreesClassifier(random_state=42)),,,,,10.0,0.5,10.0,1000.0,,,,,,,,,,,,,,,0.8448991094020009,0.8780545312830683,0.8150929031788885,0.8734038593944806,0.8971111528273157,0.8617123112171509,0.0286806255298666,20.0,longitudinal,ExtraTreesClassifier,"{""model__estimator__class_weight"": null, ""model__estimator__max_depth"": 10, ""model__estimator__max_features"": 0.5, ""model__estimator__min_samples_leaf"": 10, ""model__estimator__n_estimators"": 1000}",,,,,,,,
0.456123399734497,0.0150708950731217,0.0410204887390136,0.0078039173442985,MultiOutputWrapper(estimator=ExtraTreesClassifier(random_state=42)),,,,,20.0,sqrt,1.0,200.0,,,,,,,,,,,,,,,0.8278985399535697,0.8770324909977583,0.8055836219513303,0.8658183070023632,0.8577439876520034,0.846815389511405,0.0262736529856251,303.0,longitudinal,ExtraTreesClassifier,"{""model__estimator__class_weight"": null, ""model__estimator__max_depth"": 20, ""model__estimator__max_features"": ""sqrt"", ""model__estimator__min_samples_leaf"": 1, ""model__estimator__n_estimators"": 200}",,,,,,,,
1.0085416793823243,0.0370916545792864,0.0640933513641357,0.0054774360618495,MultiOutputWrapper(estimator=ExtraTreesClassifier(random_state=42)),,,,,20.0,sqrt,1.0,500.0,,,,,,,,,,,,,,,0.8450620728555411,0.870440603890698,0.8152555064677702,0.8657599694821265,0.8866297478255428,0.8566295801043358,0.0245753520615797,89.0,longitudinal,ExtraTreesClassifier,"{""model__estimator__class_weight"": null, ""model__estimator__max_depth"": 20, ""model__estimator__max_features"": ""sqrt"", ""model__estimator__min_samples_leaf"": 1, ""model__estimator__n_estimators"": 500}",,,,,,,,
1.8211551189422608,0.0300957437859089,0.0972807884216308,0.0026995006106585,MultiOutputWrapper(estimator=ExtraTreesClassifier(random_state=42)),,,,,20.0,sqrt,1.0,1000.0,,,,,,,,,,,,,,,0.8487988079719804,0.8703130889519757,0.8147221881334824,0.8636839167085357,0.8889744071084412,0.857298481774883,0.0248937874177378,76.0,longitudinal,ExtraTreesClassifier,"{""model__estimator__class_weight"": null, ""model__estimator__max_depth"": 20, ""model__estimator__max_features"": ""sqrt"", ""model__estimator__min_samples_leaf"": 1, ""model__estimator__n_estimators"": 1000}",,,,,,,,
0.4069378852844238,0.01702687376059,0.0315973758697509,0.0053862519004074,MultiOutputWrapper(estimator=ExtraTreesClassifier(random_state=42)),,,,,20.0,sqrt,5.0,200.0,,,,,,,,,,,,,,,0.8412714605877876,0.874389688746299,0.7860121969511029,0.8716557807179144,0.8854854723317271,0.8517629198669662,0.0359948202086293,198.0,longitudinal,ExtraTreesClassifier,"{""model__estimator__class_weight"": null, ""model__estimator__max_depth"": 20, ""model__estimator__max_features"": ""sqrt"", ""model__estimator__min_samples_leaf"": 5, ""model__estimator__n_estimators"": 200}",,,,,,,,
0.8201253890991211,0.013433786158751,0.0585774898529052,0.0084531690503597,MultiOutputWrapper(estimator=ExtraTreesClassifier(random_state=42)),,,,,20.0,sqrt,5.0,500.0,,,,,,,,,,,,,,,0.8441923794368283,0.8703470758118952,0.7999073922568563,0.8708621299242634,0.8893385895751205,0.8549295134009928,0.0310427250224365,118.0,longitudinal,ExtraTreesClassifier,"{""model__estimator__class_weight"": null, ""model__estimator__max_depth"": 20, ""model__estimator__max_features"": ""sqrt"", ""model__estimator__min_samples_leaf"": 5, ""model__estimator__n_estimators"": 500}",,,,,,,,
1.5259153842926023,0.0455457630552689,0.0887874126434326,0.0041074404245593,MultiOutputWrapper(estimator=ExtraTreesClassifier(random_state=42)),,,,,20.0,sqrt,5.0,1000.0,,,,,,,,,,,,,,,0.8439796799368677,0.8767585652616863,0.8056727071913605,0.8699348703920802,0.8890605510710634,0.8570812747706116,0.0296296385462564,78.0,longitudinal,ExtraTreesClassifier,"{""model__estimator__class_weight"": null, ""model__estimator__max_depth"": 20, ""model__estimator__max_features"": ""sqrt"", ""model__estimator__min_samples_leaf"": 5, ""model__estimator__n_estimators"": 1000}",,,,,,,,
0.378249979019165,0.0262014236823197,0.0270894527435302,0.0045073802276045,MultiOutputWrapper(estimator=ExtraTreesClassifier(random_state=42)),,,,,20.0,sqrt,10.0,200.0,,,,,,,,,,,,,,,0.8341842665174926,0.8788610707150799,0.8140274596162063,0.8707456409683842,0.8734562918465677,0.8542549459327461,0.025562389997814,139.0,longitudinal,ExtraTreesClassifier,"{""model__estimator__class_weight"": null, ""model__estimator__max_depth"": 20, ""model__estimator__max_features"": ""sqrt"", ""model__estimator__min_samples_leaf"": 10, ""model__estimator__n_estimators"": 200}",,,,,,,,
0.766066598892212,0.0046498226024532,0.0570172309875488,0.0075286833450861,MultiOutputWrapper(estimator=ExtraTreesClassifier(random_state=42)),,,,,20.0,sqrt,10.0,500.0,,,,,,,,,,,,,,,0.8314465385404596,0.8745710009241738,0.8133394920323253,0.8706611585626824,0.8814519325031808,0.8542940245125644,0.0268919027283633,137.0,longitudinal,ExtraTreesClassifier,"{""model__estimator__class_weight"": null, ""model__estimator__max_depth"": 20, ""model__estimator__max_features"": ""sqrt"", ""model__estimator__min_samples_leaf"": 10, ""model__estimator__n_estimators"": 500}",,,,,,,,
1.4236551761627196,0.0325233998859358,0.0939017295837402,0.0109583321906293,MultiOutputWrapper(estimator=ExtraTreesClassifier(random_state=42)),,,,,20.0,sqrt,10.0,1000.0,,,,,,,,,,,,,,,0.8378963001106712,0.8751887285448244,0.813269951003118,0.8704441839260129,0.8826823519596186,0.855896303108849,0.0262386620477685,101.0,longitudinal,ExtraTreesClassifier,"{""model__estimator__class_weight"": null, ""model__estimator__max_depth"": 20, ""model__estimator__max_features"": ""sqrt"", ""model__estimator__min_samples_leaf"": 10, ""model__estimator__n_estimators"": 1000}",,,,,,,,
0.440264892578125,0.031728846443478,0.0431155204772949,0.0147673058852317,MultiOutputWrapper(estimator=ExtraTreesClassifier(random_state=42)),,,,,20.0,log2,1.0,200.0,,,,,,,,,,,,,,,0.8517683913146928,0.8699890790997662,0.772379598571,0.8605298758815756,0.8631500949043656,0.8435634079542801,0.036067358942284,357.0,longitudinal,ExtraTreesClassifier,"{""model__estimator__class_weight"": null, ""model__estimator__max_depth"": 20, ""model__estimator__max_features"": ""log2"", ""model__estimator__min_samples_leaf"": 1, ""model__estimator__n_estimators"": 200}",,,,,,,,
0.8739563465118408,0.0172829380715385,0.0607417583465576,0.003972108791901,MultiOutputWrapper(estimator=ExtraTreesClassifier(random_state=42)),,,,,20.0,log2,1.0,500.0,,,,,,,,,,,,,,,0.8521355116115577,0.8654902770370819,0.7921600727680966,0.8588968905264331,0.8838763740274909,0.850511825194132,0.0310335941452599,221.0,longitudinal,ExtraTreesClassifier,"{""model__estimator__class_weight"": null, ""model__estimator__max_depth"": 20, ""model__estimator__max_features"": ""log2"", ""model__estimator__min_samples_leaf"": 1, ""model__estimator__n_estimators"": 500}",,,,,,,,
1.5453676223754882,0.0597003543455859,0.1097522258758545,0.0115085543849708,MultiOutputWrapper(estimator=ExtraTreesClassifier(random_state=42)),,,,,20.0,log2,1.0,1000.0,,,,,,,,,,,,,,,0.8530100121349629,0.8706691465417092,0.7937598573272611,0.8581968402835929,0.8899475418726404,0.8531166796320331,0.0322913402395216,171.0,longitudinal,ExtraTreesClassifier,"{""model__estimator__class_weight"": null, ""model__estimator__max_depth"": 20, ""model__estimator__max_features"": ""log2"", ""model__estimator__min_samples_leaf"": 1, ""model__estimator__n_estimators"": 1000}",,,,,,,,
0.3686411380767822,0.0114965769938558,0.038063097000122,0.0042773299311706,MultiOutputWrapper(estimator=ExtraTreesClassifier(random_state=42)),,,,,20.0,log2,5.0,200.0,,,,,,,,,,,,,,,0.8386181173897198,0.877041911406776,0.7944210936576763,0.8679160386311617,0.8834615063721502,0.8522917334914968,0.0327543086980671,185.0,longitudinal,ExtraTreesClassifier,"{""model__estimator__class_weight"": null, ""model__estimator__max_depth"": 20, ""model__estimator__max_features"": ""log2"", ""model__estimator__min_samples_leaf"": 5, ""model__estimator__n_estimators"": 200}",,,,,,,,
0.7373229026794433,0.0305990082881557,0.0565030097961425,0.0132591364140686,MultiOutputWrapper(estimator=ExtraTreesClassifier(random_state=42)),,,,,20.0,log2,5.0,500.0,,,,,,,,,,,,,,,0.8381041925059396,0.8785097141564232,0.7941038411192014,0.8697636725655483,0.8788396637673904,0.8518642168229006,0.0325073747095165,194.0,longitudinal,ExtraTreesClassifier,"{""model__estimator__class_weight"": null, ""model__estimator__max_depth"": 20, ""model__estimator__max_features"": ""log2"", ""model__estimator__min_samples_leaf"": 5, ""model__estimator__n_estimators"": 500}",,,,,,,,
1.279067039489746,0.0342872583425922,0.0926002025604248,0.0024816291564525,MultiOutputWrapper(estimator=ExtraTreesClassifier(random_state=42)),,,,,20.0,log2,5.0,1000.0,,,,,,,,,,,,,,,0.8393248473548924,0.8761653857450737,0.8008738648449643,0.8698230335510522,0.880365746824354,0.8533105756640673,0.0299071734996305,167.0,longitudinal,ExtraTreesClassifier,"{""model__estimator__class_weight"": null, ""model__estimator__max_depth"": 20, ""model__estimator__max_features"": ""log2"", ""model__estimator__min_samples_leaf"": 5, ""model__estimator__n_estimators"": 1000}",,,,,,,,
0.3362658500671386,0.0102900437406539,0.0336297988891601,0.0026525944508308,MultiOutputWrapper(estimator=ExtraTreesClassifier(random_state=42)),,,,,20.0,log2,10.0,200.0,,,,,,,,,,,,,,,0.8228381302371908,0.878398241433327,0.7939495327570063,0.8691309849457562,0.8779485013453476,0.8484530781437256,0.0341204649440004,265.0,longitudinal,ExtraTreesClassifier,"{""model__estimator__class_weight"": null, ""model__estimator__max_depth"": 20, ""model__estimator__max_features"": ""log2"", ""model__estimator__min_samples_leaf"": 10, ""model__estimator__n_estimators"": 200}",,,,,,,,
0.6572934150695801,0.0119658123684296,0.0566756248474121,0.0030002278212906,MultiOutputWrapper(estimator=ExtraTreesClassifier(random_state=42)),,,,,20.0,log2,10.0,500.0,,,,,,,,,,,,,,,0.82790394050501,0.8749393692596543,0.8008276746025252,0.8699577587971491,0.8785834219802682,0.8504424330289213,0.030797632969605,224.0,longitudinal,ExtraTreesClassifier,"{""model__estimator__class_weight"": null, ""model__estimator__max_depth"": 20, ""model__estimator__max_features"": ""log2"", ""model__estimator__min_samples_leaf"": 10, ""model__estimator__n_estimators"": 500}",,,,,,,,
1.1947518348693849,0.01311742060195,0.0951109886169433,0.0070924212210126,MultiOutputWrapper(estimator=ExtraTreesClassifier(random_state=42)),,,,,20.0,log2,10.0,1000.0,,,,,,,,,,,,,,,0.8285811618422299,0.8752926282469786,0.8001090839673839,0.8688615344535626,0.8781456104123646,0.8501980037845038,0.0307744179934448,231.0,longitudinal,ExtraTreesClassifier,"{""model__estimator__class_weight"": null, ""model__estimator__max_depth"": 20, ""model__estimator__max_features"": ""log2"", ""model__estimator__min_samples_leaf"": 10, ""model__estimator__n_estimators"": 1000}",,,,,,,,
0.9305077075958252,0.0226292315534406,0.0363677978515625,0.0046788703595526,MultiOutputWrapper(estimator=ExtraTreesClassifier(random_state=42)),,,,,20.0,0.5,1.0,200.0,,,,,,,,,,,,,,,0.8485216181116226,0.8671536785264746,0.8458902331215286,0.8715472003572824,0.8976225934964437,0.8661470647226703,0.0186648291852176,10.0,longitudinal,ExtraTreesClassifier,"{""model__estimator__class_weight"": null, ""model__estimator__max_depth"": 20, ""model__estimator__max_features"": 0.5, ""model__estimator__min_samples_leaf"": 1, ""model__estimator__n_estimators"": 200}",,,,,,,,
2.192571020126343,0.0630674945306869,0.0541608333587646,0.0033623065878216,MultiOutputWrapper(estimator=ExtraTreesClassifier(random_state=42)),,,,,20.0,0.5,1.0,500.0,,,,,,,,,,,,,,,0.8405897651457749,0.8617849542618324,0.830062859636205,0.8699530136400007,0.9053085434787144,0.8615398272325054,0.0261390394051706,23.0,longitudinal,ExtraTreesClassifier,"{""model__estimator__class_weight"": null, ""model__estimator__max_depth"": 20, ""model__estimator__max_features"": 0.5, ""model__estimator__min_samples_leaf"": 1, ""model__estimator__n_estimators"": 500}",,,,,,,,
4.220714998245239,0.1232601437850381,0.096497631072998,0.0104924151562417,MultiOutputWrapper(estimator=ExtraTreesClassifier(random_state=42)),,,,,20.0,0.5,1.0,1000.0,,,,,,,,,,,,,,,0.8496441328673319,0.8681558166982317,0.8363031159380765,0.8686306034723386,0.8957717497862043,0.8637010837524366,0.0201043226132077,16.0,longitudinal,ExtraTreesClassifier,"{""model__estimator__class_weight"": null, ""model__estimator__max_depth"": 20, ""model__estimator__max_features"": 0.5, ""model__estimator__min_samples_leaf"": 1, ""model__estimator__n_estimators"": 1000}",,,,,,,,
0.8009031295776368,0.0173324210988483,0.0330386161804199,0.002953000212954,MultiOutputWrapper(estimator=ExtraTreesClassifier(random_state=42)),,,,,20.0,0.5,5.0,200.0,,,,,,,,,,,,,,,0.8478934668210247,0.883880414237189,0.8290270164625887,0.8756214295018515,0.8990469933045491,0.8670938640654405,0.0252715264591365,7.0,longitudinal,ExtraTreesClassifier,"{""model__estimator__class_weight"": null, ""model__estimator__max_depth"": 20, ""model__estimator__max_features"": 0.5, ""model__estimator__min_samples_leaf"": 5, ""model__estimator__n_estimators"": 200}",,,,,,,,
1.7631858825683593,0.0234430126477503,0.0529633045196533,0.0106199045841251,MultiOutputWrapper(estimator=ExtraTreesClassifier(random_state=42)),,,,,20.0,0.5,5.0,500.0,,,,,,,,,,,,,,,0.8462082901348127,0.8835441670266886,0.8281690028816349,0.8790963732112618,0.9040827649500448,0.8682201196408886,0.0273051688895988,5.0,longitudinal,ExtraTreesClassifier,"{""model__estimator__class_weight"": null, ""model__estimator__max_depth"": 20, ""model__estimator__max_features"": 0.5, ""model__estimator__min_samples_leaf"": 5, ""model__estimator__n_estimators"": 500}",,,,,,,,
3.3989846229553224,0.0980750016769574,0.087111759185791,0.0024097653690822,MultiOutputWrapper(estimator=ExtraTreesClassifier(random_state=42)),,,,,20.0,0.5,5.0,1000.0,,,,,,,,,,,,,,,0.8485260922164156,0.8818270049918712,0.8333854322906724,0.8775079551163958,0.9056918632542812,0.8693876695739272,0.0255735687026867,2.0,longitudinal,ExtraTreesClassifier,"{""model__estimator__class_weight"": null, ""model__estimator__max_depth"": 20, ""model__estimator__max_features"": 0.5, ""model__estimator__min_samples_leaf"": 5, ""model__estimator__n_estimators"": 1000}",,,,,,,,
0.706160020828247,0.0152827036259271,0.0324604988098144,0.005086402484005,MultiOutputWrapper(estimator=ExtraTreesClassifier(random_state=42)),,,,,20.0,0.5,10.0,200.0,,,,,,,,,,,,,,,0.8341245832617878,0.8809958073746377,0.8189031152563019,0.8686830793278624,0.8942581815906387,0.8593929533622457,0.0284481683021418,41.0,longitudinal,ExtraTreesClassifier,"{""model__estimator__class_weight"": null, ""model__estimator__max_depth"": 20, ""model__estimator__max_features"": 0.5, ""model__estimator__min_samples_leaf"": 10, ""model__estimator__n_estimators"": 200}",,,,,,,,
1.5752838134765623,0.0190727681694728,0.0532680511474609,0.0075127587126599,MultiOutputWrapper(estimator=ExtraTreesClassifier(random_state=42)),,,,,20.0,0.5,10.0,500.0,,,,,,,,,,,,,,,0.8446520941693949,0.8754400636461179,0.8119784422809457,0.8727255810491449,0.8948318836952214,0.8599256129681649,0.0288277527816131,35.0,longitudinal,ExtraTreesClassifier,"{""model__estimator__class_weight"": null, ""model__estimator__max_depth"": 20, ""model__estimator__max_features"": 0.5, ""model__estimator__min_samples_leaf"": 10, ""model__estimator__n_estimators"": 500}",,,,,,,,
3.0179215908050536,0.0333235166658758,0.0894880294799804,0.0049315303136788,MultiOutputWrapper(estimator=ExtraTreesClassifier(random_state=42)),,,,,20.0,0.5,10.0,1000.0,,,,,,,,,,,,,,,0.8437278575995693,0.8761144604957863,0.816113008717627,0.8736619587264369,0.8980853304966314,0.8615405232072103,0.0285510136972751,21.0,longitudinal,ExtraTreesClassifier,"{""model__estimator__class_weight"": null, ""model__estimator__max_depth"": 20, ""model__estimator__max_features"": 0.5, ""model__estimator__min_samples_leaf"": 10, ""model__estimator__n_estimators"": 1000}",,,,,,,,
0.4803828716278076,0.011660537089638,0.0303521633148193,0.0034784852137148,MultiOutputWrapper(estimator=ExtraTreesClassifier(random_state=42)),,balanced,,,,sqrt,1.0,200.0,,,,,,,,,,,,,,,0.8385721894482936,0.8553809827923915,0.7918696367049369,0.8636770315785555,0.8568263875852573,0.841265245621887,0.026041774350719,381.0,longitudinal,ExtraTreesClassifier,"{""model__estimator__class_weight"": ""balanced"", ""model__estimator__max_depth"": null, ""model__estimator__max_features"": ""sqrt"", ""model__estimator__min_samples_leaf"": 1, ""model__estimator__n_estimators"": 200}",,,,,,,,
1.026436376571655,0.0330701497040791,0.0635303497314453,0.0074106540589753,MultiOutputWrapper(estimator=ExtraTreesClassifier(random_state=42)),,balanced,,,,sqrt,1.0,500.0,,,,,,,,,,,,,,,0.830175148645388,0.8639894569887129,0.7942228676356959,0.8671645359980646,0.8759834595248525,0.8463070937585428,0.0303360901080681,310.0,longitudinal,ExtraTreesClassifier,"{""model__estimator__class_weight"": ""balanced"", ""model__estimator__max_depth"": null, ""model__estimator__max_features"": ""sqrt"", ""model__estimator__min_samples_leaf"": 1, ""model__estimator__n_estimators"": 500}",,,,,,,,
1.907451629638672,0.0348532945469565,0.1036419868469238,0.0070911118723142,MultiOutputWrapper(estimator=ExtraTreesClassifier(random_state=42)),,balanced,,,,sqrt,1.0,1000.0,,,,,,,,,,,,,,,0.8289520902440888,0.8715702753480414,0.796676518312471,0.8642742700831798,0.8795455540954884,0.8482037416166538,0.0310233680160031,272.0,longitudinal,ExtraTreesClassifier,"{""model__estimator__class_weight"": ""balanced"", ""model__estimator__max_depth"": null, ""model__estimator__max_features"": ""sqrt"", ""model__estimator__min_samples_leaf"": 1, ""model__estimator__n_estimators"": 1000}",,,,,,,,
0.4108114719390869,0.0182818278248254,0.0326361656188964,0.0038862360825342,MultiOutputWrapper(estimator=ExtraTreesClassifier(random_state=42)),,balanced,,,,sqrt,5.0,200.0,,,,,,,,,,,,,,,0.8386462940180754,0.8771269335971668,0.8046292508658539,0.8716260071828653,0.8862386584068581,0.855653428814164,0.0301476377380414,107.0,longitudinal,ExtraTreesClassifier,"{""model__estimator__class_weight"": ""balanced"", ""model__estimator__max_depth"": null, ""model__estimator__max_features"": ""sqrt"", ""model__estimator__min_samples_leaf"": 5, ""model__estimator__n_estimators"": 200}",,,,,,,,
0.8729991436004638,0.0261839293114433,0.0604522705078125,0.0106255803051417,MultiOutputWrapper(estimator=ExtraTreesClassifier(random_state=42)),,balanced,,,,sqrt,5.0,500.0,,,,,,,,,,,,,,,0.8347029985059652,0.8732203414898975,0.8108813530048087,0.8733217960885018,0.8861816114969859,0.8556616201172318,0.0282708207447311,105.0,longitudinal,ExtraTreesClassifier,"{""model__estimator__class_weight"": ""balanced"", ""model__estimator__max_depth"": null, ""model__estimator__max_features"": ""sqrt"", ""model__estimator__min_samples_leaf"": 5, ""model__estimator__n_estimators"": 500}",,,,,,,,
1.623615312576294,0.0293379685935863,0.0981488227844238,0.0052999425685967,MultiOutputWrapper(estimator=ExtraTreesClassifier(random_state=42)),,balanced,,,,sqrt,5.0,1000.0,,,,,,,,,,,,,,,0.8335612553314864,0.8733582647456991,0.8027125546556128,0.8719857087031764,0.8878498425213274,0.8538935251914603,0.031279794178967,152.0,longitudinal,ExtraTreesClassifier,"{""model__estimator__class_weight"": ""balanced"", ""model__estimator__max_depth"": null, ""model__estimator__max_features"": ""sqrt"", ""model__estimator__min_samples_leaf"": 5, ""model__estimator__n_estimators"": 1000}",,,,,,,,
0.3836682319641113,0.0211370467460874,0.0358036041259765,0.0030431608404776,MultiOutputWrapper(estimator=ExtraTreesClassifier(random_state=42)),,balanced,,,,sqrt,10.0,200.0,,,,,,,,,,,,,,,0.8291973679241473,0.8686884854347634,0.8079296658394465,0.8688317609185134,0.8771215818784807,0.8503537723990702,0.0269870771067959,226.0,longitudinal,ExtraTreesClassifier,"{""model__estimator__class_weight"": ""balanced"", ""model__estimator__max_depth"": null, ""model__estimator__max_features"": ""sqrt"", ""model__estimator__min_samples_leaf"": 10, ""model__estimator__n_estimators"": 200}",,,,,,,,
0.806605052947998,0.0138662418283913,0.0573616027832031,0.0055680349835378,MultiOutputWrapper(estimator=ExtraTreesClassifier(random_state=42)),,balanced,,,,sqrt,10.0,500.0,,,,,,,,,,,,,,,0.8260987313075902,0.8671942321524106,0.8110285595462106,0.8696082919295111,0.8782689860876457,0.8504397602046737,0.0267145622351906,225.0,longitudinal,ExtraTreesClassifier,"{""model__estimator__class_weight"": ""balanced"", ""model__estimator__max_depth"": null, ""model__estimator__max_features"": ""sqrt"", ""model__estimator__min_samples_leaf"": 10, ""model__estimator__n_estimators"": 500}",,,,,,,,
1.4490521907806395,0.0377614233065189,0.0907815933227539,0.0042457488203205,MultiOutputWrapper(estimator=ExtraTreesClassifier(random_state=42)),,balanced,,,,sqrt,10.0,1000.0,,,,,,,,,,,,,,,0.8297510816450641,0.8719244488559713,0.8079296658394465,0.8691903459312603,0.8797006862315666,0.8516992457006618,0.027916217968754,200.0,longitudinal,ExtraTreesClassifier,"{""model__estimator__class_weight"": ""balanced"", ""model__estimator__max_depth"": null, ""model__estimator__max_features"": ""sqrt"", ""model__estimator__min_samples_leaf"": 10, ""model__estimator__n_estimators"": 1000}",,,,,,,,
0.4328568935394287,0.0062468080412156,0.038372802734375,0.0088992550926077,MultiOutputWrapper(estimator=ExtraTreesClassifier(random_state=42)),,balanced,,,,log2,1.0,200.0,,,,,,,,,,,,,,,0.8314338547789298,0.8547594870081339,0.7928007422254946,0.8564488546493235,0.902083150824938,0.8475052178973639,0.0356713672077422,284.0,longitudinal,ExtraTreesClassifier,"{""model__estimator__class_weight"": ""balanced"", ""model__estimator__max_depth"": null, ""model__estimator__max_features"": ""log2"", ""model__estimator__min_samples_leaf"": 1, ""model__estimator__n_estimators"": 200}",,,,,,,,
0.8985017299652099,0.012475996851941,0.06502685546875,0.0056482589711543,MultiOutputWrapper(estimator=ExtraTreesClassifier(random_state=42)),,balanced,,,,log2,1.0,500.0,,,,,,,,,,,,,,,0.8408680265588813,0.871780891701623,0.7952970322343124,0.8581525521502074,0.9015333312475232,0.8535263667785093,0.0352425506663944,163.0,longitudinal,ExtraTreesClassifier,"{""model__estimator__class_weight"": ""balanced"", ""model__estimator__max_depth"": null, ""model__estimator__max_features"": ""log2"", ""model__estimator__min_samples_leaf"": 1, ""model__estimator__n_estimators"": 500}",,,,,,,,
1.6758963108062743,0.0294182321073065,0.0972144126892089,0.0062423125540483,MultiOutputWrapper(estimator=ExtraTreesClassifier(random_state=42)),,balanced,,,,log2,1.0,1000.0,,,,,,,,,,,,,,,0.8440462408497115,0.8672679131582521,0.8018970099630023,0.8581136604700497,0.8943588219343804,0.8531367292750792,0.0304363826374413,170.0,longitudinal,ExtraTreesClassifier,"{""model__estimator__class_weight"": ""balanced"", ""model__estimator__max_depth"": null, ""model__estimator__max_features"": ""log2"", ""model__estimator__min_samples_leaf"": 1, ""model__estimator__n_estimators"": 1000}",,,,,,,,
0.3700759887695312,0.0112775153297131,0.0317055225372314,0.0019399673183223,MultiOutputWrapper(estimator=ExtraTreesClassifier(random_state=42)),,balanced,,,,log2,5.0,200.0,,,,,,,,,,,,,,,0.8322122857615382,0.8693515410998826,0.8092128796349323,0.8661208805522991,0.8692597459483136,0.8492314665993931,0.0244227004824608,248.0,longitudinal,ExtraTreesClassifier,"{""model__estimator__class_weight"": ""balanced"", ""model__estimator__max_depth"": null, ""model__estimator__max_features"": ""log2"", ""model__estimator__min_samples_leaf"": 5, ""model__estimator__n_estimators"": 200}",,,,,,,,
0.776582908630371,0.0063563220894411,0.0587721347808837,0.0075337270172933,MultiOutputWrapper(estimator=ExtraTreesClassifier(random_state=42)),,balanced,,,,log2,5.0,500.0,,,,,,,,,,,,,,,0.8320942512497262,0.8717789892729555,0.8051630805312389,0.8663789798842554,0.8762304194564378,0.8503291440789228,0.0274264608263394,228.0,longitudinal,ExtraTreesClassifier,"{""model__estimator__class_weight"": ""balanced"", ""model__estimator__max_depth"": null, ""model__estimator__max_features"": ""log2"", ""model__estimator__min_samples_leaf"": 5, ""model__estimator__n_estimators"": 500}",,,,,,,,
1.4119298934936524,0.0236752420283383,0.0930806159973144,0.0079887932630498,MultiOutputWrapper(estimator=ExtraTreesClassifier(random_state=42)),,balanced,,,,log2,5.0,1000.0,,,,,,,,,,,,,,,0.8304927933426809,0.8726762948750886,0.8012137863954112,0.8672993542864585,0.8776797446968274,0.8498723947192932,0.029462500261782,236.0,longitudinal,ExtraTreesClassifier,"{""model__estimator__class_weight"": ""balanced"", ""model__estimator__max_depth"": null, ""model__estimator__max_features"": ""log2"", ""model__estimator__min_samples_leaf"": 5, ""model__estimator__n_estimators"": 1000}",,,,,,,,
0.3885285854339599,0.0326881401627744,0.0391896247863769,0.003580522604862,MultiOutputWrapper(estimator=ExtraTreesClassifier(random_state=42)),,balanced,,,,log2,10.0,200.0,,,,,,,,,,,,,,,0.8341012137381247,0.8799284206979947,0.8107664739516576,0.8677606579951245,0.861972759318357,0.8509059051402519,0.02506964680151,213.0,longitudinal,ExtraTreesClassifier,"{""model__estimator__class_weight"": ""balanced"", ""model__estimator__max_depth"": null, ""model__estimator__max_features"": ""log2"", ""model__estimator__min_samples_leaf"": 10, ""model__estimator__n_estimators"": 200}",,,,,,,,
0.7232921600341797,0.0163134763036363,0.0549170017242431,0.0084562051931773,MultiOutputWrapper(estimator=ExtraTreesClassifier(random_state=42)),,balanced,,,,log2,10.0,500.0,,,,,,,,,,,,,,,0.8301325507029553,0.8756156685379903,0.8047228244566254,0.8662075959731292,0.8698874705379304,0.8493132220417261,0.0274107277291566,247.0,longitudinal,ExtraTreesClassifier,"{""model__estimator__class_weight"": ""balanced"", ""model__estimator__max_depth"": null, ""model__estimator__max_features"": ""log2"", ""model__estimator__min_samples_leaf"": 10, ""model__estimator__n_estimators"": 500}",,,,,,,,
1.3182663440704343,0.0979154838381965,0.092929983139038,0.013201882541885,MultiOutputWrapper(estimator=ExtraTreesClassifier(random_state=42)),,balanced,,,,log2,10.0,1000.0,,,,,,,,,,,,,,,0.824310607423442,0.8734791395309491,0.8062143204523348,0.866648430376449,0.8722694658239993,0.8485843927214347,0.0278979577738845,259.0,longitudinal,ExtraTreesClassifier,"{""model__estimator__class_weight"": ""balanced"", ""model__estimator__max_depth"": null, ""model__estimator__max_features"": ""log2"", ""model__estimator__min_samples_leaf"": 10, ""model__estimator__n_estimators"": 1000}",,,,,,,,
0.9335927486419676,0.029346998504436,0.0309166431427001,0.0012708480106674,MultiOutputWrapper(estimator=ExtraTreesClassifier(random_state=42)),,balanced,,,,0.5,1.0,200.0,,,,,,,,,,,,,,,0.8112485263824285,0.8696264730908804,0.8090302208041306,0.8547025437764006,0.8791855432492751,0.8447586614606231,0.0293324041468856,339.0,longitudinal,ExtraTreesClassifier,"{""model__estimator__class_weight"": ""balanced"", ""model__estimator__max_depth"": null, ""model__estimator__max_features"": 0.5, ""model__estimator__min_samples_leaf"": 1, ""model__estimator__n_estimators"": 200}",,,,,,,,
2.1179288387298585,0.0553426751759968,0.0541998863220214,0.0070752124545735,MultiOutputWrapper(estimator=ExtraTreesClassifier(random_state=42)),,balanced,,,,0.5,1.0,500.0,,,,,,,,,,,,,,,0.8280727826159913,0.8748270737502722,0.8205530670775496,0.853483968812222,0.8799444131572909,0.8513762610826652,0.023931751949772,206.0,longitudinal,ExtraTreesClassifier,"{""model__estimator__class_weight"": ""balanced"", ""model__estimator__max_depth"": null, ""model__estimator__max_features"": 0.5, ""model__estimator__min_samples_leaf"": 1, ""model__estimator__n_estimators"": 500}",,,,,,,,
4.198247623443604,0.0714066902227086,0.0931592464447021,0.0096509427819789,MultiOutputWrapper(estimator=ExtraTreesClassifier(random_state=42)),,balanced,,,,0.5,1.0,1000.0,,,,,,,,,,,,,,,0.822985007377157,0.8674247689664093,0.8223573272609925,0.8502465620871248,0.8858319254114261,0.849769118220622,0.0248244673484586,239.0,longitudinal,ExtraTreesClassifier,"{""model__estimator__class_weight"": ""balanced"", ""model__estimator__max_depth"": null, ""model__estimator__max_features"": 0.5, ""model__estimator__min_samples_leaf"": 1, ""model__estimator__n_estimators"": 1000}",,,,,,,,
0.8085344314575196,0.0396602096863012,0.0295667648315429,0.0020792017911683,MultiOutputWrapper(estimator=ExtraTreesClassifier(random_state=42)),,balanced,,,,0.5,5.0,200.0,,,,,,,,,,,,,,,0.8350982228781347,0.8775765926531591,0.8204947753324788,0.8676302126946911,0.9006737167052541,0.8602947040527436,0.0289890841978336,31.0,longitudinal,ExtraTreesClassifier,"{""model__estimator__class_weight"": ""balanced"", ""model__estimator__max_depth"": null, ""model__estimator__max_features"": 0.5, ""model__estimator__min_samples_leaf"": 5, ""model__estimator__n_estimators"": 200}",,,,,,,,
1.760801076889038,0.0205749107520487,0.0542122364044189,0.0029920503005928,MultiOutputWrapper(estimator=ExtraTreesClassifier(random_state=42)),,balanced,,,,0.5,5.0,500.0,,,,,,,,,,,,,,,0.8338576736106136,0.8708609771178477,0.8206646508858527,0.869328234615456,0.8962053897336419,0.8581833851926823,0.0273129914251461,57.0,longitudinal,ExtraTreesClassifier,"{""model__estimator__class_weight"": ""balanced"", ""model__estimator__max_depth"": null, ""model__estimator__max_features"": 0.5, ""model__estimator__min_samples_leaf"": 5, ""model__estimator__n_estimators"": 500}",,,,,,,,
3.428747177124023,0.0983598066240074,0.0944379329681396,0.005841753657345,MultiOutputWrapper(estimator=ExtraTreesClassifier(random_state=42)),,balanced,,,,0.5,5.0,1000.0,,,,,,,,,,,,,,,0.8391409904830861,0.8692382760293027,0.8230371703618861,0.8685094624016079,0.8958287966960765,0.8591509391943919,0.0254527165492078,43.0,longitudinal,ExtraTreesClassifier,"{""model__estimator__class_weight"": ""balanced"", ""model__estimator__max_depth"": null, ""model__estimator__max_features"": 0.5, ""model__estimator__min_samples_leaf"": 5, ""model__estimator__n_estimators"": 1000}",,,,,,,,
0.708572244644165,0.0140097835125877,0.0383758068084716,0.0049807315129937,MultiOutputWrapper(estimator=ExtraTreesClassifier(random_state=42)),,balanced,,,,0.5,10.0,200.0,,,,,,,,,,,,,,,0.8356718310176197,0.8713615981168553,0.814327951857609,0.8715322205474608,0.8954190392758067,0.8576625281630703,0.0288688873369213,66.0,longitudinal,ExtraTreesClassifier,"{""model__estimator__class_weight"": ""balanced"", ""model__estimator__max_depth"": null, ""model__estimator__max_features"": 0.5, ""model__estimator__min_samples_leaf"": 10, ""model__estimator__n_estimators"": 200}",,,,,,,,
1.5759394645690918,0.0614603041137158,0.0620241165161132,0.0078682658151952,MultiOutputWrapper(estimator=ExtraTreesClassifier(random_state=42)),,balanced,,,,0.5,10.0,500.0,,,,,,,,,,,,,,,0.835627235075791,0.8753701874976113,0.8181997509249411,0.8724012356017046,0.8963102016978495,0.8595817221595794,0.0284565695983475,39.0,longitudinal,ExtraTreesClassifier,"{""model__estimator__class_weight"": ""balanced"", ""model__estimator__max_depth"": null, ""model__estimator__max_features"": 0.5, ""model__estimator__min_samples_leaf"": 10, ""model__estimator__n_estimators"": 500}",,,,,,,,
2.975333642959595,0.0384374204752437,0.0895370006561279,0.0096782432504383,MultiOutputWrapper(estimator=ExtraTreesClassifier(random_state=42)),,balanced,,,,0.5,10.0,1000.0,,,,,,,,,,,,,,,0.8370804838432726,0.8727462811047793,0.8151238671175469,0.8728854277154394,0.897085184489915,0.8589842488541904,0.0291129717117779,46.0,longitudinal,ExtraTreesClassifier,"{""model__estimator__class_weight"": ""balanced"", ""model__estimator__max_depth"": null, ""model__estimator__max_features"": 0.5, ""model__estimator__min_samples_leaf"": 10, ""model__estimator__n_estimators"": 1000}",,,,,,,,
0.3551283836364746,0.0153821189649979,0.034768533706665,0.0080219300133138,MultiOutputWrapper(estimator=ExtraTreesClassifier(random_state=42)),,balanced,,,5.0,sqrt,1.0,200.0,,,,,,,,,,,,,,,0.789263722339847,0.8644966080600087,0.7785938053942021,0.8573918383297046,0.8614322215964791,0.8302356391440483,0.0380265088106702,476.0,longitudinal,ExtraTreesClassifier,"{""model__estimator__class_weight"": ""balanced"", ""model__estimator__max_depth"": 5, ""model__estimator__max_features"": ""sqrt"", ""model__estimator__min_samples_leaf"": 1, ""model__estimator__n_estimators"": 200}",,,,,,,,
0.6568169116973877,0.0059824816201564,0.0470160961151123,0.0013074973079582,MultiOutputWrapper(estimator=ExtraTreesClassifier(random_state=42)),,balanced,,,5.0,sqrt,1.0,500.0,,,,,,,,,,,,,,,0.7939493955493726,0.8617291445128283,0.7777975492468661,0.8599063994491896,0.8555011159084746,0.8297767209333461,0.036265495806038,480.0,longitudinal,ExtraTreesClassifier,"{""model__estimator__class_weight"": ""balanced"", ""model__estimator__max_depth"": 5, ""model__estimator__max_features"": ""sqrt"", ""model__estimator__min_samples_leaf"": 1, ""model__estimator__n_estimators"": 500}",,,,,,,,
1.1709991455078126,0.0176603311512132,0.0819350242614746,0.0070520704790073,MultiOutputWrapper(estimator=ExtraTreesClassifier(random_state=42)),,balanced,,,5.0,sqrt,1.0,1000.0,,,,,,,,,,,,,,,0.8073381420503157,0.8622543136158739,0.775324524802967,0.8606006810696143,0.8594309909684417,0.8329897305014425,0.0354998608716616,460.0,longitudinal,ExtraTreesClassifier,"{""model__estimator__class_weight"": ""balanced"", ""model__estimator__max_depth"": 5, ""model__estimator__max_features"": ""sqrt"", ""model__estimator__min_samples_leaf"": 1, ""model__estimator__n_estimators"": 1000}",,,,,,,,
0.3278681755065918,0.0191793631658402,0.0336638450622558,0.0017352116085005,MultiOutputWrapper(estimator=ExtraTreesClassifier(random_state=42)),,balanced,,,5.0,sqrt,5.0,200.0,,,,,,,,,,,,,,,0.8067748141200142,0.8702299324965244,0.7883234703246157,0.8619938964253149,0.8640528335732015,0.8382749893879341,0.0338692116518935,406.0,longitudinal,ExtraTreesClassifier,"{""model__estimator__class_weight"": ""balanced"", ""model__estimator__max_depth"": 5, ""model__estimator__max_features"": ""sqrt"", ""model__estimator__min_samples_leaf"": 5, ""model__estimator__n_estimators"": 200}",,,,,,,,
0.6780594825744629,0.0172179401578085,0.0484586238861084,0.0053623355752596,MultiOutputWrapper(estimator=ExtraTreesClassifier(random_state=42)),,balanced,,,5.0,sqrt,5.0,500.0,,,,,,,,,,,,,,,0.8077436466316688,0.8681085128376393,0.7890422314034561,0.8593126035095554,0.8605099806019648,0.8369433949968569,0.0321688569731328,427.0,longitudinal,ExtraTreesClassifier,"{""model__estimator__class_weight"": ""balanced"", ""model__estimator__max_depth"": 5, ""model__estimator__max_features"": ""sqrt"", ""model__estimator__min_samples_leaf"": 5, ""model__estimator__n_estimators"": 500}",,,,,,,,
1.2546914100646973,0.0847106225156186,0.0813292026519775,0.005913154674059,MultiOutputWrapper(estimator=ExtraTreesClassifier(random_state=42)),,balanced,,,5.0,sqrt,5.0,1000.0,,,,,,,,,,,,,,,0.8153399584810516,0.8684315531286511,0.7817854204732425,0.8596803066674109,0.8622507978224141,0.8374976073145541,0.0336348353912938,418.0,longitudinal,ExtraTreesClassifier,"{""model__estimator__class_weight"": ""balanced"", ""model__estimator__max_depth"": 5, ""model__estimator__max_features"": ""sqrt"", ""model__estimator__min_samples_leaf"": 5, ""model__estimator__n_estimators"": 1000}",,,,,,,,
0.3405202865600586,0.024207039247381,0.0301621437072753,0.0095920462503037,MultiOutputWrapper(estimator=ExtraTreesClassifier(random_state=42)),,balanced,,,5.0,sqrt,10.0,200.0,,,,,,,,,,,,,,,0.8040563145617508,0.8708306483403512,0.7886018048851436,0.8604728409534974,0.8640725444799032,0.8376068306441292,0.0342176567802349,416.0,longitudinal,ExtraTreesClassifier,"{""model__estimator__class_weight"": ""balanced"", ""model__estimator__max_depth"": 5, ""model__estimator__max_features"": ""sqrt"", ""model__estimator__min_samples_leaf"": 10, ""model__estimator__n_estimators"": 200}",,,,,,,,
0.6586008071899414,0.0343620137975847,0.0492058277130127,0.0066213751127529,MultiOutputWrapper(estimator=ExtraTreesClassifier(random_state=42)),,balanced,,,5.0,sqrt,10.0,500.0,,,,,,,,,,,,,,,0.8056680526779796,0.8689907090916162,0.7937874407992218,0.8627041813208285,0.8655675489643953,0.8393435865708083,0.032624437052577,399.0,longitudinal,ExtraTreesClassifier,"{""model__estimator__class_weight"": ""balanced"", ""model__estimator__max_depth"": 5, ""model__estimator__max_features"": ""sqrt"", ""model__estimator__min_samples_leaf"": 10, ""model__estimator__n_estimators"": 500}",,,,,,,,
1.1831771850585937,0.0481798557145693,0.0775314807891845,0.0046556349339474,MultiOutputWrapper(estimator=ExtraTreesClassifier(random_state=42)),,balanced,,,5.0,sqrt,10.0,1000.0,,,,,,,,,,,,,,,0.8119250091667988,0.8719527651236164,0.7927982991991418,0.8632728558402649,0.865922345285026,0.8411742549229695,0.0323848245285977,382.0,longitudinal,ExtraTreesClassifier,"{""model__estimator__class_weight"": ""balanced"", ""model__estimator__max_depth"": 5, ""model__estimator__max_features"": ""sqrt"", ""model__estimator__min_samples_leaf"": 10, ""model__estimator__n_estimators"": 1000}",,,,,,,,
0.3296108245849609,0.006147668281516,0.0326218605041503,0.0068629279200333,MultiOutputWrapper(estimator=ExtraTreesClassifier(random_state=42)),,balanced,,,5.0,log2,1.0,200.0,,,,,,,,,,,,,,,0.8038696485846479,0.8545166394483883,0.7783083690128809,0.8501773386181357,0.8384257347266545,0.8250595460781416,0.0293665223125428,525.0,longitudinal,ExtraTreesClassifier,"{""model__estimator__class_weight"": ""balanced"", ""model__estimator__max_depth"": 5, ""model__estimator__max_features"": ""log2"", ""model__estimator__min_samples_leaf"": 1, ""model__estimator__n_estimators"": 200}",,,,,,,,
0.6110905170440674,0.0264683818443096,0.0480466842651367,0.0035641599798032,MultiOutputWrapper(estimator=ExtraTreesClassifier(random_state=42)),,balanced,,,5.0,log2,1.0,500.0,,,,,,,,,,,,,,,0.7929818950373154,0.8557124372374951,0.7691888357104548,0.8510565883250525,0.8396561541830925,0.8217191820986821,0.0344186830831598,564.0,longitudinal,ExtraTreesClassifier,"{""model__estimator__class_weight"": ""balanced"", ""model__estimator__max_depth"": 5, ""model__estimator__max_features"": ""log2"", ""model__estimator__min_samples_leaf"": 1, ""model__estimator__n_estimators"": 500}",,,,,,,,
1.1528714179992676,0.032942686568454,0.0775512218475341,0.0029374626652972,MultiOutputWrapper(estimator=ExtraTreesClassifier(random_state=42)),,balanced,,,5.0,log2,1.0,1000.0,,,,,,,,,,,,,,,0.8004492261659042,0.8554290910924056,0.7757346691574172,0.8543659167457526,0.8400306614104249,0.8252019129143809,0.0317610355883441,523.0,longitudinal,ExtraTreesClassifier,"{""model__estimator__class_weight"": ""balanced"", ""model__estimator__max_depth"": 5, ""model__estimator__max_features"": ""log2"", ""model__estimator__min_samples_leaf"": 1, ""model__estimator__n_estimators"": 1000}",,,,,,,,
0.3083476066589355,0.0349936873427844,0.0296701908111572,0.0036684186095193,MultiOutputWrapper(estimator=ExtraTreesClassifier(random_state=42)),,balanced,,,5.0,log2,5.0,200.0,,,,,,,,,,,,,,,0.7981368971887925,0.8666179910251658,0.7747374030743497,0.8545235303969184,0.8415038691779821,0.8271039381726416,0.0349339258747049,502.0,longitudinal,ExtraTreesClassifier,"{""model__estimator__class_weight"": ""balanced"", ""model__estimator__max_depth"": 5, ""model__estimator__max_features"": ""log2"", ""model__estimator__min_samples_leaf"": 5, ""model__estimator__n_estimators"": 200}",,,,,,,,
0.5820664405822754,0.0707894310814036,0.0512649059295654,0.0114600123992223,MultiOutputWrapper(estimator=ExtraTreesClassifier(random_state=42)),,balanced,,,5.0,log2,5.0,500.0,,,,,,,,,,,,,,,0.8031237957821377,0.8676891091716876,0.7693739375676094,0.8568553564450399,0.8512839204889139,0.8296652238910778,0.0373951168344873,482.0,longitudinal,ExtraTreesClassifier,"{""model__estimator__class_weight"": ""balanced"", ""model__estimator__max_depth"": 5, ""model__estimator__max_features"": ""log2"", ""model__estimator__min_samples_leaf"": 5, ""model__estimator__n_estimators"": 500}",,,,,,,,
1.1376986503601074,0.0232335237069919,0.0850327968597412,0.0054732719388276,MultiOutputWrapper(estimator=ExtraTreesClassifier(random_state=42)),,balanced,,,5.0,log2,5.0,1000.0,,,,,,,,,,,,,,,0.8052288983637798,0.8680744892839919,0.7751548196932921,0.8553274158432423,0.8473519596187138,0.8302275165606041,0.034680189418062,477.0,longitudinal,ExtraTreesClassifier,"{""model__estimator__class_weight"": ""balanced"", ""model__estimator__max_depth"": 5, ""model__estimator__max_features"": ""log2"", ""model__estimator__min_samples_leaf"": 5, ""model__estimator__n_estimators"": 1000}",,,,,,,,
0.3217247486114502,0.0199326610077395,0.0354782104492187,0.0096912014164619,MultiOutputWrapper(estimator=ExtraTreesClassifier(random_state=42)),,balanced,,,5.0,log2,10.0,200.0,,,,,,,,,,,,,,,0.8101362192828521,0.8622599108206924,0.7810825674729789,0.8574080276893875,0.8538298604592953,0.8329433171450413,0.0319497526995871,461.0,longitudinal,ExtraTreesClassifier,"{""model__estimator__class_weight"": ""balanced"", ""model__estimator__max_depth"": 5, ""model__estimator__max_features"": ""log2"", ""model__estimator__min_samples_leaf"": 10, ""model__estimator__n_estimators"": 200}",,,,,,,,
0.6587164878845215,0.019493388816923,0.0553340911865234,0.0044353686764133,MultiOutputWrapper(estimator=ExtraTreesClassifier(random_state=42)),,balanced,,,5.0,log2,10.0,500.0,,,,,,,,,,,,,,,0.8077943816777875,0.8631005471938076,0.7770327683692855,0.8537401142559407,0.8569390734830944,0.8317213769959831,0.0336712172260647,465.0,longitudinal,ExtraTreesClassifier,"{""model__estimator__class_weight"": ""balanced"", ""model__estimator__max_depth"": 5, ""model__estimator__max_features"": ""log2"", ""model__estimator__min_samples_leaf"": 10, ""model__estimator__n_estimators"": 500}",,,,,,,,
1.078908586502075,0.0489173044102273,0.0774343967437744,0.0032072898794131,MultiOutputWrapper(estimator=ExtraTreesClassifier(random_state=42)),,balanced,,,5.0,log2,10.0,1000.0,,,,,,,,,,,,,,,0.8093066477011751,0.8653844382125322,0.7808891706891379,0.8583604086417685,0.8550934442984377,0.8338068219086103,0.0330262959244537,454.0,longitudinal,ExtraTreesClassifier,"{""model__estimator__class_weight"": ""balanced"", ""model__estimator__max_depth"": 5, ""model__estimator__max_features"": ""log2"", ""model__estimator__min_samples_leaf"": 10, ""model__estimator__n_estimators"": 1000}",,,,,,,,
0.5628238201141358,0.0582398903239907,0.0293429851531982,0.0030473204277745,MultiOutputWrapper(estimator=ExtraTreesClassifier(random_state=42)),,balanced,,,5.0,0.5,1.0,200.0,,,,,,,,,,,,,,,0.8306204420638774,0.8622279731643524,0.7996757592698646,0.8615538994026684,0.8817547921490102,0.8471665732099545,0.0288421139222955,300.0,longitudinal,ExtraTreesClassifier,"{""model__estimator__class_weight"": ""balanced"", ""model__estimator__max_depth"": 5, ""model__estimator__max_features"": 0.5, ""model__estimator__min_samples_leaf"": 1, ""model__estimator__n_estimators"": 200}",,,,,,,,
1.2470081806182862,0.0173510708522184,0.0501121997833251,0.0036764615930392,MultiOutputWrapper(estimator=ExtraTreesClassifier(random_state=42)),,balanced,,,5.0,0.5,1.0,500.0,,,,,,,,,,,,,,,0.8305504785989895,0.8616763535286015,0.7971639872917178,0.8624525949496642,0.8815140896481238,0.8466715008034192,0.0296616782606285,304.0,longitudinal,ExtraTreesClassifier,"{""model__estimator__class_weight"": ""balanced"", ""model__estimator__max_depth"": 5, ""model__estimator__max_features"": 0.5, ""model__estimator__min_samples_leaf"": 1, ""model__estimator__n_estimators"": 500}",,,,,,,,
2.3821295738220214,0.0903393747598209,0.0822350025177001,0.0050173326048938,MultiOutputWrapper(estimator=ExtraTreesClassifier(random_state=42)),,balanced,,,5.0,0.5,1.0,1000.0,,,,,,,,,,,,,,,0.8405242757856798,0.8636258630717651,0.802202757551792,0.8650013956344553,0.8824861815072065,0.8507680947101799,0.0277036961143119,216.0,longitudinal,ExtraTreesClassifier,"{""model__estimator__class_weight"": ""balanced"", ""model__estimator__max_depth"": 5, ""model__estimator__max_features"": 0.5, ""model__estimator__min_samples_leaf"": 1, ""model__estimator__n_estimators"": 1000}",,,,,,,,
0.5723007202148438,0.0112102223804448,0.0294743061065673,0.0051108682364357,MultiOutputWrapper(estimator=ExtraTreesClassifier(random_state=42)),,balanced,,,5.0,0.5,5.0,200.0,,,,,,,,,,,,,,,0.8300523070288837,0.871930192835702,0.8015301867153908,0.8626102086008298,0.8773258869908014,0.8486897564343217,0.0287238729363202,257.0,longitudinal,ExtraTreesClassifier,"{""model__estimator__class_weight"": ""balanced"", ""model__estimator__max_depth"": 5, ""model__estimator__max_features"": 0.5, ""model__estimator__min_samples_leaf"": 5, ""model__estimator__n_estimators"": 200}",,,,,,,,
1.268683385848999,0.0376420006851258,0.0540244579315185,0.0037552849886833,MultiOutputWrapper(estimator=ExtraTreesClassifier(random_state=42)),,balanced,,,5.0,0.5,5.0,500.0,,,,,,,,,,,,,,,0.8310060522266624,0.8678479224491042,0.7999999431854337,0.8670157613651165,0.8841129049079113,0.8499965168268456,0.0304386281709727,234.0,longitudinal,ExtraTreesClassifier,"{""model__estimator__class_weight"": ""balanced"", ""model__estimator__max_depth"": 5, ""model__estimator__max_features"": 0.5, ""model__estimator__min_samples_leaf"": 5, ""model__estimator__n_estimators"": 500}",,,,,,,,
2.3975582122802734,0.1506483166533556,0.0938079357147216,0.00934189407503,MultiOutputWrapper(estimator=ExtraTreesClassifier(random_state=42)),,balanced,,,5.0,0.5,5.0,1000.0,,,,,,,,,,,,,,,0.8436036839834675,0.867925371618553,0.8057574745243483,0.8681599955339697,0.8857002064952131,0.8542293464311104,0.0276929095334281,141.0,longitudinal,ExtraTreesClassifier,"{""model__estimator__class_weight"": ""balanced"", ""model__estimator__max_depth"": 5, ""model__estimator__max_features"": 0.5, ""model__estimator__min_samples_leaf"": 5, ""model__estimator__n_estimators"": 1000}",,,,,,,,
0.5689980030059815,0.0132749825933701,0.0290644168853759,0.0038437456840774,MultiOutputWrapper(estimator=ExtraTreesClassifier(random_state=42)),,balanced,,,5.0,0.5,10.0,200.0,,,,,,,,,,,,,,,0.8360025650293923,0.8713313427268148,0.8083695810266618,0.8667349597126853,0.8854896439521932,0.8535856184895495,0.0277825000921679,161.0,longitudinal,ExtraTreesClassifier,"{""model__estimator__class_weight"": ""balanced"", ""model__estimator__max_depth"": 5, ""model__estimator__max_features"": 0.5, ""model__estimator__min_samples_leaf"": 10, ""model__estimator__n_estimators"": 200}",,,,,,,,
1.2088812828063964,0.0613634851658477,0.0691989421844482,0.032331852785347,MultiOutputWrapper(estimator=ExtraTreesClassifier(random_state=42)),,balanced,,,5.0,0.5,10.0,500.0,,,,,,,,,,,,,,,0.8333190472035727,0.8736813417304389,0.7987402506204151,0.8726342135134633,0.8866391339715911,0.8530027974078962,0.0324846789641061,173.0,longitudinal,ExtraTreesClassifier,"{""model__estimator__class_weight"": ""balanced"", ""model__estimator__max_depth"": 5, ""model__estimator__max_features"": 0.5, ""model__estimator__min_samples_leaf"": 10, ""model__estimator__n_estimators"": 500}",,,,,,,,
2.486831855773926,0.0566081445372865,0.0739625930786132,0.0052448960809288,MultiOutputWrapper(estimator=ExtraTreesClassifier(random_state=42)),,balanced,,,5.0,0.5,10.0,1000.0,,,,,,,,,,,,,,,0.8419088930878709,0.8741649509526227,0.8029211777432345,0.8715151007648076,0.887668272740546,0.8556356790578163,0.0302946210098516,109.0,longitudinal,ExtraTreesClassifier,"{""model__estimator__class_weight"": ""balanced"", ""model__estimator__max_depth"": 5, ""model__estimator__max_features"": 0.5, ""model__estimator__min_samples_leaf"": 10, ""model__estimator__n_estimators"": 1000}",,,,,,,,
0.4830440521240234,0.0293248297294765,0.0371302604675293,0.0047955588544293,MultiOutputWrapper(estimator=ExtraTreesClassifier(random_state=42)),,balanced,,,10.0,sqrt,1.0,200.0,,,,,,,,,,,,,,,0.7900288035611269,0.8491007947917938,0.7911751638532093,0.8526048121476022,0.8743080324552073,0.8314435213617879,0.0344489921795362,466.0,longitudinal,ExtraTreesClassifier,"{""model__estimator__class_weight"": ""balanced"", ""model__estimator__max_depth"": 10, ""model__estimator__max_features"": ""sqrt"", ""model__estimator__min_samples_leaf"": 1, ""model__estimator__n_estimators"": 200}",,,,,,,,
0.9219601154327391,0.0231392683565576,0.060067081451416,0.0020850331251787,MultiOutputWrapper(estimator=ExtraTreesClassifier(random_state=42)),,balanced,,,10.0,sqrt,1.0,500.0,,,,,,,,,,,,,,,0.7788885616766972,0.8487154146794896,0.7997606970465515,0.8594062040603658,0.8767211063137476,0.8326983967553703,0.0371166841309562,462.0,longitudinal,ExtraTreesClassifier,"{""model__estimator__class_weight"": ""balanced"", ""model__estimator__max_depth"": 10, ""model__estimator__max_features"": ""sqrt"", ""model__estimator__min_samples_leaf"": 1, ""model__estimator__n_estimators"": 500}",,,,,,,,
1.7271860599517823,0.0498261975481993,0.1260506153106689,0.0134607714087067,MultiOutputWrapper(estimator=ExtraTreesClassifier(random_state=42)),,balanced,,,10.0,sqrt,1.0,1000.0,,,,,,,,,,,,,,,0.7972642067709854,0.8464749859702942,0.7941112838273927,0.8596414149872532,0.8700959472707173,0.8335175677653286,0.031797765093278,458.0,longitudinal,ExtraTreesClassifier,"{""model__estimator__class_weight"": ""balanced"", ""model__estimator__max_depth"": 10, ""model__estimator__max_features"": ""sqrt"", ""model__estimator__min_samples_leaf"": 1, ""model__estimator__n_estimators"": 1000}",,,,,,,,
0.4018115043640137,0.0103015780918972,0.0355888843536377,0.0026512632288349,MultiOutputWrapper(estimator=ExtraTreesClassifier(random_state=42)),,balanced,,,10.0,sqrt,5.0,200.0,,,,,,,,,,,,,,,0.8288117577613625,0.877291270691946,0.7992970901851699,0.8684320512104802,0.8813190663913397,0.8510302472480596,0.0318743078774278,210.0,longitudinal,ExtraTreesClassifier,"{""model__estimator__class_weight"": ""balanced"", ""model__estimator__max_depth"": 10, ""model__estimator__max_features"": ""sqrt"", ""model__estimator__min_samples_leaf"": 5, ""model__estimator__n_estimators"": 200}",,,,,,,,
0.9629662036895752,0.033661842419817,0.0713218212127685,0.0037026843899243,MultiOutputWrapper(estimator=ExtraTreesClassifier(random_state=42)),,balanced,,,10.0,sqrt,5.0,500.0,,,,,,,,,,,,,,,0.8299830095637943,0.8676003922051456,0.8039803717036188,0.8704784234913192,0.8859865882402018,0.851605757040816,0.030099063054933,203.0,longitudinal,ExtraTreesClassifier,"{""model__estimator__class_weight"": ""balanced"", ""model__estimator__max_depth"": 10, ""model__estimator__max_features"": ""sqrt"", ""model__estimator__min_samples_leaf"": 5, ""model__estimator__n_estimators"": 500}",,,,,,,,
1.836868381500244,0.0506848551966429,0.0978828430175781,0.0175346627105766,MultiOutputWrapper(estimator=ExtraTreesClassifier(random_state=42)),,balanced,,,10.0,sqrt,5.0,1000.0,,,,,,,,,,,,,,,0.8299336065172731,0.8720982614003602,0.8021254329269956,0.8695511639591358,0.8839065139853576,0.8515229957578244,0.0306700818360642,204.0,longitudinal,ExtraTreesClassifier,"{""model__estimator__class_weight"": ""balanced"", ""model__estimator__max_depth"": 10, ""model__estimator__max_features"": ""sqrt"", ""model__estimator__min_samples_leaf"": 5, ""model__estimator__n_estimators"": 1000}",,,,,,,,
0.4666521072387695,0.0133521289574675,0.0390231132507324,0.0055087773152543,MultiOutputWrapper(estimator=ExtraTreesClassifier(random_state=42)),,balanced,,,10.0,sqrt,10.0,200.0,,,,,,,,,,,,,,,0.8307940187265004,0.8685430258517475,0.7959814489077968,0.8675619196486724,0.8787659303756544,0.8483292687020743,0.0308307004243875,269.0,longitudinal,ExtraTreesClassifier,"{""model__estimator__class_weight"": ""balanced"", ""model__estimator__max_depth"": 10, ""model__estimator__max_features"": ""sqrt"", ""model__estimator__min_samples_leaf"": 10, ""model__estimator__n_estimators"": 200}",,,,,,,,
0.9083324432373048,0.0397918506413341,0.0610835075378417,0.0032725472827235,MultiOutputWrapper(estimator=ExtraTreesClassifier(random_state=42)),,balanced,,,10.0,sqrt,10.0,500.0,,,,,,,,,,,,,,,0.8268548643192839,0.8690625243625185,0.7992583426509221,0.8688477641936024,0.8817413386730074,0.849152966839867,0.0310900511458632,249.0,longitudinal,ExtraTreesClassifier,"{""model__estimator__class_weight"": ""balanced"", ""model__estimator__max_depth"": 10, ""model__estimator__max_features"": ""sqrt"", ""model__estimator__min_samples_leaf"": 10, ""model__estimator__n_estimators"": 500}",,,,,,,,
1.6348088264465332,0.058174436712529,0.088203763961792,0.0067133050203675,MultiOutputWrapper(estimator=ExtraTreesClassifier(random_state=42)),,balanced,,,10.0,sqrt,10.0,1000.0,,,,,,,,,,,,,,,0.8285057252728505,0.8710913855037983,0.8023112165589461,0.8682379649788794,0.882715516342323,0.8505723617313594,0.0302732913339853,219.0,longitudinal,ExtraTreesClassifier,"{""model__estimator__class_weight"": ""balanced"", ""model__estimator__max_depth"": 10, ""model__estimator__max_features"": ""sqrt"", ""model__estimator__min_samples_leaf"": 10, ""model__estimator__n_estimators"": 1000}",,,,,,,,
0.4434811592102051,0.0193028256486734,0.0470890045166015,0.0209969449629862,MultiOutputWrapper(estimator=ExtraTreesClassifier(random_state=42)),,balanced,,,10.0,log2,1.0,200.0,,,,,,,,,,,,,,,0.7950554909916085,0.8334385370741291,0.7771249784104647,0.8580976571949608,0.8525982938072294,0.8232629914956785,0.0319434968657109,549.0,longitudinal,ExtraTreesClassifier,"{""model__estimator__class_weight"": ""balanced"", ""model__estimator__max_depth"": 10, ""model__estimator__max_features"": ""log2"", ""model__estimator__min_samples_leaf"": 1, ""model__estimator__n_estimators"": 200}",,,,,,,,
0.9020654201507567,0.0237239908014093,0.0864139556884765,0.0365922573759031,MultiOutputWrapper(estimator=ExtraTreesClassifier(random_state=42)),,balanced,,,10.0,log2,1.0,500.0,,,,,,,,,,,,,,,0.7958013437941189,0.835531640465369,0.7868164071377275,0.8571383911125997,0.8393635150074046,0.822930259503444,0.0269786261957563,553.0,longitudinal,ExtraTreesClassifier,"{""model__estimator__class_weight"": ""balanced"", ""model__estimator__max_depth"": 10, ""model__estimator__max_features"": ""log2"", ""model__estimator__min_samples_leaf"": 1, ""model__estimator__n_estimators"": 500}",,,,,,,,
1.5503236293792724,0.0304687862682018,0.1096809864044189,0.0034780232343732,MultiOutputWrapper(estimator=ExtraTreesClassifier(random_state=42)),,balanced,,,10.0,log2,1.0,1000.0,,,,,,,,,,,,,,,0.7962514443173009,0.8417485374303404,0.7899618319743289,0.8598539235936657,0.8493251360991176,0.8274281746829507,0.028676451151253,499.0,longitudinal,ExtraTreesClassifier,"{""model__estimator__class_weight"": ""balanced"", ""model__estimator__max_depth"": 10, ""model__estimator__max_features"": ""log2"", ""model__estimator__min_samples_leaf"": 1, ""model__estimator__n_estimators"": 1000}",,,,,,,,
0.3780479431152344,0.0117009830126282,0.033291482925415,0.0055067737078308,MultiOutputWrapper(estimator=ExtraTreesClassifier(random_state=42)),,balanced,,,10.0,log2,5.0,200.0,,,,,,,,,,,,,,,0.8403815397506073,0.8696726789622268,0.805294890325161,0.8688455311784737,0.8596239284149927,0.8487637137262924,0.0241586751745302,256.0,longitudinal,ExtraTreesClassifier,"{""model__estimator__class_weight"": ""balanced"", ""model__estimator__max_depth"": 10, ""model__estimator__max_features"": ""log2"", ""model__estimator__min_samples_leaf"": 5, ""model__estimator__n_estimators"": 200}",,,,,,,,
0.7939784049987793,0.013115829098273,0.0614372253417968,0.0117950018466618,MultiOutputWrapper(estimator=ExtraTreesClassifier(random_state=42)),,balanced,,,10.0,log2,5.0,500.0,,,,,,,,,,,,,,,0.833201012691761,0.8724420449380748,0.793748693264974,0.866463462289957,0.8708180547733766,0.8473346535916286,0.0303940043519111,291.0,longitudinal,ExtraTreesClassifier,"{""model__estimator__class_weight"": ""balanced"", ""model__estimator__max_depth"": 10, ""model__estimator__max_features"": ""log2"", ""model__estimator__min_samples_leaf"": 5, ""model__estimator__n_estimators"": 500}",,,,,,,,
1.4278293609619142,0.0309514200907129,0.0871920585632324,0.0041775765313915,MultiOutputWrapper(estimator=ExtraTreesClassifier(random_state=42)),,balanced,,,10.0,log2,5.0,1000.0,,,,,,,,,,,,,,,0.828822037970546,0.8700674978304126,0.7947841955511921,0.8653854742365878,0.8705794380827232,0.8459277287342923,0.0299242534703922,318.0,longitudinal,ExtraTreesClassifier,"{""model__estimator__class_weight"": ""balanced"", ""model__estimator__max_depth"": 10, ""model__estimator__max_features"": ""log2"", ""model__estimator__min_samples_leaf"": 5, ""model__estimator__n_estimators"": 1000}",,,,,,,,
0.3768648624420166,0.0108904369672174,0.0359981060028076,0.0059428986979229,MultiOutputWrapper(estimator=ExtraTreesClassifier(random_state=42)),,balanced,,,10.0,log2,10.0,200.0,,,,,,,,,,,,,,,0.8250420389118754,0.8693572116921572,0.8106656280963939,0.8676190476190475,0.8552842959347557,0.845593644450846,0.0236053767418487,326.0,longitudinal,ExtraTreesClassifier,"{""model__estimator__class_weight"": ""balanced"", ""model__estimator__max_depth"": 10, ""model__estimator__max_features"": ""log2"", ""model__estimator__min_samples_leaf"": 10, ""model__estimator__n_estimators"": 200}",,,,,,,,
0.7194091796875,0.0299506878231432,0.0542441368103027,0.0109582623277195,MultiOutputWrapper(estimator=ExtraTreesClassifier(random_state=42)),,balanced,,,10.0,log2,10.0,500.0,,,,,,,,,,,,,,,0.8226302378419225,0.8661401257827124,0.802110547510613,0.8670161335343046,0.8670324134910206,0.8449858916321146,0.0274115037776721,334.0,longitudinal,ExtraTreesClassifier,"{""model__estimator__class_weight"": ""balanced"", ""model__estimator__max_depth"": 10, ""model__estimator__max_features"": ""log2"", ""model__estimator__min_samples_leaf"": 10, ""model__estimator__n_estimators"": 500}",,,,,,,,
1.2641030311584474,0.0357145765863545,0.0886806488037109,0.0052225387764849,MultiOutputWrapper(estimator=ExtraTreesClassifier(random_state=42)),,balanced,,,10.0,log2,10.0,1000.0,,,,,,,,,,,,,,,0.8238261911676148,0.86879048270825,0.8032233744216276,0.8650520106440387,0.8687400663287653,0.8459264250540593,0.0272799789440399,320.0,longitudinal,ExtraTreesClassifier,"{""model__estimator__class_weight"": ""balanced"", ""model__estimator__max_depth"": 10, ""model__estimator__max_features"": ""log2"", ""model__estimator__min_samples_leaf"": 10, ""model__estimator__n_estimators"": 1000}",,,,,,,,
0.8429718971252441,0.0163193878669661,0.0305898189544677,0.0047661328019235,MultiOutputWrapper(estimator=ExtraTreesClassifier(random_state=42)),,balanced,,,10.0,0.5,1.0,200.0,,,,,,,,,,,,,,,0.7847063638513168,0.8510560483146881,0.8245907646786113,0.8661400472654868,0.8773217153703355,0.8407629878960876,0.033137195695013,388.0,longitudinal,ExtraTreesClassifier,"{""model__estimator__class_weight"": ""balanced"", ""model__estimator__max_depth"": 10, ""model__estimator__max_features"": 0.5, ""model__estimator__min_samples_leaf"": 1, ""model__estimator__n_estimators"": 200}",,,,,,,,
1.868696880340576,0.0331044918537555,0.0540308475494384,0.0075710471804704,MultiOutputWrapper(estimator=ExtraTreesClassifier(random_state=42)),,balanced,,,10.0,0.5,1.0,500.0,,,,,,,,,,,,,,,0.8055130384343274,0.861581929276057,0.8104751004481533,0.8640856733471036,0.8811862002794986,0.8445683883570279,0.0306559024528678,344.0,longitudinal,ExtraTreesClassifier,"{""model__estimator__class_weight"": ""balanced"", ""model__estimator__max_depth"": 10, ""model__estimator__max_features"": 0.5, ""model__estimator__min_samples_leaf"": 1, ""model__estimator__n_estimators"": 500}",,,,,,,,
3.818885087966919,0.0721975006359429,0.0914612293243408,0.0057816282063475,MultiOutputWrapper(estimator=ExtraTreesClassifier(random_state=42)),,balanced,,,10.0,0.5,1.0,1000.0,,,,,,,,,,,,,,,0.808680972515974,0.8607979621319598,0.8159698644177189,0.86893894564469,0.8814486994973196,0.8471672888415325,0.029289900122213,299.0,longitudinal,ExtraTreesClassifier,"{""model__estimator__class_weight"": ""balanced"", ""model__estimator__max_depth"": 10, ""model__estimator__max_features"": 0.5, ""model__estimator__min_samples_leaf"": 1, ""model__estimator__n_estimators"": 1000}",,,,,,,,
0.7762655258178711,0.0191700269559519,0.0368227481842041,0.0061301333032649,MultiOutputWrapper(estimator=ExtraTreesClassifier(random_state=42)),,balanced,,,10.0,0.5,5.0,200.0,,,,,,,,,,,,,,,0.8348367863314518,0.8744086396455182,0.8155407724053922,0.8676210945495821,0.9007919821454644,0.8586398550154817,0.030100618114808,50.0,longitudinal,ExtraTreesClassifier,"{""model__estimator__class_weight"": ""balanced"", ""model__estimator__max_depth"": 10, ""model__estimator__max_features"": 0.5, ""model__estimator__min_samples_leaf"": 5, ""model__estimator__n_estimators"": 200}",,,,,,,,
1.850218677520752,0.0305014847102566,0.0571107864379882,0.0019877989316524,MultiOutputWrapper(estimator=ExtraTreesClassifier(random_state=42)),,balanced,,,10.0,0.5,5.0,500.0,,,,,,,,,,,,,,,0.835053626936306,0.8720964323591487,0.8197758438099394,0.8678494203464895,0.9000304528294016,0.8589611552562572,0.0284439185329647,48.0,longitudinal,ExtraTreesClassifier,"{""model__estimator__class_weight"": ""balanced"", ""model__estimator__max_depth"": 10, ""model__estimator__max_features"": 0.5, ""model__estimator__min_samples_leaf"": 5, ""model__estimator__n_estimators"": 500}",,,,,,,,
3.481753206253052,0.0395211599454428,0.0878541946411132,0.0065094362145172,MultiOutputWrapper(estimator=ExtraTreesClassifier(random_state=42)),,balanced,,,10.0,0.5,5.0,1000.0,,,,,,,,,,,,,,,0.8412659874832964,0.8704586219224475,0.8219321270464607,0.8677169281155213,0.8994173289114156,0.8601581986958283,0.0265430239897926,33.0,longitudinal,ExtraTreesClassifier,"{""model__estimator__class_weight"": ""balanced"", ""model__estimator__max_depth"": 10, ""model__estimator__max_features"": 0.5, ""model__estimator__min_samples_leaf"": 5, ""model__estimator__n_estimators"": 1000}",,,,,,,,
0.7684078216552734,0.017197293901945,0.0421388626098632,0.0109500142834425,MultiOutputWrapper(estimator=ExtraTreesClassifier(random_state=42)),,balanced,,,10.0,0.5,10.0,200.0,,,,,,,,,,,,,,,0.8380342290410514,0.8687414598876302,0.8130990527875498,0.8726535663112449,0.8947467826377156,0.8574550181330384,0.0286135424048228,71.0,longitudinal,ExtraTreesClassifier,"{""model__estimator__class_weight"": ""balanced"", ""model__estimator__max_depth"": 10, ""model__estimator__max_features"": 0.5, ""model__estimator__min_samples_leaf"": 10, ""model__estimator__n_estimators"": 200}",,,,,,,,
1.6568960666656494,0.0467336313254083,0.0478161811828613,0.0037018010562754,MultiOutputWrapper(estimator=ExtraTreesClassifier(random_state=42)),,balanced,,,10.0,0.5,10.0,500.0,,,,,,,,,,,,,,,0.8372039914595757,0.8710744471144305,0.8186247806957738,0.8725268427026927,0.8959948271906222,0.859084977832619,0.0275774299073898,45.0,longitudinal,ExtraTreesClassifier,"{""model__estimator__class_weight"": ""balanced"", ""model__estimator__max_depth"": 10, ""model__estimator__max_features"": 0.5, ""model__estimator__min_samples_leaf"": 10, ""model__estimator__n_estimators"": 500}",,,,,,,,
2.9264059543609617,0.053628015818644,0.0906176567077636,0.0033957104788369,MultiOutputWrapper(estimator=ExtraTreesClassifier(random_state=42)),,balanced,,,10.0,0.5,10.0,1000.0,,,,,,,,,,,,,,,0.8366454706339668,0.8711216775875669,0.815448391920514,0.8744407227525632,0.8969492939532361,0.8589211113695695,0.0290583424531183,49.0,longitudinal,ExtraTreesClassifier,"{""model__estimator__class_weight"": ""balanced"", ""model__estimator__max_depth"": 10, ""model__estimator__max_features"": 0.5, ""model__estimator__min_samples_leaf"": 10, ""model__estimator__n_estimators"": 1000}",,,,,,,,
0.4708052158355713,0.0148646981957722,0.0332194328308105,0.0049424610158994,MultiOutputWrapper(estimator=ExtraTreesClassifier(random_state=42)),,balanced,,,20.0,sqrt,1.0,200.0,,,,,,,,,,,,,,,0.8347737005237028,0.8563019219779567,0.7917422300399064,0.864169318372132,0.8727658365141939,0.8439506014855784,0.0289882699051589,353.0,longitudinal,ExtraTreesClassifier,"{""model__estimator__class_weight"": ""balanced"", ""model__estimator__max_depth"": 20, ""model__estimator__max_features"": ""sqrt"", ""model__estimator__min_samples_leaf"": 1, ""model__estimator__n_estimators"": 200}",,,,,,,,
0.981455421447754,0.0081002231047704,0.0612941741943359,0.0085634667030532,MultiOutputWrapper(estimator=ExtraTreesClassifier(random_state=42)),,balanced,,,20.0,sqrt,1.0,500.0,,,,,,,,,,,,,,,0.8285983922616031,0.8636994890370149,0.7911314166371229,0.8649446398332681,0.8791186408860521,0.8454985157310123,0.0318783174728301,327.0,longitudinal,ExtraTreesClassifier,"{""model__estimator__class_weight"": ""balanced"", ""model__estimator__max_depth"": 20, ""model__estimator__max_features"": ""sqrt"", ""model__estimator__min_samples_leaf"": 1, ""model__estimator__n_estimators"": 500}",,,,,,,,
1.8716708183288575,0.0510826460666154,0.1171482563018798,0.0215644890919792,MultiOutputWrapper(estimator=ExtraTreesClassifier(random_state=42)),,balanced,,,20.0,sqrt,1.0,1000.0,,,,,,,,,,,,,,,0.8273139130520519,0.8719811547787173,0.7970281152563019,0.8637124806937233,0.8827782470850801,0.848562782173175,0.031799270158458,261.0,longitudinal,ExtraTreesClassifier,"{""model__estimator__class_weight"": ""balanced"", ""model__estimator__max_depth"": 20, ""model__estimator__max_features"": ""sqrt"", ""model__estimator__min_samples_leaf"": 1, ""model__estimator__n_estimators"": 1000}",,,,,,,,
0.4155982494354248,0.0141966370001916,0.0331513881683349,0.0068303843839927,MultiOutputWrapper(estimator=ExtraTreesClassifier(random_state=42)),,balanced,,,20.0,sqrt,5.0,200.0,,,,,,,,,,,,,,,0.83842398030873,0.8765564364496525,0.8046060705227849,0.8719274642252368,0.88657582963102,0.8556179562274849,0.0302015073195237,110.0,longitudinal,ExtraTreesClassifier,"{""model__estimator__class_weight"": ""balanced"", ""model__estimator__max_depth"": 20, ""model__estimator__max_features"": ""sqrt"", ""model__estimator__min_samples_leaf"": 5, ""model__estimator__n_estimators"": 200}",,,,,,,,
0.9043431758880616,0.073957933495973,0.0578423023223877,0.005653671402881,MultiOutputWrapper(estimator=ExtraTreesClassifier(random_state=42)),,balanced,,,20.0,sqrt,5.0,500.0,,,,,,,,,,,,,,,0.834653595459444,0.8725931751133652,0.8110745793449508,0.8731459461471185,0.8862625409340258,0.8555459673997807,0.0281356357427308,111.0,longitudinal,ExtraTreesClassifier,"{""model__estimator__class_weight"": ""balanced"", ""model__estimator__max_depth"": 20, ""model__estimator__max_features"": ""sqrt"", ""model__estimator__min_samples_leaf"": 5, ""model__estimator__n_estimators"": 500}",,,,,,,,
1.6033069610595705,0.0970149519772507,0.0945140838623046,0.0040273251826081,MultiOutputWrapper(estimator=ExtraTreesClassifier(random_state=42)),,balanced,,,20.0,sqrt,5.0,1000.0,,,,,,,,,,,,,,,0.8339516725989637,0.8723627300336864,0.802805276027889,0.8720359515435716,0.887195210979705,0.8536701682367631,0.0309409071733807,160.0,longitudinal,ExtraTreesClassifier,"{""model__estimator__class_weight"": ""balanced"", ""model__estimator__max_depth"": 20, ""model__estimator__max_features"": ""sqrt"", ""model__estimator__min_samples_leaf"": 5, ""model__estimator__n_estimators"": 1000}",,,,,,,,
0.3707931041717529,0.0109716995333319,0.0332799434661865,0.0036867509507341,MultiOutputWrapper(estimator=ExtraTreesClassifier(random_state=42)),,balanced,,,20.0,sqrt,10.0,200.0,,,,,,,,,,,,,,,0.8291973679241473,0.8690417444220876,0.8079296658394465,0.8688317609185134,0.87648666124356,0.8502974400695511,0.0269109146572475,229.0,longitudinal,ExtraTreesClassifier,"{""model__estimator__class_weight"": ""balanced"", ""model__estimator__max_depth"": 20, ""model__estimator__max_features"": ""sqrt"", ""model__estimator__min_samples_leaf"": 10, ""model__estimator__n_estimators"": 200}",,,,,,,,
0.7882297515869141,0.0144383933285537,0.0533334255218505,0.0044440566941152,MultiOutputWrapper(estimator=ExtraTreesClassifier(random_state=42)),,balanced,,,20.0,sqrt,10.0,500.0,,,,,,,,,,,,,,,0.8260987313075902,0.8673396917354265,0.8110285595462106,0.8696082919295111,0.8782689860876457,0.8504688521212769,0.0267328647955581,223.0,longitudinal,ExtraTreesClassifier,"{""model__estimator__class_weight"": ""balanced"", ""model__estimator__max_depth"": 20, ""model__estimator__max_features"": ""sqrt"", ""model__estimator__min_samples_leaf"": 10, ""model__estimator__n_estimators"": 500}",,,,,,,,
1.455637311935425,0.0083266256167158,0.0877760410308838,0.0041668856138206,MultiOutputWrapper(estimator=ExtraTreesClassifier(random_state=42)),,balanced,,,20.0,sqrt,10.0,1000.0,,,,,,,,,,,,,,,0.8300673943427596,0.8716392002822142,0.8079296658394465,0.8691903459312603,0.8797006862315666,0.8517054585254493,0.0278256499266368,199.0,longitudinal,ExtraTreesClassifier,"{""model__estimator__class_weight"": ""balanced"", ""model__estimator__max_depth"": 20, ""model__estimator__max_features"": ""sqrt"", ""model__estimator__min_samples_leaf"": 10, ""model__estimator__n_estimators"": 1000}",,,,,,,,
0.4346765041351318,0.0101520178726173,0.0391252040863037,0.0071687685439476,MultiOutputWrapper(estimator=ExtraTreesClassifier(random_state=42)),,balanced,,,20.0,log2,1.0,200.0,,,,,,,,,,,,,,,0.8251206175864503,0.8538244080356102,0.7859115215395382,0.8608257503861254,0.8902282397847443,0.8431821074664937,0.0353384569331738,364.0,longitudinal,ExtraTreesClassifier,"{""model__estimator__class_weight"": ""balanced"", ""model__estimator__max_depth"": 20, ""model__estimator__max_features"": ""log2"", ""model__estimator__min_samples_leaf"": 1, ""model__estimator__n_estimators"": 200}",,,,,,,,
0.905421018600464,0.0208548824518279,0.063981819152832,0.0035512651501799,MultiOutputWrapper(estimator=ExtraTreesClassifier(random_state=42)),,balanced,,,20.0,log2,1.0,500.0,,,,,,,,,,,,,,,0.8280065547030468,0.8731674771182145,0.7870822140863762,0.8605733266342879,0.892932336316042,0.8483523817715934,0.0372034915696412,268.0,longitudinal,ExtraTreesClassifier,"{""model__estimator__class_weight"": ""balanced"", ""model__estimator__max_depth"": 20, ""model__estimator__max_features"": ""log2"", ""model__estimator__min_samples_leaf"": 1, ""model__estimator__n_estimators"": 500}",,,,,,,,
1.7209785461425782,0.0566732010505795,0.1053446769714355,0.0095719718565581,MultiOutputWrapper(estimator=ExtraTreesClassifier(random_state=42)),,balanced,,,20.0,log2,1.0,1000.0,,,,,,,,,,,,,,,0.8270226348775165,0.8710337650604466,0.7958846652940268,0.860583561286961,0.8867833677492022,0.8482615988536306,0.0327070810397042,271.0,longitudinal,ExtraTreesClassifier,"{""model__estimator__class_weight"": ""balanced"", ""model__estimator__max_depth"": 20, ""model__estimator__max_features"": ""log2"", ""model__estimator__min_samples_leaf"": 1, ""model__estimator__n_estimators"": 1000}",,,,,,,,
0.3799347877502441,0.0095735597980489,0.0346827983856201,0.0057879495195655,MultiOutputWrapper(estimator=ExtraTreesClassifier(random_state=42)),,balanced,,,20.0,log2,5.0,200.0,,,,,,,,,,,,,,,0.830942227866064,0.8691191935915363,0.8095837651240374,0.8661208805522991,0.8699164633001688,0.8491365060868212,0.0245561987095992,250.0,longitudinal,ExtraTreesClassifier,"{""model__estimator__class_weight"": ""balanced"", ""model__estimator__max_depth"": 20, ""model__estimator__max_features"": ""log2"", ""model__estimator__min_samples_leaf"": 5, ""model__estimator__n_estimators"": 200}",,,,,,,,
0.804176139831543,0.0176194573318351,0.0625837326049804,0.0058327083679299,MultiOutputWrapper(estimator=ExtraTreesClassifier(random_state=42)),,balanced,,,20.0,log2,5.0,500.0,,,,,,,,,,,,,,,0.8327515781683776,0.8714578514106113,0.8055727135545918,0.866404101304453,0.8748423127463862,0.8502057114368841,0.0268989021335946,230.0,longitudinal,ExtraTreesClassifier,"{""model__estimator__class_weight"": ""balanced"", ""model__estimator__max_depth"": 20, ""model__estimator__max_features"": ""log2"", ""model__estimator__min_samples_leaf"": 5, ""model__estimator__n_estimators"": 500}",,,,,,,,
1.452186393737793,0.030941092970226,0.0955260276794433,0.0122515860270154,MultiOutputWrapper(estimator=ExtraTreesClassifier(random_state=42)),,balanced,,,20.0,log2,5.0,1000.0,,,,,,,,,,,,,,,0.8301270775984642,0.8723702663609006,0.8021489541574627,0.866931651128603,0.8777585883236343,0.8498673075138129,0.0291280498806287,237.0,longitudinal,ExtraTreesClassifier,"{""model__estimator__class_weight"": ""balanced"", ""model__estimator__max_depth"": 20, ""model__estimator__max_features"": ""log2"", ""model__estimator__min_samples_leaf"": 5, ""model__estimator__n_estimators"": 1000}",,,,,,,,
0.3560804843902588,0.0240076271760129,0.0309001445770263,0.0043002469437141,MultiOutputWrapper(estimator=ExtraTreesClassifier(random_state=42)),,balanced,,,20.0,log2,10.0,200.0,,,,,,,,,,,,,,,0.8340765122148641,0.8799284206979947,0.8107664739516576,0.8677606579951245,0.861972759318357,0.8509009648355997,0.0250729601158125,214.0,longitudinal,ExtraTreesClassifier,"{""model__estimator__class_weight"": ""balanced"", ""model__estimator__max_depth"": 20, ""model__estimator__max_features"": ""log2"", ""model__estimator__min_samples_leaf"": 10, ""model__estimator__n_estimators"": 200}",,,,,,,,
0.7134961605072021,0.0323650395022395,0.0562983036041259,0.0084545767603977,MultiOutputWrapper(estimator=ExtraTreesClassifier(random_state=42)),,balanced,,,20.0,log2,10.0,500.0,,,,,,,,,,,,,,,0.8301325507029553,0.8756156685379903,0.8047228244566254,0.8665250562905897,0.8698874705379304,0.8493767141052182,0.0274501263555395,246.0,longitudinal,ExtraTreesClassifier,"{""model__estimator__class_weight"": ""balanced"", ""model__estimator__max_depth"": 20, ""model__estimator__max_features"": ""log2"", ""model__estimator__min_samples_leaf"": 10, ""model__estimator__n_estimators"": 500}",,,,,,,,
1.3257855892181396,0.0224089419051004,0.0930362224578857,0.0054234745972785,MultiOutputWrapper(estimator=ExtraTreesClassifier(random_state=42)),,balanced,,,20.0,log2,10.0,1000.0,,,,,,,,,,,,,,,0.824310607423442,0.8734791395309491,0.8062375007954039,0.866648430376449,0.8722694658239993,0.8485890287900485,0.0278909173890273,258.0,longitudinal,ExtraTreesClassifier,"{""model__estimator__class_weight"": ""balanced"", ""model__estimator__max_depth"": 20, ""model__estimator__max_features"": ""log2"", ""model__estimator__min_samples_leaf"": 10, ""model__estimator__n_estimators"": 1000}",,,,,,,,
0.965700101852417,0.0122716419103575,0.0348811149597168,0.0048617023406482,MultiOutputWrapper(estimator=ExtraTreesClassifier(random_state=42)),,balanced,,,20.0,0.5,1.0,200.0,,,,,,,,,,,,,,,0.8103736928591241,0.8688132384648044,0.8086941910514784,0.8604373918383297,0.8804050643472456,0.8457447157121963,0.030243088058415,322.0,longitudinal,ExtraTreesClassifier,"{""model__estimator__class_weight"": ""balanced"", ""model__estimator__max_depth"": 20, ""model__estimator__max_features"": 0.5, ""model__estimator__min_samples_leaf"": 1, ""model__estimator__n_estimators"": 200}",,,,,,,,
2.127503681182861,0.0474508821002492,0.0579389095306396,0.0051330495404205,MultiOutputWrapper(estimator=ExtraTreesClassifier(random_state=42)),,balanced,,,20.0,0.5,1.0,500.0,,,,,,,,,,,,,,,0.8242746266912999,0.8719207540798204,0.8193475187942585,0.8544820335324438,0.8804885489018208,0.8501026963999287,0.0246230639902517,232.0,longitudinal,ExtraTreesClassifier,"{""model__estimator__class_weight"": ""balanced"", ""model__estimator__max_depth"": 20, ""model__estimator__max_features"": 0.5, ""model__estimator__min_samples_leaf"": 1, ""model__estimator__n_estimators"": 500}",,,,,,,,
4.176383590698242,0.071437310763888,0.0925362586975097,0.0065030539350202,MultiOutputWrapper(estimator=ExtraTreesClassifier(random_state=42)),,balanced,,,20.0,0.5,1.0,1000.0,,,,,,,,,,,,,,,0.8205238032606829,0.8640726317910281,0.8229369210595688,0.8527268836413033,0.8871323759464365,0.8494785231398041,0.0252356292916142,244.0,longitudinal,ExtraTreesClassifier,"{""model__estimator__class_weight"": ""balanced"", ""model__estimator__max_depth"": 20, ""model__estimator__max_features"": 0.5, ""model__estimator__min_samples_leaf"": 1, ""model__estimator__n_estimators"": 1000}",,,,,,,,
0.7427238464355469,0.0161605267328548,0.0331296443939208,0.0077465539442126,MultiOutputWrapper(estimator=ExtraTreesClassifier(random_state=42)),,balanced,,,20.0,0.5,5.0,200.0,,,,,,,,,,,,,,,0.8350982228781347,0.8775765926531591,0.8204947753324788,0.8676302126946911,0.9006737167052541,0.8602947040527436,0.0289890841978336,31.0,longitudinal,ExtraTreesClassifier,"{""model__estimator__class_weight"": ""balanced"", ""model__estimator__max_depth"": 20, ""model__estimator__max_features"": 0.5, ""model__estimator__min_samples_leaf"": 5, ""model__estimator__n_estimators"": 200}",,,,,,,,
1.7681511402130128,0.0281637399728044,0.051128339767456,0.0050877109653595,MultiOutputWrapper(estimator=ExtraTreesClassifier(random_state=42)),,balanced,,,20.0,0.5,5.0,500.0,,,,,,,,,,,,,,,0.8338576736106136,0.8708609771178477,0.8206646508858527,0.869328234615456,0.8962053897336419,0.8581833851926823,0.0273129914251461,57.0,longitudinal,ExtraTreesClassifier,"{""model__estimator__class_weight"": ""balanced"", ""model__estimator__max_depth"": 20, ""model__estimator__max_features"": 0.5, ""model__estimator__min_samples_leaf"": 5, ""model__estimator__n_estimators"": 500}",,,,,,,,
3.41972279548645,0.0236384677320819,0.0881660461425781,0.0089794176116288,MultiOutputWrapper(estimator=ExtraTreesClassifier(random_state=42)),,balanced,,,20.0,0.5,5.0,1000.0,,,,,,,,,,,,,,,0.8391409904830861,0.8691551562675794,0.8230371703618861,0.8685094624016079,0.8958287966960765,0.8591343152420471,0.0254461490670755,44.0,longitudinal,ExtraTreesClassifier,"{""model__estimator__class_weight"": ""balanced"", ""model__estimator__max_depth"": 20, ""model__estimator__max_features"": 0.5, ""model__estimator__min_samples_leaf"": 5, ""model__estimator__n_estimators"": 1000}",,,,,,,,
0.7241698265075683,0.0166665487810177,0.0329500198364257,0.0045190241401356,MultiOutputWrapper(estimator=ExtraTreesClassifier(random_state=42)),,balanced,,,20.0,0.5,10.0,200.0,,,,,,,,,,,,,,,0.8356718310176197,0.8713615981168553,0.814327951857609,0.8715322205474608,0.8954190392758067,0.8576625281630703,0.0288688873369213,66.0,longitudinal,ExtraTreesClassifier,"{""model__estimator__class_weight"": ""balanced"", ""model__estimator__max_depth"": 20, ""model__estimator__max_features"": 0.5, ""model__estimator__min_samples_leaf"": 10, ""model__estimator__n_estimators"": 200}",,,,,,,,
1.6127832412719727,0.0291307962685171,0.0565654277801513,0.0077864089854008,MultiOutputWrapper(estimator=ExtraTreesClassifier(random_state=42)),,balanced,,,20.0,0.5,10.0,500.0,,,,,,,,,,,,,,,0.835627235075791,0.8753701874976113,0.8181997509249411,0.8724012356017046,0.8963102016978495,0.8595817221595794,0.0284565695983475,39.0,longitudinal,ExtraTreesClassifier,"{""model__estimator__class_weight"": ""balanced"", ""model__estimator__max_depth"": 20, ""model__estimator__max_features"": 0.5, ""model__estimator__min_samples_leaf"": 10, ""model__estimator__n_estimators"": 500}",,,,,,,,
3.011261796951294,0.1197043234041298,0.0915489196777343,0.0097589783615429,MultiOutputWrapper(estimator=ExtraTreesClassifier(random_state=42)),,balanced,,,20.0,0.5,10.0,1000.0,,,,,,,,,,,,,,,0.8370804838432726,0.8727462811047793,0.8151238671175469,0.8728854277154394,0.897085184489915,0.8589842488541904,0.0291129717117779,46.0,longitudinal,ExtraTreesClassifier,"{""model__estimator__class_weight"": ""balanced"", ""model__estimator__max_depth"": 20, ""model__estimator__max_features"": 0.5, ""model__estimator__min_samples_leaf"": 10, ""model__estimator__n_estimators"": 1000}",,,,,,,,
1.0576020240783692,0.0242318256415264,0.019582986831665,0.0021165080622506,MultiOutputWrapper(estimator=GradientBoostingClassifier(random_state=42)),,,,,2.0,,,100.0,0.01,0.7,,,,,,,,,,,,,0.7976317326208003,0.8277646804690407,0.7440011487905314,0.8816271236904296,0.8557502659408047,0.8213549903023214,0.04775617013348,569.0,longitudinal,GradientBoostingClassifier,"{""model__estimator__learning_rate"": 0.01, ""model__estimator__max_depth"": 2, ""model__estimator__n_estimators"": 100, ""model__estimator__subsample"": 0.7}",,,,,,,,
1.4692248344421386,0.0169412305573801,0.0198231697082519,0.0043076371050576,MultiOutputWrapper(estimator=GradientBoostingClassifier(random_state=42)),,,,,2.0,,,100.0,0.01,1.0,,,,,,,,,,,,,0.7649107867224941,0.8489297074623583,0.7373938135754996,0.8754390665996761,0.8465086665415179,0.8146364081803092,0.0535310944222195,623.0,longitudinal,GradientBoostingClassifier,"{""model__estimator__learning_rate"": 0.01, ""model__estimator__max_depth"": 2, ""model__estimator__n_estimators"": 100, ""model__estimator__subsample"": 1.0}",,,,,,,,
2.9371581077575684,0.0454567424505689,0.0191202163696289,0.0028090909911811,MultiOutputWrapper(estimator=GradientBoostingClassifier(random_state=42)),,,,,2.0,,,300.0,0.01,0.7,,,,,,,,,,,,,0.8128202152146722,0.8521365318296357,0.7272653387966219,0.8771882617838069,0.8721589700269069,0.8283138635303287,0.0553705285909796,491.0,longitudinal,GradientBoostingClassifier,"{""model__estimator__learning_rate"": 0.01, ""model__estimator__max_depth"": 2, ""model__estimator__n_estimators"": 300, ""model__estimator__subsample"": 0.7}",,,,,,,,
4.123364448547363,0.0639746168984212,0.0202135562896728,0.0048239961664428,MultiOutputWrapper(estimator=GradientBoostingClassifier(random_state=42)),,,,,2.0,,,300.0,0.01,1.0,,,,,,,,,,,,,0.7967956163818835,0.8547887361432487,0.7298585828629087,0.876354788887028,0.8519286965771853,0.8219452841704508,0.0530104855818635,560.0,longitudinal,GradientBoostingClassifier,"{""model__estimator__learning_rate"": 0.01, ""model__estimator__max_depth"": 2, ""model__estimator__n_estimators"": 300, ""model__estimator__subsample"": 1.0}",,,,,,,,
4.830864429473877,0.0573259126689306,0.0200996875762939,0.0029025237485804,MultiOutputWrapper(estimator=GradientBoostingClassifier(random_state=42)),,,,,2.0,,,500.0,0.01,0.7,,,,,,,,,,,,,0.8460237672632077,0.8616612074867172,0.7662041392820457,0.8729060831053798,0.8760333103894207,0.8445657015053541,0.0405667458707403,345.0,longitudinal,GradientBoostingClassifier,"{""model__estimator__learning_rate"": 0.01, ""model__estimator__max_depth"": 2, ""model__estimator__n_estimators"": 500, ""model__estimator__subsample"": 0.7}",,,,,,,,
6.726180219650269,0.050187835731754,0.0185503482818603,0.0028637847262337,MultiOutputWrapper(estimator=GradientBoostingClassifier(random_state=42)),,,,,2.0,,,500.0,0.01,1.0,,,,,,,,,,,,,0.7842305628051762,0.860820534419874,0.7671281429818102,0.8681203595154356,0.8755306822685271,0.8311660563981647,0.0458628902878534,470.0,longitudinal,GradientBoostingClassifier,"{""model__estimator__learning_rate"": 0.01, ""model__estimator__max_depth"": 2, ""model__estimator__n_estimators"": 500, ""model__estimator__subsample"": 1.0}",,,,,,,,
1.457228660583496,0.0338239849052319,0.0194124221801757,0.0061062744983432,MultiOutputWrapper(estimator=GradientBoostingClassifier(random_state=42)),,,,,3.0,,,100.0,0.01,0.7,,,,,,,,,,,,,0.8014645372780365,0.8481165829174663,0.7876656144608978,0.8866640614823498,0.8580055482552198,0.8363832688787941,0.0366771847261793,429.0,longitudinal,GradientBoostingClassifier,"{""model__estimator__learning_rate"": 0.01, ""model__estimator__max_depth"": 3, ""model__estimator__n_estimators"": 100, ""model__estimator__subsample"": 0.7}",,,,,,,,
2.022396373748779,0.0319983081870215,0.0164675235748291,0.0019837049981071,MultiOutputWrapper(estimator=GradientBoostingClassifier(random_state=42)),,,,,3.0,,,100.0,0.01,1.0,,,,,,,,,,,,,0.7787469697474241,0.8313010385058901,0.7506507824502078,0.8725692699901375,0.8528748200988673,0.8172285761585053,0.0457049624097489,602.0,longitudinal,GradientBoostingClassifier,"{""model__estimator__learning_rate"": 0.01, ""model__estimator__max_depth"": 3, ""model__estimator__n_estimators"": 100, ""model__estimator__subsample"": 1.0}",,,,,,,,
4.133289241790772,0.0415973697368868,0.0179118156433105,0.0036068780667617,MultiOutputWrapper(estimator=GradientBoostingClassifier(random_state=42)),,,,,3.0,,,300.0,0.01,0.7,,,,,,,,,,,,,0.850334110519132,0.8558164470208334,0.7800379180415791,0.8771551387260648,0.8749543207558975,0.8476595870127012,0.0353874769278806,281.0,longitudinal,GradientBoostingClassifier,"{""model__estimator__learning_rate"": 0.01, ""model__estimator__max_depth"": 3, ""model__estimator__n_estimators"": 300, ""model__estimator__subsample"": 0.7}",,,,,,,,
5.909351444244384,0.0442769454324853,0.0207017421722412,0.0054786968593176,MultiOutputWrapper(estimator=GradientBoostingClassifier(random_state=42)),,,,,3.0,,,300.0,0.01,1.0,,,,,,,,,,,,,0.7797195378110223,0.8466950961203495,0.7424899381403001,0.8707512235062058,0.8475837452808543,0.8174479081717465,0.048263728219282,598.0,longitudinal,GradientBoostingClassifier,"{""model__estimator__learning_rate"": 0.01, ""model__estimator__max_depth"": 3, ""model__estimator__n_estimators"": 300, ""model__estimator__subsample"": 1.0}",,,,,,,,
6.872905588150024,0.0556265743425082,0.0208791732788085,0.001164962983755,MultiOutputWrapper(estimator=GradientBoostingClassifier(random_state=42)),,,,,3.0,,,500.0,0.01,0.7,,,,,,,,,,,,,0.8466824261814566,0.865864389352293,0.7941456282327488,0.8670421853774726,0.882586821850948,0.8512642901989838,0.0307465148702296,209.0,longitudinal,GradientBoostingClassifier,"{""model__estimator__learning_rate"": 0.01, ""model__estimator__max_depth"": 3, ""model__estimator__n_estimators"": 500, ""model__estimator__subsample"": 0.7}",,,,,,,,
10.002384996414184,0.1124306318628753,0.0240993499755859,0.005805296305139,MultiOutputWrapper(estimator=GradientBoostingClassifier(random_state=42)),,,,,3.0,,,500.0,0.01,1.0,,,,,,,,,,,,,0.7833804308051323,0.8386099069452703,0.7578226556037342,0.8631299428720295,0.8741378303401957,0.8234161533132724,0.0453565646174632,546.0,longitudinal,GradientBoostingClassifier,"{""model__estimator__learning_rate"": 0.01, ""model__estimator__max_depth"": 3, ""model__estimator__n_estimators"": 500, ""model__estimator__subsample"": 1.0}",,,,,,,,
2.316412401199341,0.0699578471839444,0.0163732051849365,0.0047282978174218,MultiOutputWrapper(estimator=GradientBoostingClassifier(random_state=42)),,,,,5.0,,,100.0,0.01,0.7,,,,,,,,,,,,,0.8380983864015492,0.8523178990481026,0.7675760974301635,0.8796149909748971,0.872385541163465,0.8419985830036355,0.0399969187587288,374.0,longitudinal,GradientBoostingClassifier,"{""model__estimator__learning_rate"": 0.01, ""model__estimator__max_depth"": 5, ""model__estimator__n_estimators"": 100, ""model__estimator__subsample"": 0.7}",,,,,,,,
3.7999454975128177,0.3615657546320767,0.0509882450103759,0.0176527425490954,MultiOutputWrapper(estimator=GradientBoostingClassifier(random_state=42)),,,,,5.0,,,100.0,0.01,1.0,,,,,,,,,,,,,0.6873506118733625,0.7516232500831677,0.7640017510249346,0.7626139302927111,0.7043734226060112,0.7339925931760375,0.0318852324476978,806.0,longitudinal,GradientBoostingClassifier,"{""model__estimator__learning_rate"": 0.01, ""model__estimator__max_depth"": 5, ""model__estimator__n_estimators"": 100, ""model__estimator__subsample"": 1.0}",,,,,,,,
8.139988470077515,0.0651542320719171,0.0259480953216552,0.0110469750759227,MultiOutputWrapper(estimator=GradientBoostingClassifier(random_state=42)),,,,,5.0,,,300.0,0.01,0.7,,,,,,,,,,,,,0.8257766125055042,0.866021190119858,0.8017853409328497,0.8732702506559482,0.8737902300648686,0.8481287248558058,0.0291824455532099,273.0,longitudinal,GradientBoostingClassifier,"{""model__estimator__learning_rate"": 0.01, ""model__estimator__max_depth"": 5, ""model__estimator__n_estimators"": 300, ""model__estimator__subsample"": 0.7}",,,,,,,,
10.43417854309082,0.2361097891310555,0.0179871082305908,0.0032622109530086,MultiOutputWrapper(estimator=GradientBoostingClassifier(random_state=42)),,,,,5.0,,,300.0,0.01,1.0,,,,,,,,,,,,,0.8092579106544526,0.8529224014024004,0.794521598625542,0.7893397718602877,0.8181880566506059,0.8128459478386578,0.0225204633649091,635.0,longitudinal,GradientBoostingClassifier,"{""model__estimator__learning_rate"": 0.01, ""model__estimator__max_depth"": 5, ""model__estimator__n_estimators"": 300, ""model__estimator__subsample"": 1.0}",,,,,,,,
12.028052616119384,0.2023774702756897,0.0473010063171386,0.0158634465964848,MultiOutputWrapper(estimator=GradientBoostingClassifier(random_state=42)),,,,,5.0,,,500.0,0.01,0.7,,,,,,,,,,,,,0.8396501082621739,0.8609755061462276,0.7988057294081286,0.8690474329630249,0.8764658031412301,0.848988915984157,0.0279519849725924,253.0,longitudinal,GradientBoostingClassifier,"{""model__estimator__learning_rate"": 0.01, ""model__estimator__max_depth"": 5, ""model__estimator__n_estimators"": 500, ""model__estimator__subsample"": 0.7}",,,,,,,,
18.01264615058899,0.1391058244795268,0.0237028121948242,0.0069532108875285,MultiOutputWrapper(estimator=GradientBoostingClassifier(random_state=42)),,,,,5.0,,,500.0,0.01,1.0,,,,,,,,,,,,,0.8142245818293303,0.8513365224699123,0.790297691283282,0.8549546884013473,0.8318585612081013,0.8285344090383946,0.0240658898262459,489.0,longitudinal,GradientBoostingClassifier,"{""model__estimator__learning_rate"": 0.01, ""model__estimator__max_depth"": 5, ""model__estimator__n_estimators"": 500, ""model__estimator__subsample"": 1.0}",,,,,,,,
1.3338402271270753,0.064079770895254,0.0233080863952636,0.0025443239687656,MultiOutputWrapper(estimator=GradientBoostingClassifier(random_state=42)),,,,,2.0,,,100.0,0.05,0.7,,,,,,,,,,,,,0.8089311298537758,0.8575128291152199,0.7445379328133663,0.8846041050261448,0.8727684959222409,0.8336708985461495,0.0514742518769351,457.0,longitudinal,GradientBoostingClassifier,"{""model__estimator__learning_rate"": 0.05, ""model__estimator__max_depth"": 2, ""model__estimator__n_estimators"": 100, ""model__estimator__subsample"": 0.7}",,,,,,,,
1.805194044113159,0.0693941555575809,0.0205059051513671,0.0028128921347489,MultiOutputWrapper(estimator=GradientBoostingClassifier(random_state=42)),,,,,2.0,,,100.0,0.05,1.0,,,,,,,,,,,,,0.7871466745495246,0.8522319072965139,0.7659533881934785,0.8668596363907032,0.8827446133950733,0.8309872439650586,0.0459747484428534,472.0,longitudinal,GradientBoostingClassifier,"{""model__estimator__learning_rate"": 0.05, ""model__estimator__max_depth"": 2, ""model__estimator__n_estimators"": 100, ""model__estimator__subsample"": 1.0}",,,,,,,,
3.221814012527466,0.0466011047394995,0.0237892150878906,0.0123054254493794,MultiOutputWrapper(estimator=GradientBoostingClassifier(random_state=42)),,,,,2.0,,,300.0,0.05,0.7,,,,,,,,,,,,,0.8296996805991468,0.8623734327473682,0.7378839812466479,0.8665775321461135,0.8735154245666729,0.8340100102611899,0.0503678416694667,453.0,longitudinal,GradientBoostingClassifier,"{""model__estimator__learning_rate"": 0.05, ""model__estimator__max_depth"": 2, ""model__estimator__n_estimators"": 300, ""model__estimator__subsample"": 0.7}",,,,,,,,
4.579760789871216,0.0792700721020407,0.0248139858245849,0.006087622920236,MultiOutputWrapper(estimator=GradientBoostingClassifier(random_state=42)),,,,,2.0,,,300.0,0.05,1.0,,,,,,,,,,,,,0.7711330944787687,0.8534796916304259,0.7771711686529039,0.860642922272465,0.8927891454435475,0.8310432044956222,0.0483394621381625,471.0,longitudinal,GradientBoostingClassifier,"{""model__estimator__learning_rate"": 0.05, ""model__estimator__max_depth"": 2, ""model__estimator__n_estimators"": 300, ""model__estimator__subsample"": 1.0}",,,,,,,,
5.327742433547973,0.0473594730882644,0.0228488445281982,0.005240690498266,MultiOutputWrapper(estimator=GradientBoostingClassifier(random_state=42)),,,,,2.0,,,500.0,0.05,0.7,,,,,,,,,,,,,0.8249755505520822,0.8571048400212733,0.7641333051533084,0.8592543590316157,0.8810867071313851,0.8373109523779331,0.040735139571081,419.0,longitudinal,GradientBoostingClassifier,"{""model__estimator__learning_rate"": 0.05, ""model__estimator__max_depth"": 2, ""model__estimator__n_estimators"": 500, ""model__estimator__subsample"": 0.7}",,,,,,,,
7.599620485305787,0.0766507444311104,0.0158203601837158,0.0024407903333933,MultiOutputWrapper(estimator=GradientBoostingClassifier(random_state=42)),,,,,2.0,,,500.0,0.05,1.0,,,,,,,,,,,,,0.7736635960603322,0.8487230243941597,0.7375327251902151,0.8571726306779062,0.8864949001939804,0.8207173753033187,0.0558099076538467,575.0,longitudinal,GradientBoostingClassifier,"{""model__estimator__learning_rate"": 0.05, ""model__estimator__max_depth"": 2, ""model__estimator__n_estimators"": 500, ""model__estimator__subsample"": 1.0}",,,,,,,,
1.597196340560913,0.0522735037908405,0.0188069343566894,0.0062719391941937,MultiOutputWrapper(estimator=GradientBoostingClassifier(random_state=42)),,,,,3.0,,,100.0,0.05,0.7,,,,,,,,,,,,,0.8286564105178111,0.8463238924887317,0.8051972544928958,0.8690567371927278,0.8691083161253987,0.8436685221635131,0.024512027672162,356.0,longitudinal,GradientBoostingClassifier,"{""model__estimator__learning_rate"": 0.05, ""model__estimator__max_depth"": 3, ""model__estimator__n_estimators"": 100, ""model__estimator__subsample"": 0.7}",,,,,,,,
2.245700168609619,0.0355073061802264,0.0211076259613037,0.0046822795906694,MultiOutputWrapper(estimator=GradientBoostingClassifier(random_state=42)),,,,,3.0,,,100.0,0.05,1.0,,,,,,,,,,,,,0.7734560366649632,0.8460320404552302,0.7682094946230693,0.8618498669495152,0.8734521202261019,0.8245999117837759,0.0447861779540497,533.0,longitudinal,GradientBoostingClassifier,"{""model__estimator__learning_rate"": 0.05, ""model__estimator__max_depth"": 3, ""model__estimator__n_estimators"": 100, ""model__estimator__subsample"": 1.0}",,,,,,,,
4.877867031097412,0.0846582865280775,0.0215798377990722,0.005836957351956,MultiOutputWrapper(estimator=GradientBoostingClassifier(random_state=42)),,,,,3.0,,,300.0,0.05,0.7,,,,,,,,,,,,,0.8246647109588778,0.8630855846205634,0.8106229887643513,0.8608520813561844,0.8679681079615376,0.8454386947323028,0.0232389821389175,328.0,longitudinal,GradientBoostingClassifier,"{""model__estimator__learning_rate"": 0.05, ""model__estimator__max_depth"": 3, ""model__estimator__n_estimators"": 300, ""model__estimator__subsample"": 0.7}",,,,,,,,
6.824486589431762,0.0560673183337749,0.0196326255798339,0.0030122459405079,MultiOutputWrapper(estimator=GradientBoostingClassifier(random_state=42)),,,,,3.0,,,300.0,0.05,1.0,,,,,,,,,,,,,0.7895292999914238,0.849916919754599,0.7322731451180379,0.8499486406520403,0.8936865652962893,0.823070914162478,0.0562120363039792,551.0,longitudinal,GradientBoostingClassifier,"{""model__estimator__learning_rate"": 0.05, ""model__estimator__max_depth"": 3, ""model__estimator__n_estimators"": 300, ""model__estimator__subsample"": 1.0}",,,,,,,,
7.09978928565979,0.0691006764487984,0.0174553871154785,0.0017108480355948,MultiOutputWrapper(estimator=GradientBoostingClassifier(random_state=42)),,,,,3.0,,,500.0,0.05,0.7,,,,,,,,,,,,,0.8044604871435064,0.8526239459091546,0.8031074727062822,0.855629989393178,0.8854242538013891,0.840249229790702,0.0319087084630915,394.0,longitudinal,GradientBoostingClassifier,"{""model__estimator__learning_rate"": 0.05, ""model__estimator__max_depth"": 3, ""model__estimator__n_estimators"": 500, ""model__estimator__subsample"": 0.7}",,,,,,,,
9.781660223007204,0.1028322144334915,0.017800760269165,0.0043344036772347,MultiOutputWrapper(estimator=GradientBoostingClassifier(random_state=42)),,,,,3.0,,,500.0,0.05,1.0,,,,,,,,,,,,,0.7869445882586468,0.8468434276932307,0.7534870792313216,0.8501553806360371,0.8949501491354317,0.8264761249909336,0.0501086207096729,512.0,longitudinal,GradientBoostingClassifier,"{""model__estimator__learning_rate"": 0.05, ""model__estimator__max_depth"": 3, ""model__estimator__n_estimators"": 500, ""model__estimator__subsample"": 1.0}",,,,,,,,
2.274724769592285,0.0226138368626663,0.0203005790710449,0.0049760326403133,MultiOutputWrapper(estimator=GradientBoostingClassifier(random_state=42)),,,,,5.0,,,100.0,0.05,0.7,,,,,,,,,,,,,0.8296859252848684,0.854775547570624,0.7891926479678566,0.8698570870317646,0.8449833135181362,0.83769890427465,0.0275531770063472,414.0,longitudinal,GradientBoostingClassifier,"{""model__estimator__learning_rate"": 0.05, ""model__estimator__max_depth"": 5, ""model__estimator__n_estimators"": 100, ""model__estimator__subsample"": 0.7}",,,,,,,,
3.3115824699401855,0.0454714481676836,0.0221813201904296,0.0026378855330221,MultiOutputWrapper(estimator=GradientBoostingClassifier(random_state=42)),,,,,5.0,,,100.0,0.05,1.0,,,,,,,,,,,,,0.8185287859809647,0.8531396028688625,0.7973110233894206,0.8633502670313924,0.8293998081054585,0.8323458974752198,0.0237515621818878,463.0,longitudinal,GradientBoostingClassifier,"{""model__estimator__learning_rate"": 0.05, ""model__estimator__max_depth"": 5, ""model__estimator__n_estimators"": 100, ""model__estimator__subsample"": 1.0}",,,,,,,,
6.92345175743103,0.1033447795373157,0.0192452907562255,0.0022649230177738,MultiOutputWrapper(estimator=GradientBoostingClassifier(random_state=42)),,,,,5.0,,,300.0,0.05,0.7,,,,,,,,,,,,,0.8289147049592986,0.8453812588421299,0.7696861052023962,0.863688382738793,0.8652343407796759,0.8345809585044588,0.0350627063763944,448.0,longitudinal,GradientBoostingClassifier,"{""model__estimator__learning_rate"": 0.05, ""model__estimator__max_depth"": 5, ""model__estimator__n_estimators"": 300, ""model__estimator__subsample"": 0.7}",,,,,,,,
9.65021915435791,0.06364661870888,0.017938232421875,0.0029466992965883,MultiOutputWrapper(estimator=GradientBoostingClassifier(random_state=42)),,,,,5.0,,,300.0,0.05,1.0,,,,,,,,,,,,,0.8090737207827469,0.8500623426438869,0.816078664312271,0.8539727199985112,0.8562874663663099,0.8370949828207452,0.0202397560633676,424.0,longitudinal,GradientBoostingClassifier,"{""model__estimator__learning_rate"": 0.05, ""model__estimator__max_depth"": 5, ""model__estimator__n_estimators"": 300, ""model__estimator__subsample"": 1.0}",,,,,,,,
10.938353729248046,0.0732527414221353,0.0223751068115234,0.0012711501405905,MultiOutputWrapper(estimator=GradientBoostingClassifier(random_state=42)),,,,,5.0,,,500.0,0.05,0.7,,,,,,,,,,,,,0.8301408329127427,0.8492784121935177,0.7156842859999818,0.8591869964085672,0.8808511148655696,0.8270283284760758,0.0580229643540227,507.0,longitudinal,GradientBoostingClassifier,"{""model__estimator__learning_rate"": 0.05, ""model__estimator__max_depth"": 5, ""model__estimator__n_estimators"": 500, ""model__estimator__subsample"": 0.7}",,,,,,,,
15.855791902542114,0.0727689720938596,0.0198412418365478,0.0011101154151935,MultiOutputWrapper(estimator=GradientBoostingClassifier(random_state=42)),,,,,5.0,,,500.0,0.05,1.0,,,,,,,,,,,,,0.811283435561822,0.8534456680767784,0.7764752470297345,0.8520828448612738,0.8961671151158668,0.837890862129095,0.0407904865150794,410.0,longitudinal,GradientBoostingClassifier,"{""model__estimator__learning_rate"": 0.05, ""model__estimator__max_depth"": 5, ""model__estimator__n_estimators"": 500, ""model__estimator__subsample"": 1.0}",,,,,,,,
1.061535406112671,0.0402020598747715,0.0179351806640625,0.0036485129260165,MultiOutputWrapper(estimator=GradientBoostingClassifier(random_state=42)),,,,,2.0,,,100.0,0.1,0.7,,,,,,,,,,,,,0.8381313701345969,0.8659456066853488,0.7539129612206495,0.8610049498502017,0.8673549840435517,0.8372699743868697,0.0429880969586531,420.0,longitudinal,GradientBoostingClassifier,"{""model__estimator__learning_rate"": 0.1, ""model__estimator__max_depth"": 2, ""model__estimator__n_estimators"": 100, ""model__estimator__subsample"": 0.7}",,,,,,,,
1.4302807331085206,0.0094597709589516,0.0179630279541015,0.0027176318273905,MultiOutputWrapper(estimator=GradientBoostingClassifier(random_state=42)),,,,,2.0,,,100.0,0.1,1.0,,,,,,,,,,,,,0.7879868593402843,0.8574731349692978,0.7771055194214913,0.861345205530434,0.8974130738585403,0.8362647586240095,0.0461486980152662,433.0,longitudinal,GradientBoostingClassifier,"{""model__estimator__learning_rate"": 0.1, ""model__estimator__max_depth"": 2, ""model__estimator__n_estimators"": 100, ""model__estimator__subsample"": 1.0}",,,,,,,,
2.8904068946838377,0.028899252365232,0.0151525020599365,0.0024525507030891,MultiOutputWrapper(estimator=GradientBoostingClassifier(random_state=42)),,,,,2.0,,,300.0,0.1,0.7,,,,,,,,,,,,,0.8200085463773051,0.8618256179689525,0.7872302728462734,0.8271532778801243,0.8605461694095071,0.8313527768964326,0.0278351250443351,467.0,longitudinal,GradientBoostingClassifier,"{""model__estimator__learning_rate"": 0.1, ""model__estimator__max_depth"": 2, ""model__estimator__n_estimators"": 300, ""model__estimator__subsample"": 0.7}",,,,,,,,
4.061392736434937,0.022506988122348,0.018435525894165,0.0037383223343611,MultiOutputWrapper(estimator=GradientBoostingClassifier(random_state=42)),,,,,2.0,,,300.0,0.1,1.0,,,,,,,,,,,,,0.7849866958168701,0.8573333459785565,0.7724806148699628,0.8593366084221886,0.8960694991969631,0.8340413528569082,0.0473834183547116,452.0,longitudinal,GradientBoostingClassifier,"{""model__estimator__learning_rate"": 0.1, ""model__estimator__max_depth"": 2, ""model__estimator__n_estimators"": 300, ""model__estimator__subsample"": 1.0}",,,,,,,,
4.713121604919434,0.0470785610205467,0.017177677154541,0.0018753895806545,MultiOutputWrapper(estimator=GradientBoostingClassifier(random_state=42)),,,,,2.0,,,500.0,0.1,0.7,,,,,,,,,,,,,0.8270373891914929,0.8628154820886904,0.7649920005090586,0.7952634027428869,0.8693998081054586,0.8239016165275175,0.0397106977732516,539.0,longitudinal,GradientBoostingClassifier,"{""model__estimator__learning_rate"": 0.1, ""model__estimator__max_depth"": 2, ""model__estimator__n_estimators"": 500, ""model__estimator__subsample"": 0.7}",,,,,,,,
6.644379711151123,0.0707950759251961,0.0161327362060546,0.002915447330001,MultiOutputWrapper(estimator=GradientBoostingClassifier(random_state=42)),,,,,2.0,,,500.0,0.1,1.0,,,,,,,,,,,,,0.762795070931769,0.8453340283689936,0.7751702164407719,0.8467762704925659,0.8774441524310117,0.8215039477330224,0.0445632503598191,568.0,longitudinal,GradientBoostingClassifier,"{""model__estimator__learning_rate"": 0.1, ""model__estimator__max_depth"": 2, ""model__estimator__n_estimators"": 500, ""model__estimator__subsample"": 1.0}",,,,,,,,
1.4729886054992676,0.0446694708744233,0.0177679538726806,0.0036245905162425,MultiOutputWrapper(estimator=GradientBoostingClassifier(random_state=42)),,,,,3.0,,,100.0,0.1,0.7,,,,,,,,,,,,,0.8242396449588558,0.7886961442625771,0.7566800578599543,0.8738949366381956,0.8759087875185115,0.823883914247619,0.0468238268697384,540.0,longitudinal,GradientBoostingClassifier,"{""model__estimator__learning_rate"": 0.1, ""model__estimator__max_depth"": 3, ""model__estimator__n_estimators"": 100, ""model__estimator__subsample"": 0.7}",,,,,,,,
2.0429545879364013,0.0483232866276239,0.0167118072509765,0.0028300805340161,MultiOutputWrapper(estimator=GradientBoostingClassifier(random_state=42)),,,,,3.0,,,100.0,0.1,1.0,,,,,,,,,,,,,0.7680207025479329,0.8527259798763691,0.7407510715227212,0.8557941160051359,0.8950507894791732,0.8224685318862663,0.0582006894820749,556.0,longitudinal,GradientBoostingClassifier,"{""model__estimator__learning_rate"": 0.1, ""model__estimator__max_depth"": 3, ""model__estimator__n_estimators"": 100, ""model__estimator__subsample"": 1.0}",,,,,,,,
4.090558052062988,0.0092337412961661,0.0258275508880615,0.0116301531987229,MultiOutputWrapper(estimator=GradientBoostingClassifier(random_state=42)),,,,,3.0,,,300.0,0.1,0.7,,,,,,,,,,,,,0.8440146616693117,0.80993682807786,0.7567347134727789,0.8505366679692588,0.8755850697703522,0.8273615881919124,0.0410650485257246,500.0,longitudinal,GradientBoostingClassifier,"{""model__estimator__learning_rate"": 0.1, ""model__estimator__max_depth"": 3, ""model__estimator__n_estimators"": 300, ""model__estimator__subsample"": 0.7}",,,,,,,,
5.789379024505616,0.0518701791295091,0.0185650825500488,0.0047194661346433,MultiOutputWrapper(estimator=GradientBoostingClassifier(random_state=42)),,,,,3.0,,,300.0,0.1,1.0,,,,,,,,,,,,,0.7610672963031244,0.8555312351408043,0.7293091007844955,0.845916373583431,0.8967294495546794,0.817710691073307,0.0624391441453876,597.0,longitudinal,GradientBoostingClassifier,"{""model__estimator__learning_rate"": 0.1, ""model__estimator__max_depth"": 3, ""model__estimator__n_estimators"": 300, ""model__estimator__subsample"": 1.0}",,,,,,,,
6.781805038452148,0.0490556701481107,0.019316816329956,0.0039218887722961,MultiOutputWrapper(estimator=GradientBoostingClassifier(random_state=42)),,,,,3.0,,,500.0,0.1,0.7,,,,,,,,,,,,,0.8444839906112631,0.8091755433028611,0.7392957948130574,0.8343132548056347,0.877772041799637,0.8210081250664907,0.0464051718884401,572.0,longitudinal,GradientBoostingClassifier,"{""model__estimator__learning_rate"": 0.1, ""model__estimator__max_depth"": 3, ""model__estimator__n_estimators"": 500, ""model__estimator__subsample"": 0.7}",,,,,,,,
9.659148645401,0.0910303351421301,0.0197059631347656,0.0021420741641147,MultiOutputWrapper(estimator=GradientBoostingClassifier(random_state=42)),,,,,3.0,,,500.0,0.1,1.0,,,,,,,,,,,,,0.7559966789306126,0.8495731362168845,0.7571084680974847,0.8431528312770985,0.8978529712366767,0.8207368171517515,0.0557149253030238,574.0,longitudinal,GradientBoostingClassifier,"{""model__estimator__learning_rate"": 0.1, ""model__estimator__max_depth"": 3, ""model__estimator__n_estimators"": 500, ""model__estimator__subsample"": 1.0}",,,,,,,,
2.242600345611572,0.0042384919467743,0.0196692466735839,0.003209536885215,MultiOutputWrapper(estimator=GradientBoostingClassifier(random_state=42)),,,,,5.0,,,100.0,0.1,0.7,,,,,,,,,,,,,0.8305566177032793,0.8500415627034561,0.809444512621924,0.8793833156552968,0.8033877729804142,0.834562756332874,0.0278112598977506,449.0,longitudinal,GradientBoostingClassifier,"{""model__estimator__learning_rate"": 0.1, ""model__estimator__max_depth"": 5, ""model__estimator__n_estimators"": 100, ""model__estimator__subsample"": 0.7}",,,,,,,,
3.1947489261627195,0.0443845475712153,0.0187839984893798,0.0025967137126244,MultiOutputWrapper(estimator=GradientBoostingClassifier(random_state=42)),,,,,5.0,,,100.0,0.1,1.0,,,,,,,,,,,,,0.780181843989733,0.8459347442128204,0.7815801778523184,0.856371908669681,0.8713293911519929,0.8270796131753091,0.0385777053803144,505.0,longitudinal,GradientBoostingClassifier,"{""model__estimator__learning_rate"": 0.1, ""model__estimator__max_depth"": 5, ""model__estimator__n_estimators"": 100, ""model__estimator__subsample"": 1.0}",,,,,,,,
6.635816240310669,0.070065590994234,0.0192401409149169,0.0043347376653324,MultiOutputWrapper(estimator=GradientBoostingClassifier(random_state=42)),,,,,5.0,,,300.0,0.1,0.7,,,,,,,,,,,,,0.8300523070288837,0.8419242890971248,0.7463933829210868,0.8668562868680102,0.8599900924013932,0.8290432716632997,0.0433254491131183,486.0,longitudinal,GradientBoostingClassifier,"{""model__estimator__learning_rate"": 0.1, ""model__estimator__max_depth"": 5, ""model__estimator__n_estimators"": 300, ""model__estimator__subsample"": 0.7}",,,,,,,,
9.529275846481324,0.0960319506412301,0.0192137718200683,0.0013623938627569,MultiOutputWrapper(estimator=GradientBoostingClassifier(random_state=42)),,,,,5.0,,,300.0,0.1,1.0,,,,,,,,,,,,,0.7822619120482154,0.8458402832665479,0.7665213918205205,0.853945365563185,0.8900896898400183,0.8277317285076974,0.0462985947753728,495.0,longitudinal,GradientBoostingClassifier,"{""model__estimator__learning_rate"": 0.1, ""model__estimator__max_depth"": 5, ""model__estimator__n_estimators"": 300, ""model__estimator__subsample"": 1.0}",,,,,,,,
11.041483449935914,0.0597840827598214,0.0222607612609863,0.0017070816721932,MultiOutputWrapper(estimator=GradientBoostingClassifier(random_state=42)),,,,,5.0,,,500.0,0.1,0.7,,,,,,,,,,,,,0.7994934829687295,0.8300392428130676,0.7417138227567336,0.8456504586985243,0.876520868531381,0.8186835751536872,0.0458124850307949,591.0,longitudinal,GradientBoostingClassifier,"{""model__estimator__learning_rate"": 0.1, ""model__estimator__max_depth"": 5, ""model__estimator__n_estimators"": 500, ""model__estimator__subsample"": 0.7}",,,,,,,,
15.930675792694093,0.2371273026453386,0.0218438148498535,0.0021533796414922,MultiOutputWrapper(estimator=GradientBoostingClassifier(random_state=42)),,,,,5.0,,,500.0,0.1,1.0,,,,,,,,,,,,,0.741549169481508,0.8366670008618509,0.7713016273964384,0.8688157576434247,0.8936377573368375,0.8223942625440118,0.0575859153878058,557.0,longitudinal,GradientBoostingClassifier,"{""model__estimator__learning_rate"": 0.1, ""model__estimator__max_depth"": 5, ""model__estimator__n_estimators"": 500, ""model__estimator__subsample"": 1.0}",,,,,,,,
1.3948617935180665,0.0415280218108252,0.0263376235961914,0.0027270962538586,MultiOutputWrapper(estimator=HistGradientBoostingClassifier(random_state=42)),,,,,,,10.0,,0.01,,0.0,200.0,,,,,,,,,,,0.7293067128128873,0.8509805015739068,0.7446543458598089,0.8562211801484954,0.8881123417391485,0.8138550164268494,0.0642253723840618,627.0,longitudinal,HistGradientBoostingClassifier,"{""model__estimator__l2_regularization"": 0.0, ""model__estimator__learning_rate"": 0.01, ""model__estimator__max_depth"": null, ""model__estimator__max_iter"": 200, ""model__estimator__min_samples_leaf"": 10}",,,,,,,,
1.3061147212982178,0.0403824603045075,0.0230604171752929,0.0018998992800615,MultiOutputWrapper(estimator=HistGradientBoostingClassifier(random_state=42)),,,,,,,20.0,,0.01,,0.0,200.0,,,,,,,,,,,0.7389612003027879,0.8255668545893607,0.7844904187915314,0.8691481047284095,0.8967055670275118,0.8229744290879202,0.0567701529915082,552.0,longitudinal,HistGradientBoostingClassifier,"{""model__estimator__l2_regularization"": 0.0, ""model__estimator__learning_rate"": 0.01, ""model__estimator__max_depth"": null, ""model__estimator__max_iter"": 200, ""model__estimator__min_samples_leaf"": 20}",,,,,,,,
0.7485843181610108,0.0384555652016093,0.0250014781951904,0.0033378436272078,MultiOutputWrapper(estimator=HistGradientBoostingClassifier(random_state=42)),,,,,,,50.0,,0.01,,0.0,200.0,,,,,,,,,,,0.796224744794644,0.8722645743112629,0.7901858518094302,0.8663731182195425,0.8912818346786808,0.8432660247627121,0.0417390906168626,361.0,longitudinal,HistGradientBoostingClassifier,"{""model__estimator__l2_regularization"": 0.0, ""model__estimator__learning_rate"": 0.01, ""model__estimator__max_depth"": null, ""model__estimator__max_iter"": 200, ""model__estimator__min_samples_leaf"": 50}",,,,,,,,
3.3604185581207275,0.0376912887134329,0.0382956027984619,0.0030879874837466,MultiOutputWrapper(estimator=HistGradientBoostingClassifier(random_state=42)),,,,,,,10.0,,0.01,,0.0,500.0,,,,,,,,,,,0.7279779706614066,0.8532114915272206,0.7813358468097484,0.8493615437577922,0.8845103560478067,0.8192794417607949,0.0567222426625568,584.0,longitudinal,HistGradientBoostingClassifier,"{""model__estimator__l2_regularization"": 0.0, ""model__estimator__learning_rate"": 0.01, ""model__estimator__max_depth"": null, ""model__estimator__max_iter"": 500, ""model__estimator__min_samples_leaf"": 10}",,,,,,,,
3.159415054321289,0.2231110592423038,0.0495881557464599,0.018472915082718,MultiOutputWrapper(estimator=HistGradientBoostingClassifier(random_state=42)),,,,,,,20.0,,0.01,,0.0,500.0,,,,,,,,,,,0.7439994999420505,0.8355997242663922,0.7554083490141537,0.8602923388972626,0.8652811672194063,0.812116215867853,0.0520664867274055,640.0,longitudinal,HistGradientBoostingClassifier,"{""model__estimator__l2_regularization"": 0.0, ""model__estimator__learning_rate"": 0.01, ""model__estimator__max_depth"": null, ""model__estimator__max_iter"": 500, ""model__estimator__min_samples_leaf"": 20}",,,,,,,,
1.690847969055176,0.1513854324018176,0.045296573638916,0.0156732848049135,MultiOutputWrapper(estimator=HistGradientBoostingClassifier(random_state=42)),,,,,,,50.0,,0.01,,0.0,500.0,,,,,,,,,,,0.775339824536958,0.8797112926189888,0.7924111647440617,0.8624847875844359,0.8621573535239764,0.8344208846016843,0.0421034526806631,450.0,longitudinal,HistGradientBoostingClassifier,"{""model__estimator__l2_regularization"": 0.0, ""model__estimator__learning_rate"": 0.01, ""model__estimator__max_depth"": null, ""model__estimator__max_iter"": 500, ""model__estimator__min_samples_leaf"": 50}",,,,,,,,
0.8143635749816894,0.1475387706806616,0.0326189517974853,0.0089527861804057,MultiOutputWrapper(estimator=HistGradientBoostingClassifier(random_state=42)),,,,,4.0,,10.0,,0.01,,0.0,200.0,,,,,,,,,,,0.7667548583104031,0.8618180449480103,0.8101592966811202,0.8555164777908038,0.8968683645161963,0.8382234084493068,0.0451449576788757,407.0,longitudinal,HistGradientBoostingClassifier,"{""model__estimator__l2_regularization"": 0.0, ""model__estimator__learning_rate"": 0.01, ""model__estimator__max_depth"": 4, ""model__estimator__max_iter"": 200, ""model__estimator__min_samples_leaf"": 10}",,,,,,,,
0.9474038124084472,0.0340780716125372,0.0354124546051025,0.0043514410060476,MultiOutputWrapper(estimator=HistGradientBoostingClassifier(random_state=42)),,,,,4.0,,20.0,,0.01,,0.0,200.0,,,,,,,,,,,0.7250482487088812,0.8280888004024342,0.8094872371758159,0.8740663205493217,0.8917931710572972,0.8256967555787501,0.0584926375794128,522.0,longitudinal,HistGradientBoostingClassifier,"{""model__estimator__l2_regularization"": 0.0, ""model__estimator__learning_rate"": 0.01, ""model__estimator__max_depth"": 4, ""model__estimator__max_iter"": 200, ""model__estimator__min_samples_leaf"": 20}",,,,,,,,
0.7201406955718994,0.0452276018275094,0.0284079551696777,0.0040014131700032,MultiOutputWrapper(estimator=HistGradientBoostingClassifier(random_state=42)),,,,,4.0,,50.0,,0.01,,0.0,200.0,,,,,,,,,,,0.7987449661670241,0.8765659852867183,0.7927282468388375,0.8717550568488435,0.8901535677784035,0.8459895645839653,0.0415163999410524,316.0,longitudinal,HistGradientBoostingClassifier,"{""model__estimator__l2_regularization"": 0.0, ""model__estimator__learning_rate"": 0.01, ""model__estimator__max_depth"": 4, ""model__estimator__max_iter"": 200, ""model__estimator__min_samples_leaf"": 50}",,,,,,,,
1.7998613357543944,0.0215708060086812,0.0431169033050537,0.0049152309426378,MultiOutputWrapper(estimator=HistGradientBoostingClassifier(random_state=42)),,,,,4.0,,10.0,,0.01,,0.0,500.0,,,,,,,,,,,0.7409227557434576,0.8442932023062404,0.7595116106247783,0.8561858240756248,0.8542716350666415,0.8110370055633485,0.0501687113139756,645.0,longitudinal,HistGradientBoostingClassifier,"{""model__estimator__l2_regularization"": 0.0, ""model__estimator__learning_rate"": 0.01, ""model__estimator__max_depth"": 4, ""model__estimator__max_iter"": 500, ""model__estimator__min_samples_leaf"": 10}",,,,,,,,
1.6339842796325683,0.0326593530176024,0.0362882614135742,0.0040840903708691,MultiOutputWrapper(estimator=HistGradientBoostingClassifier(random_state=42)),,,,,4.0,,20.0,,0.01,,0.0,500.0,,,,,,,,,,,0.7417763628485965,0.821025596472073,0.796460622960357,0.8668265133329611,0.8542934317835763,0.8160765054795128,0.044645009344579,612.0,longitudinal,HistGradientBoostingClassifier,"{""model__estimator__l2_regularization"": 0.0, ""model__estimator__learning_rate"": 0.01, ""model__estimator__max_depth"": 4, ""model__estimator__max_iter"": 500, ""model__estimator__min_samples_leaf"": 20}",,,,,,,,
1.2431772232055665,0.0544441524082294,0.0257191658020019,0.0027026422391399,MultiOutputWrapper(estimator=HistGradientBoostingClassifier(random_state=42)),,,,,4.0,,50.0,,0.01,,0.0,500.0,,,,,,,,,,,0.7861040704679876,0.8785722007526278,0.774960229803558,0.8727086473510858,0.8765789583463697,0.8377848213443257,0.0469171574609694,412.0,longitudinal,HistGradientBoostingClassifier,"{""model__estimator__l2_regularization"": 0.0, ""model__estimator__learning_rate"": 0.01, ""model__estimator__max_depth"": 4, ""model__estimator__max_iter"": 500, ""model__estimator__min_samples_leaf"": 50}",,,,,,,,
1.512052011489868,0.0463597905422406,0.0295974254608154,0.0054706957671224,MultiOutputWrapper(estimator=HistGradientBoostingClassifier(random_state=42)),,,,,8.0,,10.0,,0.01,,0.0,200.0,,,,,,,,,,,0.7360628398715103,0.8429123241756513,0.7457094775786995,0.8523294069483986,0.888824020190643,0.8131676137529805,0.0610541267579686,632.0,longitudinal,HistGradientBoostingClassifier,"{""model__estimator__l2_regularization"": 0.0, ""model__estimator__learning_rate"": 0.01, ""model__estimator__max_depth"": 8, ""model__estimator__max_iter"": 200, ""model__estimator__min_samples_leaf"": 10}",,,,,,,,
1.1879101276397706,0.0533142242801119,0.0249810218811035,0.0085916245667344,MultiOutputWrapper(estimator=HistGradientBoostingClassifier(random_state=42)),,,,,8.0,,20.0,,0.01,,0.0,200.0,,,,,,,,,,,0.7412097049193014,0.8289464118586451,0.7857347146090703,0.868939131729284,0.8965416223431992,0.8242743170918999,0.0559005694055159,536.0,longitudinal,HistGradientBoostingClassifier,"{""model__estimator__l2_regularization"": 0.0, ""model__estimator__learning_rate"": 0.01, ""model__estimator__max_depth"": 8, ""model__estimator__max_iter"": 200, ""model__estimator__min_samples_leaf"": 20}",,,,,,,,
0.7630150794982911,0.0240824393218891,0.0274192810058593,0.0082038043231834,MultiOutputWrapper(estimator=HistGradientBoostingClassifier(random_state=42)),,,,,8.0,,50.0,,0.01,,0.0,200.0,,,,,,,,,,,0.7958343275271669,0.8722853542516937,0.789791785977256,0.8664233610599378,0.8920153098471101,0.8432700277326329,0.0421049558622791,360.0,longitudinal,HistGradientBoostingClassifier,"{""model__estimator__l2_regularization"": 0.0, ""model__estimator__learning_rate"": 0.01, ""model__estimator__max_depth"": 8, ""model__estimator__max_iter"": 200, ""model__estimator__min_samples_leaf"": 50}",,,,,,,,
3.3210354804992677,0.0423801725869499,0.0330024242401123,0.0062295603888602,MultiOutputWrapper(estimator=HistGradientBoostingClassifier(random_state=42)),,,,,8.0,,10.0,,0.01,,0.0,500.0,,,,,,,,,,,0.7107928057883195,0.8377778498480231,0.7752774823420328,0.8273231731144979,0.8508688442525498,0.8004080310690845,0.0516326543487298,672.0,longitudinal,HistGradientBoostingClassifier,"{""model__estimator__l2_regularization"": 0.0, ""model__estimator__learning_rate"": 0.01, ""model__estimator__max_depth"": 8, ""model__estimator__max_iter"": 500, ""model__estimator__min_samples_leaf"": 10}",,,,,,,,
2.707896852493286,0.0673433779123299,0.0388075351715087,0.0066956488536594,MultiOutputWrapper(estimator=HistGradientBoostingClassifier(random_state=42)),,,,,8.0,,20.0,,0.01,,0.0,500.0,,,,,,,,,,,0.728812349347776,0.8272689439697498,0.7424246297962855,0.8589904910772437,0.875273866883591,0.8065540562149291,0.060095681997135,662.0,longitudinal,HistGradientBoostingClassifier,"{""model__estimator__l2_regularization"": 0.0, ""model__estimator__learning_rate"": 0.01, ""model__estimator__max_depth"": 8, ""model__estimator__max_iter"": 500, ""model__estimator__min_samples_leaf"": 20}",,,,,,,,
1.62658429145813,0.0522219356282926,0.0352304458618164,0.0049538841498551,MultiOutputWrapper(estimator=HistGradientBoostingClassifier(random_state=42)),,,,,8.0,,50.0,,0.01,,0.0,500.0,,,,,,,,,,,0.7797929038279546,0.8821330701997872,0.7981685256392774,0.8650404733992073,0.862453017124502,0.8375175980381456,0.040620964955723,417.0,longitudinal,HistGradientBoostingClassifier,"{""model__estimator__l2_regularization"": 0.0, ""model__estimator__learning_rate"": 0.01, ""model__estimator__max_depth"": 8, ""model__estimator__max_iter"": 500, ""model__estimator__min_samples_leaf"": 50}",,,,,,,,
1.599867820739746,0.037083184612841,0.0326255798339843,0.00494209354876,MultiOutputWrapper(estimator=HistGradientBoostingClassifier(random_state=42)),,,,,,,10.0,,0.05,,0.0,200.0,,,,,,,,,,,0.7468242766972437,0.855825995857899,0.7644651022207678,0.8534658255643015,0.8713066558204534,0.8183775712321332,0.0518873517691666,593.0,longitudinal,HistGradientBoostingClassifier,"{""model__estimator__l2_regularization"": 0.0, ""model__estimator__learning_rate"": 0.05, ""model__estimator__max_depth"": null, ""model__estimator__max_iter"": 200, ""model__estimator__min_samples_leaf"": 10}",,,,,,,,
1.428277587890625,0.0452659753343236,0.0294825553894042,0.0043063081478943,MultiOutputWrapper(estimator=HistGradientBoostingClassifier(random_state=42)),,,,,,,20.0,,0.05,,0.0,200.0,,,,,,,,,,,0.7501105782906017,0.8451243265360178,0.7520001568082031,0.8596449505945403,0.8649926996641845,0.8143745423787095,0.0521106092621107,626.0,longitudinal,HistGradientBoostingClassifier,"{""model__estimator__l2_regularization"": 0.0, ""model__estimator__learning_rate"": 0.05, ""model__estimator__max_depth"": null, ""model__estimator__max_iter"": 200, ""model__estimator__min_samples_leaf"": 20}",,,,,,,,
0.8372179985046386,0.0280901162462377,0.028528881072998,0.0037839203695691,MultiOutputWrapper(estimator=HistGradientBoostingClassifier(random_state=42)),,,,,,,50.0,,0.05,,0.0,200.0,,,,,,,,,,,0.776833528141375,0.8703471858930794,0.7828740443789939,0.8522304099443607,0.8490978870742341,0.8262766110864085,0.0386394283719698,514.0,longitudinal,HistGradientBoostingClassifier,"{""model__estimator__l2_regularization"": 0.0, ""model__estimator__learning_rate"": 0.05, ""model__estimator__max_depth"": null, ""model__estimator__max_iter"": 200, ""model__estimator__min_samples_leaf"": 50}",,,,,,,,
2.811484527587891,0.0626615487790095,0.0380526065826416,0.0029123407214504,MultiOutputWrapper(estimator=HistGradientBoostingClassifier(random_state=42)),,,,,,,10.0,,0.05,,0.0,500.0,,,,,,,,,,,0.736351641940649,0.8471428710945382,0.7649869156053705,0.8508234243286997,0.866412927851824,0.8131435561642164,0.0522099836442229,633.0,longitudinal,HistGradientBoostingClassifier,"{""model__estimator__l2_regularization"": 0.0, ""model__estimator__learning_rate"": 0.05, ""model__estimator__max_depth"": null, ""model__estimator__max_iter"": 500, ""model__estimator__min_samples_leaf"": 10}",,,,,,,,
2.6961822509765625,0.1233692259012482,0.0410515785217285,0.0041637426098715,MultiOutputWrapper(estimator=HistGradientBoostingClassifier(random_state=42)),,,,,,,20.0,,0.05,,0.0,500.0,,,,,,,,,,,0.7356102632429316,0.83977826629361,0.7745631243920841,0.8630513221310407,0.8686600755063303,0.8163326103131994,0.0524047473087231,610.0,longitudinal,HistGradientBoostingClassifier,"{""model__estimator__l2_regularization"": 0.0, ""model__estimator__learning_rate"": 0.05, ""model__estimator__max_depth"": null, ""model__estimator__max_iter"": 500, ""model__estimator__min_samples_leaf"": 20}",,,,,,,,
1.5961883544921875,0.0679529038746504,0.0366250991821289,0.0046765707583768,MultiOutputWrapper(estimator=HistGradientBoostingClassifier(random_state=42)),,,,,,,50.0,,0.05,,0.0,500.0,,,,,,,,,,,0.7362521698478078,0.8692628608270687,0.7910238950703137,0.8499841828095052,0.8626968483407378,0.8218439913790867,0.0509611886143147,561.0,longitudinal,HistGradientBoostingClassifier,"{""model__estimator__l2_regularization"": 0.0, ""model__estimator__learning_rate"": 0.05, ""model__estimator__max_depth"": null, ""model__estimator__max_iter"": 500, ""model__estimator__min_samples_leaf"": 50}",,,,,,,,
0.6855177402496337,0.025133955667126,0.0246517181396484,0.0022052497747499,MultiOutputWrapper(estimator=HistGradientBoostingClassifier(random_state=42)),,,,,4.0,,10.0,,0.05,,0.0,200.0,,,,,,,,,,,0.7433297497087181,0.8115878454340497,0.7716681097566519,0.8591047470179943,0.7953216319379263,0.7962024167710682,0.0389657323568365,681.0,longitudinal,HistGradientBoostingClassifier,"{""model__estimator__l2_regularization"": 0.0, ""model__estimator__learning_rate"": 0.05, ""model__estimator__max_depth"": 4, ""model__estimator__max_iter"": 200, ""model__estimator__min_samples_leaf"": 10}",,,,,,,,
0.6152008533477783,0.0118847174838131,0.0235220432281494,0.0048876356228808,MultiOutputWrapper(estimator=HistGradientBoostingClassifier(random_state=42)),,,,,4.0,,20.0,,0.05,,0.0,200.0,,,,,,,,,,,0.7350061474757956,0.7949829540697831,0.7588085871808157,0.8696231786970356,0.8187939845232881,0.7954429703893436,0.0469954729258539,682.0,longitudinal,HistGradientBoostingClassifier,"{""model__estimator__l2_regularization"": 0.0, ""model__estimator__learning_rate"": 0.05, ""model__estimator__max_depth"": 4, ""model__estimator__max_iter"": 200, ""model__estimator__min_samples_leaf"": 20}",,,,,,,,
0.5029008388519287,0.0126072123472998,0.0206347942352294,0.0031415724267235,MultiOutputWrapper(estimator=HistGradientBoostingClassifier(random_state=42)),,,,,4.0,,50.0,,0.05,,0.0,200.0,,,,,,,,,,,0.7497692310697464,0.8508029208659109,0.7762896338414829,0.868500716425687,0.8568331143232588,0.8204391233052171,0.0479579203183105,576.0,longitudinal,HistGradientBoostingClassifier,"{""model__estimator__l2_regularization"": 0.0, ""model__estimator__learning_rate"": 0.05, ""model__estimator__max_depth"": 4, ""model__estimator__max_iter"": 200, ""model__estimator__min_samples_leaf"": 50}",,,,,,,,
1.3244687557220458,0.0239992582764912,0.0262004852294921,0.002051940978591,MultiOutputWrapper(estimator=HistGradientBoostingClassifier(random_state=42)),,,,,4.0,,10.0,,0.05,,0.0,500.0,,,,,,,,,,,0.7351406013010808,0.7992390370007698,0.7423319084240093,0.8625456372466923,0.7826626410529169,0.7843839650050939,0.0458828234949257,709.0,longitudinal,HistGradientBoostingClassifier,"{""model__estimator__l2_regularization"": 0.0, ""model__estimator__learning_rate"": 0.05, ""model__estimator__max_depth"": 4, ""model__estimator__max_iter"": 500, ""model__estimator__min_samples_leaf"": 10}",,,,,,,,
1.1842013359069825,0.0135839115903523,0.0271328449249267,0.0027677079206438,MultiOutputWrapper(estimator=HistGradientBoostingClassifier(random_state=42)),,,,,4.0,,20.0,,0.05,,0.0,500.0,,,,,,,,,,,0.7075918879736249,0.795776359969762,0.7615641788704355,0.866608608273321,0.7830423628058318,0.782916679578595,0.0515741788524137,713.0,longitudinal,HistGradientBoostingClassifier,"{""model__estimator__l2_regularization"": 0.0, ""model__estimator__learning_rate"": 0.05, ""model__estimator__max_depth"": 4, ""model__estimator__max_iter"": 500, ""model__estimator__min_samples_leaf"": 20}",,,,,,,,
1.0128722190856934,0.0259703012758544,0.0279147624969482,0.0024102313844806,MultiOutputWrapper(estimator=HistGradientBoostingClassifier(random_state=42)),,,,,4.0,,50.0,,0.05,,0.0,500.0,,,,,,,,,,,0.7022142391129031,0.8273784775704507,0.7498403226612852,0.8666303801708255,0.8054761904761905,0.7903079219983311,0.0580130048195337,697.0,longitudinal,HistGradientBoostingClassifier,"{""model__estimator__l2_regularization"": 0.0, ""model__estimator__learning_rate"": 0.05, ""model__estimator__max_depth"": 4, ""model__estimator__max_iter"": 500, ""model__estimator__min_samples_leaf"": 50}",,,,,,,,
1.4458946704864502,0.0369097822400152,0.0272453308105468,0.0030913470112244,MultiOutputWrapper(estimator=HistGradientBoostingClassifier(random_state=42)),,,,,8.0,,10.0,,0.05,,0.0,200.0,,,,,,,,,,,0.7202677654051055,0.836944713108394,0.7624873303517048,0.8520999646439271,0.8766204659700061,0.8096840478958274,0.05872910632287,649.0,longitudinal,HistGradientBoostingClassifier,"{""model__estimator__l2_regularization"": 0.0, ""model__estimator__learning_rate"": 0.05, ""model__estimator__max_depth"": 8, ""model__estimator__max_iter"": 200, ""model__estimator__min_samples_leaf"": 10}",,,,,,,,
1.161925983428955,0.0356766222137318,0.0284494876861572,0.0036539046364983,MultiOutputWrapper(estimator=HistGradientBoostingClassifier(random_state=42)),,,,,8.0,,20.0,,0.05,,0.0,200.0,,,,,,,,,,,0.7485187345929409,0.8192800814758827,0.7657638832074323,0.8568002754051992,0.8664160565671735,0.8113558062497258,0.0473006260017708,644.0,longitudinal,HistGradientBoostingClassifier,"{""model__estimator__l2_regularization"": 0.0, ""model__estimator__learning_rate"": 0.05, ""model__estimator__max_depth"": 8, ""model__estimator__max_iter"": 200, ""model__estimator__min_samples_leaf"": 20}",,,,,,,,
0.7699028968811035,0.0054647640687967,0.0233392715454101,0.0055302212952986,MultiOutputWrapper(estimator=HistGradientBoostingClassifier(random_state=42)),,,,,8.0,,50.0,,0.05,,0.0,200.0,,,,,,,,,,,0.7921647467703196,0.8558297273277781,0.7785851695801176,0.8612402538193862,0.8422496506267859,0.8260139096248775,0.0340256632695718,519.0,longitudinal,HistGradientBoostingClassifier,"{""model__estimator__l2_regularization"": 0.0, ""model__estimator__learning_rate"": 0.05, ""model__estimator__max_depth"": 8, ""model__estimator__max_iter"": 200, ""model__estimator__min_samples_leaf"": 50}",,,,,,,,
2.5692569255828857,0.0831055696862908,0.0327637195587158,0.0043148455925771,MultiOutputWrapper(estimator=HistGradientBoostingClassifier(random_state=42)),,,,,8.0,,10.0,,0.05,,0.0,500.0,,,,,,,,,,,0.7350126921330354,0.8300836379900666,0.7815955745997982,0.8549937661660991,0.8774742923888785,0.8158319926555755,0.0514595349257698,615.0,longitudinal,HistGradientBoostingClassifier,"{""model__estimator__l2_regularization"": 0.0, ""model__estimator__learning_rate"": 0.05, ""model__estimator__max_depth"": 8, ""model__estimator__max_iter"": 500, ""model__estimator__min_samples_leaf"": 10}",,,,,,,,
2.277985191345215,0.0859699721133167,0.032639741897583,0.0052201744289968,MultiOutputWrapper(estimator=HistGradientBoostingClassifier(random_state=42)),,,,,8.0,,20.0,,0.05,,0.0,500.0,,,,,,,,,,,0.7389669338541278,0.828052892766983,0.7805638788895252,0.8575254470682372,0.8623658302567632,0.8134949965671273,0.0472818399427631,631.0,longitudinal,HistGradientBoostingClassifier,"{""model__estimator__l2_regularization"": 0.0, ""model__estimator__learning_rate"": 0.05, ""model__estimator__max_depth"": 8, ""model__estimator__max_iter"": 500, ""model__estimator__min_samples_leaf"": 20}",,,,,,,,
1.5139526844024658,0.0211358869674815,0.0319343090057373,0.0028229529114175,MultiOutputWrapper(estimator=HistGradientBoostingClassifier(random_state=42)),,,,,8.0,,50.0,,0.05,,0.0,500.0,,,,,,,,,,,0.7544747986978402,0.857492085868517,0.7769857259083512,0.8500104207372672,0.8611001606073879,0.8200126383638728,0.0450317311242461,579.0,longitudinal,HistGradientBoostingClassifier,"{""model__estimator__l2_regularization"": 0.0, ""model__estimator__learning_rate"": 0.05, ""model__estimator__max_depth"": 8, ""model__estimator__max_iter"": 500, ""model__estimator__min_samples_leaf"": 50}",,,,,,,,
1.3015805244445802,0.0192355322030062,0.0264427661895751,0.004506187143139,MultiOutputWrapper(estimator=HistGradientBoostingClassifier(random_state=42)),,,,,,,10.0,,0.1,,0.0,200.0,,,,,,,,,,,0.7088537362123624,0.8537064052402257,0.7915766723935749,0.8507400584305626,0.8604979350478694,0.813074961464919,0.0576935913291687,634.0,longitudinal,HistGradientBoostingClassifier,"{""model__estimator__l2_regularization"": 0.0, ""model__estimator__learning_rate"": 0.1, ""model__estimator__max_depth"": null, ""model__estimator__max_iter"": 200, ""model__estimator__min_samples_leaf"": 10}",,,,,,,,
1.2151246070861816,0.0095204967803679,0.0325706958770751,0.0051760833213732,MultiOutputWrapper(estimator=HistGradientBoostingClassifier(random_state=42)),,,,,,,20.0,,0.1,,0.0,200.0,,,,,,,,,,,0.743840272040454,0.8444981297206834,0.798856408001309,0.8501360278382553,0.8707619464781093,0.8216185568157621,0.0454298817048336,567.0,longitudinal,HistGradientBoostingClassifier,"{""model__estimator__l2_regularization"": 0.0, ""model__estimator__learning_rate"": 0.1, ""model__estimator__max_depth"": null, ""model__estimator__max_iter"": 200, ""model__estimator__min_samples_leaf"": 20}",,,,,,,,
0.7982173919677734,0.0155888064979284,0.0272974491119384,0.0039410541895554,MultiOutputWrapper(estimator=HistGradientBoostingClassifier(random_state=42)),,,,,,,50.0,,0.1,,0.0,200.0,,,,,,,,,,,0.7310230631265491,0.8673302896732729,0.7893471267737509,0.846819814287575,0.8610099493148113,0.8191060486351919,0.0519495387640211,586.0,longitudinal,HistGradientBoostingClassifier,"{""model__estimator__l2_regularization"": 0.0, ""model__estimator__learning_rate"": 0.1, ""model__estimator__max_depth"": null, ""model__estimator__max_iter"": 200, ""model__estimator__min_samples_leaf"": 50}",,,,,,,,
1.771544551849365,0.0370479352969861,0.0341160297393798,0.0021677557082193,MultiOutputWrapper(estimator=HistGradientBoostingClassifier(random_state=42)),,,,,,,10.0,,0.1,,0.0,500.0,,,,,,,,,,,0.6969028181651259,0.8556634511106034,0.7817889713836392,0.8555990063082677,0.8487829818743091,0.807747445768389,0.0620161341885268,659.0,longitudinal,HistGradientBoostingClassifier,"{""model__estimator__l2_regularization"": 0.0, ""model__estimator__learning_rate"": 0.1, ""model__estimator__max_depth"": null, ""model__estimator__max_iter"": 500, ""model__estimator__min_samples_leaf"": 10}",,,,,,,,
1.7831455230712892,0.0590844458052177,0.036164903640747,0.0057708684837646,MultiOutputWrapper(estimator=HistGradientBoostingClassifier(random_state=42)),,,,,,,20.0,,0.1,,0.0,500.0,,,,,,,,,,,0.7304261580164517,0.848435873391735,0.7937246607034097,0.8541887642122108,0.8643779592432681,0.8182306831134151,0.0502893387749827,594.0,longitudinal,HistGradientBoostingClassifier,"{""model__estimator__l2_regularization"": 0.0, ""model__estimator__learning_rate"": 0.1, ""model__estimator__max_depth"": null, ""model__estimator__max_iter"": 500, ""model__estimator__min_samples_leaf"": 20}",,,,,,,,
1.5580158710479737,0.0276652888946142,0.0369068622589111,0.0078142151705365,MultiOutputWrapper(estimator=HistGradientBoostingClassifier(random_state=42)),,,,,,,50.0,,0.1,,0.0,500.0,,,,,,,,,,,0.7445816507381715,0.8632055081914796,0.7772294603979746,0.8593948529001284,0.8443567361241475,0.8177536416703803,0.0479665233308198,596.0,longitudinal,HistGradientBoostingClassifier,"{""model__estimator__l2_regularization"": 0.0, ""model__estimator__learning_rate"": 0.1, ""model__estimator__max_depth"": null, ""model__estimator__max_iter"": 500, ""model__estimator__min_samples_leaf"": 50}",,,,,,,,
0.7422276496887207,0.0351189635181032,0.0223430633544921,0.0033243874536248,MultiOutputWrapper(estimator=HistGradientBoostingClassifier(random_state=42)),,,,,4.0,,10.0,,0.1,,0.0,200.0,,,,,,,,,,,0.7140060018115939,0.8145470661699126,0.7398357036370412,0.8615783695267867,0.8150331643827045,0.7890000611056077,0.0541095661818914,698.0,longitudinal,HistGradientBoostingClassifier,"{""model__estimator__l2_regularization"": 0.0, ""model__estimator__learning_rate"": 0.1, ""model__estimator__max_depth"": 4, ""model__estimator__max_iter"": 200, ""model__estimator__min_samples_leaf"": 10}",,,,,,,,
0.6694419384002686,0.0416592303722768,0.0201479434967041,0.0033924579288596,MultiOutputWrapper(estimator=HistGradientBoostingClassifier(random_state=42)),,,,,4.0,,20.0,,0.1,,0.0,200.0,,,,,,,,,,,0.726141109730536,0.8013689258543386,0.7609269751015844,0.8712117828764957,0.855264585028054,0.8029826757182018,0.0548899289690122,667.0,longitudinal,HistGradientBoostingClassifier,"{""model__estimator__l2_regularization"": 0.0, ""model__estimator__learning_rate"": 0.1, ""model__estimator__max_depth"": 4, ""model__estimator__max_iter"": 200, ""model__estimator__min_samples_leaf"": 20}",,,,,,,,
0.516160535812378,0.0233807165245583,0.0227839469909667,0.0040383894485578,MultiOutputWrapper(estimator=HistGradientBoostingClassifier(random_state=42)),,,,,4.0,,50.0,,0.1,,0.0,200.0,,,,,,,,,,,0.724335900533116,0.8529356450156171,0.7697209609388493,0.854891233554774,0.830304424003504,0.8064376328091722,0.0513190972684455,663.0,longitudinal,HistGradientBoostingClassifier,"{""model__estimator__l2_regularization"": 0.0, ""model__estimator__learning_rate"": 0.1, ""model__estimator__max_depth"": 4, ""model__estimator__max_iter"": 200, ""model__estimator__min_samples_leaf"": 50}",,,,,,,,
1.1762070655822754,0.0548391056287098,0.025303030014038,0.0071178187516757,MultiOutputWrapper(estimator=HistGradientBoostingClassifier(random_state=42)),,,,,4.0,,10.0,,0.1,,0.0,500.0,,,,,,,,,,,0.7070766310902472,0.818243956444206,0.7516910287527158,0.8528403022013806,0.8436477170806999,0.79469992711385,0.0563171697075493,685.0,longitudinal,HistGradientBoostingClassifier,"{""model__estimator__l2_regularization"": 0.0, ""model__estimator__learning_rate"": 0.1, ""model__estimator__max_depth"": 4, ""model__estimator__max_iter"": 500, ""model__estimator__min_samples_leaf"": 10}",,,,,,,,
1.1703530311584474,0.0130656166748302,0.0262482643127441,0.0023930554172751,MultiOutputWrapper(estimator=HistGradientBoostingClassifier(random_state=42)),,,,,4.0,,20.0,,0.1,,0.0,500.0,,,,,,,,,,,0.7144766627531427,0.7975993241354011,0.7456597364258638,0.8650305178734252,0.8597323384018521,0.796499715917937,0.0600142137602696,680.0,longitudinal,HistGradientBoostingClassifier,"{""model__estimator__l2_regularization"": 0.0, ""model__estimator__learning_rate"": 0.1, ""model__estimator__max_depth"": 4, ""model__estimator__max_iter"": 500, ""model__estimator__min_samples_leaf"": 20}",,,,,,,,
0.9575188159942628,0.0249854496747545,0.0266638755798339,0.0030141859343315,MultiOutputWrapper(estimator=HistGradientBoostingClassifier(random_state=42)),,,,,4.0,,50.0,,0.1,,0.0,500.0,,,,,,,,,,,0.6717051510991694,0.8310083269923748,0.7649642465933986,0.8382610394685424,0.8205337588386208,0.7852945045984212,0.0623744707910983,704.0,longitudinal,HistGradientBoostingClassifier,"{""model__estimator__l2_regularization"": 0.0, ""model__estimator__learning_rate"": 0.1, ""model__estimator__max_depth"": 4, ""model__estimator__max_iter"": 500, ""model__estimator__min_samples_leaf"": 50}",,,,,,,,
1.2179015636444093,0.0164681861416633,0.0248429298400878,0.0050097821864114,MultiOutputWrapper(estimator=HistGradientBoostingClassifier(random_state=42)),,,,,8.0,,10.0,,0.1,,0.0,200.0,,,,,,,,,,,0.7193970729866948,0.8379213703086433,0.8087641581899332,0.8523558309607546,0.8751348476315624,0.8187146560155177,0.0541236718142608,590.0,longitudinal,HistGradientBoostingClassifier,"{""model__estimator__l2_regularization"": 0.0, ""model__estimator__learning_rate"": 0.1, ""model__estimator__max_depth"": 8, ""model__estimator__max_iter"": 200, ""model__estimator__min_samples_leaf"": 10}",,,,,,,,
1.0676429271697998,0.0423608072692009,0.0312551021575927,0.0078433211306471,MultiOutputWrapper(estimator=HistGradientBoostingClassifier(random_state=42)),,,,,8.0,,20.0,,0.1,,0.0,200.0,,,,,,,,,,,0.7361328033363985,0.8223243244021363,0.7872876271509993,0.8514937940787882,0.8715545543666436,0.8137586206669931,0.0480919235611916,629.0,longitudinal,HistGradientBoostingClassifier,"{""model__estimator__l2_regularization"": 0.0, ""model__estimator__learning_rate"": 0.1, ""model__estimator__max_depth"": 8, ""model__estimator__max_iter"": 200, ""model__estimator__min_samples_leaf"": 20}",,,,,,,,
0.7416028499603271,0.0137050510220908,0.0263762474060058,0.0060769790156265,MultiOutputWrapper(estimator=HistGradientBoostingClassifier(random_state=42)),,,,,8.0,,50.0,,0.1,,0.0,200.0,,,,,,,,,,,0.7311260103244851,0.8669071545374419,0.7960895670275527,0.8444846387167606,0.8475334251089836,0.8172281591430449,0.048968862586778,603.0,longitudinal,HistGradientBoostingClassifier,"{""model__estimator__l2_regularization"": 0.0, ""model__estimator__learning_rate"": 0.1, ""model__estimator__max_depth"": 8, ""model__estimator__max_iter"": 200, ""model__estimator__min_samples_leaf"": 50}",,,,,,,,
1.762850332260132,0.0297211772638927,0.0259546756744384,0.0061794283875889,MultiOutputWrapper(estimator=HistGradientBoostingClassifier(random_state=42)),,,,,8.0,,10.0,,0.1,,0.0,500.0,,,,,,,,,,,0.7183294343819977,0.8431276048665818,0.7978402794822148,0.8570732615046799,0.8616390818263354,0.8156019324123619,0.05361784795156,618.0,longitudinal,HistGradientBoostingClassifier,"{""model__estimator__l2_regularization"": 0.0, ""model__estimator__learning_rate"": 0.1, ""model__estimator__max_depth"": 8, ""model__estimator__max_iter"": 500, ""model__estimator__min_samples_leaf"": 10}",,,,,,,,
1.6662933349609377,0.0563695287654432,0.0263269901275634,0.0045347854753129,MultiOutputWrapper(estimator=HistGradientBoostingClassifier(random_state=42)),,,,,8.0,,20.0,,0.1,,0.0,500.0,,,,,,,,,,,0.7311730098186602,0.8254714974693464,0.7795287174907051,0.8570435810119279,0.863973885655883,0.8114381382893046,0.0499949963721943,643.0,longitudinal,HistGradientBoostingClassifier,"{""model__estimator__l2_regularization"": 0.0, ""model__estimator__learning_rate"": 0.1, ""model__estimator__max_depth"": 8, ""model__estimator__max_iter"": 500, ""model__estimator__min_samples_leaf"": 20}",,,,,,,,
1.316652536392212,0.048439231037584,0.0337267875671386,0.0024144283227674,MultiOutputWrapper(estimator=HistGradientBoostingClassifier(random_state=42)),,,,,8.0,,50.0,,0.1,,0.0,500.0,,,,,,,,,,,0.7182981882014973,0.854944659083936,0.7887013724126646,0.8600127467946928,0.8402940992428508,0.8124502131471283,0.0534263339055885,636.0,longitudinal,HistGradientBoostingClassifier,"{""model__estimator__l2_regularization"": 0.0, ""model__estimator__learning_rate"": 0.1, ""model__estimator__max_depth"": 8, ""model__estimator__max_iter"": 500, ""model__estimator__min_samples_leaf"": 50}",,,,,,,,
1.2866023540496827,0.0112907214701124,0.0225139141082763,0.0009960524169552,MultiOutputWrapper(estimator=HistGradientBoostingClassifier(random_state=42)),,,,,,,10.0,,0.01,,0.1,200.0,,,,,,,,,,,0.7162579815332022,0.8334348789917061,0.746115048360559,0.8631208247269209,0.8936014642387835,0.8105060395702344,0.0681583349090376,647.0,longitudinal,HistGradientBoostingClassifier,"{""model__estimator__l2_regularization"": 0.1, ""model__estimator__learning_rate"": 0.01, ""model__estimator__max_depth"": null, ""model__estimator__max_iter"": 200, ""model__estimator__min_samples_leaf"": 10}",,,,,,,,
0.9878238201141356,0.0578358146912474,0.0369943618774414,0.0213006374503726,MultiOutputWrapper(estimator=HistGradientBoostingClassifier(random_state=42)),,,,,,,20.0,,0.01,,0.1,200.0,,,,,,,,,,,0.7347599433490897,0.8362362927050779,0.8014076945103492,0.8646716537337873,0.8935724714765451,0.8261296111549697,0.0549468157839899,518.0,longitudinal,HistGradientBoostingClassifier,"{""model__estimator__l2_regularization"": 0.1, ""model__estimator__learning_rate"": 0.01, ""model__estimator__max_depth"": null, ""model__estimator__max_iter"": 200, ""model__estimator__min_samples_leaf"": 20}",,,,,,,,
0.6747304439544678,0.0163922262663373,0.0234476089477539,0.0038936757797025,MultiOutputWrapper(estimator=HistGradientBoostingClassifier(random_state=42)),,,,,,,50.0,,0.01,,0.1,200.0,,,,,,,,,,,0.7931309152827791,0.8704699631069968,0.7902399960911578,0.867083403115056,0.8919738022234738,0.8425796159638926,0.0424327762283622,370.0,longitudinal,HistGradientBoostingClassifier,"{""model__estimator__l2_regularization"": 0.1, ""model__estimator__learning_rate"": 0.01, ""model__estimator__max_depth"": null, ""model__estimator__max_iter"": 200, ""model__estimator__min_samples_leaf"": 50}",,,,,,,,
3.746372842788696,0.0725506372974818,0.0339368820190429,0.0047946968182167,MultiOutputWrapper(estimator=HistGradientBoostingClassifier(random_state=42)),,,,,,,10.0,,0.01,,0.1,500.0,,,,,,,,,,,0.7171135866377372,0.845634459678363,0.7614665430381702,0.8597303634232122,0.8942841499280394,0.8156458205411046,0.0658342577628472,617.0,longitudinal,HistGradientBoostingClassifier,"{""model__estimator__l2_regularization"": 0.1, ""model__estimator__learning_rate"": 0.01, ""model__estimator__max_depth"": null, ""model__estimator__max_iter"": 500, ""model__estimator__min_samples_leaf"": 10}",,,,,,,,
3.1310590744018554,0.0364748030709422,0.0313285827636718,0.0004338817420733,MultiOutputWrapper(estimator=HistGradientBoostingClassifier(random_state=42)),,,,,,,20.0,,0.01,,0.1,500.0,,,,,,,,,,,0.735473478418351,0.8475593844237608,0.783067782050233,0.8614056830235024,0.8670790313497279,0.818917071853115,0.0513677785305409,588.0,longitudinal,HistGradientBoostingClassifier,"{""model__estimator__l2_regularization"": 0.1, ""model__estimator__learning_rate"": 0.01, ""model__estimator__max_depth"": null, ""model__estimator__max_iter"": 500, ""model__estimator__min_samples_leaf"": 20}",,,,,,,,
1.4521811962127686,0.0370589838640404,0.0319806098937988,0.0044955280791678,MultiOutputWrapper(estimator=HistGradientBoostingClassifier(random_state=42)),,,,,,,50.0,,0.01,,0.1,500.0,,,,,,,,,,,0.7806375627235075,0.8768701480659666,0.7998612020144171,0.867913619531439,0.8633877729804142,0.8377340610631488,0.0394839602004177,413.0,longitudinal,HistGradientBoostingClassifier,"{""model__estimator__l2_regularization"": 0.1, ""model__estimator__learning_rate"": 0.01, ""model__estimator__max_depth"": null, ""model__estimator__max_iter"": 500, ""model__estimator__min_samples_leaf"": 50}",,,,,,,,
0.6802610397338867,0.0075205664707803,0.0242571353912353,0.0045610790722236,MultiOutputWrapper(estimator=HistGradientBoostingClassifier(random_state=42)),,,,,4.0,,10.0,,0.01,,0.1,200.0,,,,,,,,,,,0.761861958705408,0.8495617950323353,0.8232393734035106,0.8651350974152849,0.8954408359927413,0.839047812109856,0.0451194550815098,401.0,longitudinal,HistGradientBoostingClassifier,"{""model__estimator__l2_regularization"": 0.1, ""model__estimator__learning_rate"": 0.01, ""model__estimator__max_depth"": 4, ""model__estimator__max_iter"": 200, ""model__estimator__min_samples_leaf"": 10}",,,,,,,,
0.684743070602417,0.0283424864571655,0.0274777889251708,0.0064966614990318,MultiOutputWrapper(estimator=HistGradientBoostingClassifier(random_state=42)),,,,,4.0,,20.0,,0.01,,0.1,200.0,,,,,,,,,,,0.7434362445647997,0.8323165303720478,0.8092902042597288,0.8726206293380969,0.8952458127359573,0.830581884254126,0.0529138675319402,475.0,longitudinal,HistGradientBoostingClassifier,"{""model__estimator__l2_regularization"": 0.1, ""model__estimator__learning_rate"": 0.01, ""model__estimator__max_depth"": 4, ""model__estimator__max_iter"": 200, ""model__estimator__min_samples_leaf"": 20}",,,,,,,,
0.6221654891967774,0.0510080734576079,0.0269787788391113,0.0033773804736124,MultiOutputWrapper(estimator=HistGradientBoostingClassifier(random_state=42)),,,,,4.0,,50.0,,0.01,,0.1,200.0,,,,,,,,,,,0.7925422198294185,0.8744086763392462,0.7926355254665611,0.8711030164312696,0.8922160169367791,0.844581091000655,0.0430547777512587,343.0,longitudinal,HistGradientBoostingClassifier,"{""model__estimator__l2_regularization"": 0.1, ""model__estimator__learning_rate"": 0.01, ""model__estimator__max_depth"": 4, ""model__estimator__max_iter"": 200, ""model__estimator__min_samples_leaf"": 50}",,,,,,,,
1.6177405834197998,0.0507616354776766,0.0302042484283447,0.0095972620799818,MultiOutputWrapper(estimator=HistGradientBoostingClassifier(random_state=42)),,,,,4.0,,10.0,,0.01,,0.1,500.0,,,,,,,,,,,0.7636080780938713,0.8339241221124364,0.7748832460661594,0.8654653045274381,0.8573871055211396,0.819053571264209,0.0421185528162056,587.0,longitudinal,HistGradientBoostingClassifier,"{""model__estimator__l2_regularization"": 0.1, ""model__estimator__learning_rate"": 0.01, ""model__estimator__max_depth"": 4, ""model__estimator__max_iter"": 500, ""model__estimator__min_samples_leaf"": 10}",,,,,,,,
1.4638960838317872,0.0492357675077713,0.0268967151641845,0.0067974267720717,MultiOutputWrapper(estimator=HistGradientBoostingClassifier(random_state=42)),,,,,4.0,,20.0,,0.01,,0.1,500.0,,,,,,,,,,,0.7392753698949859,0.8168299876274393,0.7832682806548673,0.862758890191481,0.8597296789938051,0.8123724414725156,0.0468862579611341,638.0,longitudinal,HistGradientBoostingClassifier,"{""model__estimator__l2_regularization"": 0.1, ""model__estimator__learning_rate"": 0.01, ""model__estimator__max_depth"": 4, ""model__estimator__max_iter"": 500, ""model__estimator__min_samples_leaf"": 20}",,,,,,,,
1.1577921390533448,0.0636380244430576,0.033310842514038,0.0058207191888437,MultiOutputWrapper(estimator=HistGradientBoostingClassifier(random_state=42)),,,,,4.0,,50.0,,0.01,,0.1,500.0,,,,,,,,,,,0.7789475789326032,0.8786855392106636,0.7740638095757543,0.8755497869331397,0.8784027908140917,0.8371299010932505,0.0495356934432188,422.0,longitudinal,HistGradientBoostingClassifier,"{""model__estimator__l2_regularization"": 0.1, ""model__estimator__learning_rate"": 0.01, ""model__estimator__max_depth"": 4, ""model__estimator__max_iter"": 500, ""model__estimator__min_samples_leaf"": 50}",,,,,,,,
1.3079904079437257,0.0815384574288174,0.035729169845581,0.0023394868480128,MultiOutputWrapper(estimator=HistGradientBoostingClassifier(random_state=42)),,,,,8.0,,10.0,,0.01,,0.1,200.0,,,,,,,,,,,0.7018321040552131,0.8268628206107428,0.7554005654185643,0.8554355309923891,0.8897764011430238,0.8058614844439866,0.068277041221103,664.0,longitudinal,HistGradientBoostingClassifier,"{""model__estimator__l2_regularization"": 0.1, ""model__estimator__learning_rate"": 0.01, ""model__estimator__max_depth"": 8, ""model__estimator__max_iter"": 200, ""model__estimator__min_samples_leaf"": 10}",,,,,,,,
1.0653436183929443,0.0219739029420145,0.0302996158599853,0.0057752724406964,MultiOutputWrapper(estimator=HistGradientBoostingClassifier(random_state=42)),,,,,8.0,,20.0,,0.01,,0.1,200.0,,,,,,,,,,,0.735990878407226,0.8372394004380327,0.8028526593762215,0.8647881426896666,0.8946171495317357,0.8270976460885766,0.054718506117324,503.0,longitudinal,HistGradientBoostingClassifier,"{""model__estimator__l2_regularization"": 0.1, ""model__estimator__learning_rate"": 0.01, ""model__estimator__max_depth"": 8, ""model__estimator__max_iter"": 200, ""model__estimator__min_samples_leaf"": 20}",,,,,,,,
0.7507680416107178,0.0265075040669452,0.0249704360961914,0.0061545947033708,MultiOutputWrapper(estimator=HistGradientBoostingClassifier(random_state=42)),,,,,8.0,,50.0,,0.01,,0.1,200.0,,,,,,,,,,,0.7927356909106096,0.8704699631069968,0.7905413405510557,0.8672592530564394,0.8919738022234738,0.842596009969715,0.0424714944777583,369.0,longitudinal,HistGradientBoostingClassifier,"{""model__estimator__l2_regularization"": 0.1, ""model__estimator__learning_rate"": 0.01, ""model__estimator__max_depth"": 8, ""model__estimator__max_iter"": 200, ""model__estimator__min_samples_leaf"": 50}",,,,,,,,
3.151823806762695,0.0380347047471849,0.030836009979248,0.0047139655318705,MultiOutputWrapper(estimator=HistGradientBoostingClassifier(random_state=42)),,,,,8.0,,10.0,,0.01,,0.1,500.0,,,,,,,,,,,0.7261288315219564,0.8379062976542151,0.774960400247257,0.8570901952027392,0.8786850009386145,0.8149541451129565,0.056308624509286,621.0,longitudinal,HistGradientBoostingClassifier,"{""model__estimator__l2_regularization"": 0.1, ""model__estimator__learning_rate"": 0.01, ""model__estimator__max_depth"": 8, ""model__estimator__max_iter"": 500, ""model__estimator__min_samples_leaf"": 10}",,,,,,,,
2.4961955547332764,0.081361542017237,0.042836570739746,0.0049047848269632,MultiOutputWrapper(estimator=HistGradientBoostingClassifier(random_state=42)),,,,,8.0,,20.0,,0.01,,0.1,500.0,,,,,,,,,,,0.732202597138768,0.8360700898753592,0.7866842564564072,0.8634394015519455,0.8782710718978786,0.8193334833840715,0.0535851634521429,582.0,longitudinal,HistGradientBoostingClassifier,"{""model__estimator__l2_regularization"": 0.1, ""model__estimator__learning_rate"": 0.01, ""model__estimator__max_depth"": 8, ""model__estimator__max_iter"": 500, ""model__estimator__min_samples_leaf"": 20}",,,,,,,,
1.5257742404937744,0.0201840942193464,0.0323471546173095,0.0020031285054263,MultiOutputWrapper(estimator=HistGradientBoostingClassifier(random_state=42)),,,,,8.0,,50.0,,0.01,,0.1,500.0,,,,,,,,,,,0.7827783130373925,0.87717050598788,0.7987713850027724,0.8680461117624071,0.8631449846692948,0.8379822600919493,0.0391348565794737,409.0,longitudinal,HistGradientBoostingClassifier,"{""model__estimator__l2_regularization"": 0.1, ""model__estimator__learning_rate"": 0.01, ""model__estimator__max_depth"": 8, ""model__estimator__max_iter"": 500, ""model__estimator__min_samples_leaf"": 50}",,,,,,,,
1.380906629562378,0.0336337781451665,0.0281919479370117,0.0029767735155944,MultiOutputWrapper(estimator=HistGradientBoostingClassifier(random_state=42)),,,,,,,10.0,,0.05,,0.1,200.0,,,,,,,,,,,0.7458108482437604,0.8455834243478917,0.7961826292872272,0.8605560207670406,0.8720090524164111,0.8240283950124662,0.0468922200565757,538.0,longitudinal,HistGradientBoostingClassifier,"{""model__estimator__l2_regularization"": 0.1, ""model__estimator__learning_rate"": 0.05, ""model__estimator__max_depth"": null, ""model__estimator__max_iter"": 200, ""model__estimator__min_samples_leaf"": 10}",,,,,,,,
1.1087161540985109,0.0476678803789629,0.0268776416778564,0.0051812973532163,MultiOutputWrapper(estimator=HistGradientBoostingClassifier(random_state=42)),,,,,,,20.0,,0.05,,0.1,200.0,,,,,,,,,,,0.7910031091772725,0.8412536604110634,0.7673792349577755,0.8599268687545357,0.8734676595123375,0.8266061065625969,0.0407338309383495,510.0,longitudinal,HistGradientBoostingClassifier,"{""model__estimator__l2_regularization"": 0.1, ""model__estimator__learning_rate"": 0.05, ""model__estimator__max_depth"": null, ""model__estimator__max_iter"": 200, ""model__estimator__min_samples_leaf"": 20}",,,,,,,,
0.7099355220794678,0.0348937335787931,0.0225204944610595,0.0013220684701484,MultiOutputWrapper(estimator=HistGradientBoostingClassifier(random_state=42)),,,,,,,50.0,,0.05,,0.1,200.0,,,,,,,,,,,0.7612950831169609,0.866540725324357,0.7964218754261092,0.8626812929157595,0.8692451452766827,0.8312368244119739,0.0442350094887261,469.0,longitudinal,HistGradientBoostingClassifier,"{""model__estimator__l2_regularization"": 0.1, ""model__estimator__learning_rate"": 0.05, ""model__estimator__max_depth"": null, ""model__estimator__max_iter"": 200, ""model__estimator__min_samples_leaf"": 50}",,,,,,,,
3.048846483230591,0.0619829234210031,0.033710765838623,0.0058149244784687,MultiOutputWrapper(estimator=HistGradientBoostingClassifier(random_state=42)),,,,,,,10.0,,0.05,,0.1,500.0,,,,,,,,,,,0.7472435365928752,0.8437812401226834,0.8122385109583935,0.8578142503582128,0.8643723797008946,0.8250899835466118,0.0428685829235771,524.0,longitudinal,HistGradientBoostingClassifier,"{""model__estimator__l2_regularization"": 0.1, ""model__estimator__learning_rate"": 0.05, ""model__estimator__max_depth"": null, ""model__estimator__max_iter"": 500, ""model__estimator__min_samples_leaf"": 10}",,,,,,,,
2.415674018859863,0.012694016232853,0.0363327026367187,0.004296064406205,MultiOutputWrapper(estimator=HistGradientBoostingClassifier(random_state=42)),,,,,,,20.0,,0.05,,0.1,500.0,,,,,,,,,,,0.7803335282343917,0.8384351615334117,0.7917778527730053,0.8589231284541953,0.8689163172934525,0.8276771976576913,0.0355609138353787,496.0,longitudinal,HistGradientBoostingClassifier,"{""model__estimator__l2_regularization"": 0.1, ""model__estimator__learning_rate"": 0.05, ""model__estimator__max_depth"": null, ""model__estimator__max_iter"": 500, ""model__estimator__min_samples_leaf"": 20}",,,,,,,,
1.5045029163360597,0.0652049234384735,0.0395106792449951,0.0058170503800156,MultiOutputWrapper(estimator=HistGradientBoostingClassifier(random_state=42)),,,,,,,50.0,,0.05,,0.1,500.0,,,,,,,,,,,0.7512622686743645,0.8621561578934502,0.7915918986973556,0.8610666368931315,0.8668756648520117,0.8265905254020627,0.0468522338238174,511.0,longitudinal,HistGradientBoostingClassifier,"{""model__estimator__l2_regularization"": 0.1, ""model__estimator__learning_rate"": 0.05, ""model__estimator__max_depth"": null, ""model__estimator__max_iter"": 500, ""model__estimator__min_samples_leaf"": 50}",,,,,,,,
0.6279387950897217,0.0182132462475525,0.0233508110046386,0.0049791724409544,MultiOutputWrapper(estimator=HistGradientBoostingClassifier(random_state=42)),,,,,4.0,,10.0,,0.05,,0.1,200.0,,,,,,,,,,,0.7388574419989519,0.8295282868844366,0.8096763160526148,0.8710928748208935,0.8558869908015769,0.8210083821116948,0.0462055304352003,571.0,longitudinal,HistGradientBoostingClassifier,"{""model__estimator__l2_regularization"": 0.1, ""model__estimator__learning_rate"": 0.05, ""model__estimator__max_depth"": 4, ""model__estimator__max_iter"": 200, ""model__estimator__min_samples_leaf"": 10}",,,,,,,,
0.6074570178985595,0.0473907618344927,0.0202254772186279,0.0041657771510802,MultiOutputWrapper(estimator=HistGradientBoostingClassifier(random_state=42)),,,,,4.0,,20.0,,0.05,,0.1,200.0,,,,,,,,,,,0.7041611853456976,0.7986401868918825,0.7746671802703464,0.8621686298591339,0.8568808793775942,0.7993036123489309,0.0581835499776585,674.0,longitudinal,HistGradientBoostingClassifier,"{""model__estimator__l2_regularization"": 0.1, ""model__estimator__learning_rate"": 0.05, ""model__estimator__max_depth"": 4, ""model__estimator__max_iter"": 200, ""model__estimator__min_samples_leaf"": 20}",,,,,,,,
0.5709238529205323,0.0283627863208736,0.0205633163452148,0.0050646859426333,MultiOutputWrapper(estimator=HistGradientBoostingClassifier(random_state=42)),,,,,4.0,,50.0,,0.05,,0.1,200.0,,,,,,,,,,,0.7606075815705577,0.8520024868186249,0.7580737475796995,0.8682199147732559,0.860484950879169,0.8198777363242614,0.0497002936705483,580.0,longitudinal,HistGradientBoostingClassifier,"{""model__estimator__l2_regularization"": 0.1, ""model__estimator__learning_rate"": 0.05, ""model__estimator__max_depth"": 4, ""model__estimator__max_iter"": 200, ""model__estimator__min_samples_leaf"": 50}",,,,,,,,
1.5431532382965087,0.0494547078028614,0.040826416015625,0.0043797060726069,MultiOutputWrapper(estimator=HistGradientBoostingClassifier(random_state=42)),,,,,4.0,,10.0,,0.05,,0.1,500.0,,,,,,,,,,,0.7537090514767615,0.8211087162337963,0.8104487100820856,0.8663356221738403,0.8567957783200884,0.8216795756573145,0.0399343475203202,566.0,longitudinal,HistGradientBoostingClassifier,"{""model__estimator__l2_regularization"": 0.1, ""model__estimator__learning_rate"": 0.05, ""model__estimator__max_depth"": 4, ""model__estimator__max_iter"": 500, ""model__estimator__min_samples_leaf"": 10}",,,,,,,,
1.3625216484069824,0.0299573047723687,0.030510139465332,0.0079494881471025,MultiOutputWrapper(estimator=HistGradientBoostingClassifier(random_state=42)),,,,,4.0,,20.0,,0.05,,0.1,500.0,,,,,,,,,,,0.7438299192782198,0.7928520956550166,0.7655633846027979,0.8590204506968868,0.8529551759380931,0.8028442052342027,0.0461286629480149,668.0,longitudinal,HistGradientBoostingClassifier,"{""model__estimator__l2_regularization"": 0.1, ""model__estimator__learning_rate"": 0.05, ""model__estimator__max_depth"": 4, ""model__estimator__max_iter"": 500, ""model__estimator__min_samples_leaf"": 20}",,,,,,,,
1.1187220096588135,0.0444888376060633,0.0285151481628417,0.0032396502988378,MultiOutputWrapper(estimator=HistGradientBoostingClassifier(random_state=42)),,,,,4.0,,50.0,,0.05,,0.1,500.0,,,,,,,,,,,0.7394201039294546,0.8538669374776697,0.7715994209459398,0.8564294088092447,0.8589101641532653,0.8160452070631148,0.0504888223716528,613.0,longitudinal,HistGradientBoostingClassifier,"{""model__estimator__l2_regularization"": 0.1, ""model__estimator__learning_rate"": 0.05, ""model__estimator__max_depth"": 4, ""model__estimator__max_iter"": 500, ""model__estimator__min_samples_leaf"": 50}",,,,,,,,
1.3910125732421874,0.0423408657825746,0.0283947467803955,0.00923119657955,MultiOutputWrapper(estimator=HistGradientBoostingClassifier(random_state=42)),,,,,8.0,,10.0,,0.05,,0.1,200.0,,,,,,,,,,,0.755683841338012,0.8236004066568294,0.8101864540438335,0.8571450901579858,0.877161003691884,0.8247553591777089,0.0419044335094168,529.0,longitudinal,HistGradientBoostingClassifier,"{""model__estimator__l2_regularization"": 0.1, ""model__estimator__learning_rate"": 0.05, ""model__estimator__max_depth"": 8, ""model__estimator__max_iter"": 200, ""model__estimator__min_samples_leaf"": 10}",,,,,,,,
1.1037138462066651,0.0493203136194236,0.0255908489227294,0.0027473915806102,MultiOutputWrapper(estimator=HistGradientBoostingClassifier(random_state=42)),,,,,8.0,,20.0,,0.05,,0.1,200.0,,,,,,,,,,,0.7761110448625277,0.8366764396177326,0.7863830824402083,0.8635238839576471,0.8770997851615461,0.8279588472079323,0.040428798803482,493.0,longitudinal,HistGradientBoostingClassifier,"{""model__estimator__l2_regularization"": 0.1, ""model__estimator__learning_rate"": 0.05, ""model__estimator__max_depth"": 8, ""model__estimator__max_iter"": 200, ""model__estimator__min_samples_leaf"": 20}",,,,,,,,
0.7664886474609375,0.0564772791036553,0.0302529335021972,0.0040293380433131,MultiOutputWrapper(estimator=HistGradientBoostingClassifier(random_state=42)),,,,,8.0,,50.0,,0.05,,0.1,200.0,,,,,,,,,,,0.7727667250129618,0.8654620708506211,0.7863050760406155,0.8597625560579838,0.874646142293974,0.8317885140512313,0.0431405759508468,464.0,longitudinal,HistGradientBoostingClassifier,"{""model__estimator__l2_regularization"": 0.1, ""model__estimator__learning_rate"": 0.05, ""model__estimator__max_depth"": 8, ""model__estimator__max_iter"": 200, ""model__estimator__min_samples_leaf"": 50}",,,,,,,,
3.277145528793335,0.0501016922418071,0.0422776699066162,0.0041611886599297,MultiOutputWrapper(estimator=HistGradientBoostingClassifier(random_state=42)),,,,,8.0,,10.0,,0.05,,0.1,500.0,,,,,,,,,,,0.7472476776977689,0.8255385750154438,0.8117441106020525,0.8599017473343381,0.8694475731597939,0.8227759367618794,0.0433368635932904,555.0,longitudinal,HistGradientBoostingClassifier,"{""model__estimator__l2_regularization"": 0.1, ""model__estimator__learning_rate"": 0.05, ""model__estimator__max_depth"": 8, ""model__estimator__max_iter"": 500, ""model__estimator__min_samples_leaf"": 10}",,,,,,,,
2.5820804595947267,0.0560203676505695,0.0401005268096923,0.0020655860595357,MultiOutputWrapper(estimator=HistGradientBoostingClassifier(random_state=42)),,,,,8.0,,20.0,,0.05,,0.1,500.0,,,,,,,,,,,0.7769172469205414,0.834851609717154,0.7941195787540792,0.8621033141666201,0.8639573034645307,0.826389810604585,0.0353476316656043,513.0,longitudinal,HistGradientBoostingClassifier,"{""model__estimator__l2_regularization"": 0.1, ""model__estimator__learning_rate"": 0.05, ""model__estimator__max_depth"": 8, ""model__estimator__max_iter"": 500, ""model__estimator__min_samples_leaf"": 20}",,,,,,,,
1.6156469345092774,0.0509662509438756,0.0414722919464111,0.0061848438410925,MultiOutputWrapper(estimator=HistGradientBoostingClassifier(random_state=42)),,,,,8.0,,50.0,,0.05,,0.1,500.0,,,,,,,,,,,0.755413456581743,0.8621240734621982,0.7847059732562471,0.8584002307448966,0.8761411467784661,0.8273569761647103,0.0480568581390373,501.0,longitudinal,HistGradientBoostingClassifier,"{""model__estimator__l2_regularization"": 0.1, ""model__estimator__learning_rate"": 0.05, ""model__estimator__max_depth"": 8, ""model__estimator__max_iter"": 500, ""model__estimator__min_samples_leaf"": 50}",,,,,,,,
1.5624593257904054,0.0669036410253979,0.0356508255004882,0.0061570988641919,MultiOutputWrapper(estimator=HistGradientBoostingClassifier(random_state=42)),,,,,,,10.0,,0.1,,0.1,200.0,,,,,,,,,,,0.7607310891868607,0.8422397563671944,0.8086795613006443,0.8522964699752507,0.8609549882151721,0.8249803730090244,0.0366930929211914,527.0,longitudinal,HistGradientBoostingClassifier,"{""model__estimator__l2_regularization"": 0.1, ""model__estimator__learning_rate"": 0.1, ""model__estimator__max_depth"": null, ""model__estimator__max_iter"": 200, ""model__estimator__min_samples_leaf"": 10}",,,,,,,,
1.2432417392730712,0.0304028700930642,0.0325496673583984,0.0101937402365191,MultiOutputWrapper(estimator=HistGradientBoostingClassifier(random_state=42)),,,,,,,20.0,,0.1,,0.1,200.0,,,,,,,,,,,0.7764482509784895,0.8418562419898297,0.7899775696092066,0.8585861292543591,0.8642613103059883,0.8262259004275746,0.0361384567005493,516.0,longitudinal,HistGradientBoostingClassifier,"{""model__estimator__l2_regularization"": 0.1, ""model__estimator__learning_rate"": 0.1, ""model__estimator__max_depth"": null, ""model__estimator__max_iter"": 200, ""model__estimator__min_samples_leaf"": 20}",,,,,,,,
0.7932657718658447,0.0328092675988258,0.0305213928222656,0.0054632074988539,MultiOutputWrapper(estimator=HistGradientBoostingClassifier(random_state=42)),,,,,,,50.0,,0.1,,0.1,200.0,,,,,,,,,,,0.7454101507670996,0.8473988154925887,0.7796518062486932,0.8524860901765943,0.861899025926621,0.8173691777223194,0.046300293168088,599.0,longitudinal,HistGradientBoostingClassifier,"{""model__estimator__l2_regularization"": 0.1, ""model__estimator__learning_rate"": 0.1, ""model__estimator__max_depth"": null, ""model__estimator__max_iter"": 200, ""model__estimator__min_samples_leaf"": 50}",,,,,,,,
3.2588156700134276,0.0589232038890581,0.0392197608947753,0.005041934522398,MultiOutputWrapper(estimator=HistGradientBoostingClassifier(random_state=42)),,,,,,,10.0,,0.1,,0.1,500.0,,,,,,,,,,,0.7576080840469421,0.8384446369830213,0.8157974606161427,0.8550291222389698,0.8514311786913626,0.8236620965152877,0.0357729528871363,542.0,longitudinal,HistGradientBoostingClassifier,"{""model__estimator__l2_regularization"": 0.1, ""model__estimator__learning_rate"": 0.1, ""model__estimator__max_depth"": null, ""model__estimator__max_iter"": 500, ""model__estimator__min_samples_leaf"": 10}",,,,,,,,
2.600934600830078,0.0484384197324427,0.0378883361816406,0.0078056101624,MultiOutputWrapper(estimator=HistGradientBoostingClassifier(random_state=42)),,,,,,,20.0,,0.1,,0.1,500.0,,,,,,,,,,,0.7722377128153057,0.8404980095346111,0.7896415398565546,0.8568983419862669,0.8553132886969943,0.8229177785779465,0.0351823518686813,554.0,longitudinal,HistGradientBoostingClassifier,"{""model__estimator__l2_regularization"": 0.1, ""model__estimator__learning_rate"": 0.1, ""model__estimator__max_depth"": null, ""model__estimator__max_iter"": 500, ""model__estimator__min_samples_leaf"": 20}",,,,,,,,
1.474617862701416,0.0349722183365966,0.0311983585357666,0.0044981567085645,MultiOutputWrapper(estimator=HistGradientBoostingClassifier(random_state=42)),,,,,,,50.0,,0.1,,0.1,500.0,,,,,,,,,,,0.749240884871889,0.8458062964066283,0.7834775855172851,0.8584104653975697,0.8590439688797112,0.8191958402146167,0.0447286620875761,585.0,longitudinal,HistGradientBoostingClassifier,"{""model__estimator__l2_regularization"": 0.1, ""model__estimator__learning_rate"": 0.1, ""model__estimator__max_depth"": null, ""model__estimator__max_iter"": 500, ""model__estimator__min_samples_leaf"": 50}",,,,,,,,
0.6915791988372803,0.0249804518551838,0.0225446701049804,0.0048526069398155,MultiOutputWrapper(estimator=HistGradientBoostingClassifier(random_state=42)),,,,,4.0,,10.0,,0.1,,0.1,200.0,,,,,,,,,,,0.749305375232286,0.8246072458596632,0.8011210650231348,0.8742332384301903,0.8332944329724881,0.8165122715035527,0.0410671053756681,607.0,longitudinal,HistGradientBoostingClassifier,"{""model__estimator__l2_regularization"": 0.1, ""model__estimator__learning_rate"": 0.1, ""model__estimator__max_depth"": 4, ""model__estimator__max_iter"": 200, ""model__estimator__min_samples_leaf"": 10}",,,,,,,,
0.6095772743225097,0.01411735285124,0.0235004901885986,0.0024601572281885,MultiOutputWrapper(estimator=HistGradientBoostingClassifier(random_state=42)),,,,,4.0,,20.0,,0.1,,0.1,200.0,,,,,,,,,,,0.7567047408953828,0.8142211905827635,0.7661895947530613,0.8623709038128733,0.8684671380597794,0.8135907136207721,0.0466351935310915,630.0,longitudinal,HistGradientBoostingClassifier,"{""model__estimator__l2_regularization"": 0.1, ""model__estimator__learning_rate"": 0.1, ""model__estimator__max_depth"": 4, ""model__estimator__max_iter"": 200, ""model__estimator__min_samples_leaf"": 20}",,,,,,,,
0.5238807678222657,0.0089738098864365,0.0221062183380126,0.0027886235767749,MultiOutputWrapper(estimator=HistGradientBoostingClassifier(random_state=42)),,,,,4.0,,50.0,,0.1,,0.1,200.0,,,,,,,,,,,0.7311225352193902,0.8314267610971289,0.7692262196951103,0.8638919592846908,0.8396550069874642,0.8070644964567568,0.0491608350445525,660.0,longitudinal,HistGradientBoostingClassifier,"{""model__estimator__l2_regularization"": 0.1, ""model__estimator__learning_rate"": 0.1, ""model__estimator__max_depth"": 4, ""model__estimator__max_iter"": 200, ""model__estimator__min_samples_leaf"": 50}",,,,,,,,
1.5923336029052737,0.013987961684465,0.0304184436798095,0.0017085192650944,MultiOutputWrapper(estimator=HistGradientBoostingClassifier(random_state=42)),,,,,4.0,,10.0,,0.1,,0.1,500.0,,,,,,,,,,,0.7619757795592756,0.818815368112326,0.7917276002890725,0.8696289473194514,0.836219990405273,0.8156735371370797,0.0368783708754614,616.0,longitudinal,HistGradientBoostingClassifier,"{""model__estimator__l2_regularization"": 0.1, ""model__estimator__learning_rate"": 0.1, ""model__estimator__max_depth"": 4, ""model__estimator__max_iter"": 500, ""model__estimator__min_samples_leaf"": 10}",,,,,,,,
1.4244950771331788,0.0522343767999805,0.0281503200531005,0.0072900951518194,MultiOutputWrapper(estimator=HistGradientBoostingClassifier(random_state=42)),,,,,4.0,,20.0,,0.1,,0.1,500.0,,,,,,,,,,,0.7579515018202444,0.8160384474624001,0.7635810391611442,0.8602742886916391,0.8642737208768745,0.8124237996024604,0.045484053897141,637.0,longitudinal,HistGradientBoostingClassifier,"{""model__estimator__l2_regularization"": 0.1, ""model__estimator__learning_rate"": 0.1, ""model__estimator__max_depth"": 4, ""model__estimator__max_iter"": 500, ""model__estimator__min_samples_leaf"": 20}",,,,,,,,
1.078777027130127,0.0351853104846279,0.0336140155792236,0.0055681179333629,MultiOutputWrapper(estimator=HistGradientBoostingClassifier(random_state=42)),,,,,4.0,,50.0,,0.1,,0.1,500.0,,,,,,,,,,,0.7346507119407624,0.8347637705774898,0.7719659033061532,0.856519659837362,0.8421065640448031,0.8080013219413141,0.0467167821918439,657.0,longitudinal,HistGradientBoostingClassifier,"{""model__estimator__l2_regularization"": 0.1, ""model__estimator__learning_rate"": 0.1, ""model__estimator__max_depth"": 4, ""model__estimator__max_iter"": 500, ""model__estimator__min_samples_leaf"": 50}",,,,,,,,
1.436917734146118,0.0506869897670247,0.0308912277221679,0.0117879738377934,MultiOutputWrapper(estimator=HistGradientBoostingClassifier(random_state=42)),,,,,8.0,,10.0,,0.1,,0.1,200.0,,,,,,,,,,,0.7524623631049505,0.8144516356624423,0.8102253720217805,0.8568058579430209,0.8490626368812965,0.8166015731226981,0.0369573311036295,606.0,longitudinal,HistGradientBoostingClassifier,"{""model__estimator__l2_regularization"": 0.1, ""model__estimator__learning_rate"": 0.1, ""model__estimator__max_depth"": 8, ""model__estimator__max_iter"": 200, ""model__estimator__min_samples_leaf"": 10}",,,,,,,,
1.175955104827881,0.040740543312435,0.0279263019561767,0.0055641515985722,MultiOutputWrapper(estimator=HistGradientBoostingClassifier(random_state=42)),,,,,8.0,,20.0,,0.1,,0.1,200.0,,,,,,,,,,,0.7599756221749655,0.8321294742144423,0.8040000011362913,0.8541714583449636,0.8740942369063263,0.8248741585553978,0.0399528170857163,528.0,longitudinal,HistGradientBoostingClassifier,"{""model__estimator__l2_regularization"": 0.1, ""model__estimator__learning_rate"": 0.1, ""model__estimator__max_depth"": 8, ""model__estimator__max_iter"": 200, ""model__estimator__min_samples_leaf"": 20}",,,,,,,,
0.6956980705261231,0.0361453090172289,0.0252276897430419,0.0076641437883827,MultiOutputWrapper(estimator=HistGradientBoostingClassifier(random_state=42)),,,,,8.0,,50.0,,0.1,,0.1,200.0,,,,,,,,,,,0.7593272434659001,0.8555519783875071,0.7873414305453288,0.8503005266194011,0.8628472352585361,0.8230736828553347,0.0417575826953021,550.0,longitudinal,HistGradientBoostingClassifier,"{""model__estimator__l2_regularization"": 0.1, ""model__estimator__learning_rate"": 0.1, ""model__estimator__max_depth"": 8, ""model__estimator__max_iter"": 200, ""model__estimator__min_samples_leaf"": 50}",,,,,,,,
2.825369882583618,0.1112130456821711,0.0339963912963867,0.0032980469034443,MultiOutputWrapper(estimator=HistGradientBoostingClassifier(random_state=42)),,,,,8.0,,10.0,,0.1,,0.1,500.0,,,,,,,,,,,0.7472136949650229,0.8222950385732937,0.807516652349396,0.8593844321628612,0.8473799094758359,0.816757945505282,0.0392611403915521,605.0,longitudinal,HistGradientBoostingClassifier,"{""model__estimator__l2_regularization"": 0.1, ""model__estimator__learning_rate"": 0.1, ""model__estimator__max_depth"": 8, ""model__estimator__max_iter"": 500, ""model__estimator__min_samples_leaf"": 10}",,,,,,,,
2.2717975616455077,0.0226632420461611,0.0337317943572998,0.0032879308231501,MultiOutputWrapper(estimator=HistGradientBoostingClassifier(random_state=42)),,,,,8.0,,20.0,,0.1,,0.1,500.0,,,,,,,,,,,0.7654369898148539,0.8293034390095764,0.7997957232267037,0.8533743649863228,0.8709009657301379,0.8237622965535187,0.0376984642433059,541.0,longitudinal,HistGradientBoostingClassifier,"{""model__estimator__l2_regularization"": 0.1, ""model__estimator__learning_rate"": 0.1, ""model__estimator__max_depth"": 8, ""model__estimator__max_iter"": 500, ""model__estimator__min_samples_leaf"": 20}",,,,,,,,
1.4132490158081057,0.0709501040786409,0.0368381023406982,0.0061729217843077,MultiOutputWrapper(estimator=HistGradientBoostingClassifier(random_state=42)),,,,,8.0,,50.0,,0.1,,0.1,500.0,,,,,,,,,,,0.7669338355244664,0.8450525479588437,0.7942468149754107,0.8558160739872346,0.8548163444089856,0.8233731233709882,0.0361799770529775,547.0,longitudinal,HistGradientBoostingClassifier,"{""model__estimator__l2_regularization"": 0.1, ""model__estimator__learning_rate"": 0.1, ""model__estimator__max_depth"": 8, ""model__estimator__max_iter"": 500, ""model__estimator__min_samples_leaf"": 50}",,,,,,,,
1.2420401573181152,0.01839986428028,0.0263633251190185,0.0027659442208316,MultiOutputWrapper(estimator=HistGradientBoostingClassifier(random_state=42)),,,,,,,10.0,,0.01,,1.0,200.0,,,,,,,,,,,0.7232922974518811,0.8381650590015388,0.7965689115238122,0.8530704888442286,0.8756898817345596,0.8173573277112041,0.0536497280211548,600.0,longitudinal,HistGradientBoostingClassifier,"{""model__estimator__l2_regularization"": 1.0, ""model__estimator__learning_rate"": 0.01, ""model__estimator__max_depth"": null, ""model__estimator__max_iter"": 200, ""model__estimator__min_samples_leaf"": 10}",,,,,,,,
0.9592967510223388,0.0207307044542425,0.0247344493865966,0.0024477158138132,MultiOutputWrapper(estimator=HistGradientBoostingClassifier(random_state=42)),,,,,,,20.0,,0.01,,1.0,200.0,,,,,,,,,,,0.7745329564791454,0.8347741605477053,0.7981615942621832,0.8648646234578239,0.8744200404647184,0.8293506750423152,0.0382090132168973,483.0,longitudinal,HistGradientBoostingClassifier,"{""model__estimator__l2_regularization"": 1.0, ""model__estimator__learning_rate"": 0.01, ""model__estimator__max_depth"": null, ""model__estimator__max_iter"": 200, ""model__estimator__min_samples_leaf"": 20}",,,,,,,,
0.6405211448669433,0.0099278274419943,0.0215536594390869,0.0017429667777534,MultiOutputWrapper(estimator=HistGradientBoostingClassifier(random_state=42)),,,,,,,50.0,,0.01,,1.0,200.0,,,,,,,,,,,0.7970206666434745,0.8650691177173745,0.7833462870544601,0.8717344945012002,0.8872554908954382,0.8408852113623894,0.0422411375667123,385.0,longitudinal,HistGradientBoostingClassifier,"{""model__estimator__l2_regularization"": 1.0, ""model__estimator__learning_rate"": 0.01, ""model__estimator__max_depth"": null, ""model__estimator__max_iter"": 200, ""model__estimator__min_samples_leaf"": 50}",,,,,,,,
2.9100043773651123,0.070679165300014,0.0294506549835205,0.0041580826394807,MultiOutputWrapper(estimator=HistGradientBoostingClassifier(random_state=42)),,,,,,,10.0,,0.01,,1.0,500.0,,,,,,,,,,,0.7586246546056211,0.8377645695410783,0.7954790945121674,0.8543197677664265,0.8850404647185199,0.8262457102287625,0.0444901152802203,515.0,longitudinal,HistGradientBoostingClassifier,"{""model__estimator__l2_regularization"": 1.0, ""model__estimator__learning_rate"": 0.01, ""model__estimator__max_depth"": null, ""model__estimator__max_iter"": 500, ""model__estimator__min_samples_leaf"": 10}",,,,,,,,
2.3360440254211428,0.0388006710306503,0.0311891078948974,0.0038647542055552,MultiOutputWrapper(estimator=HistGradientBoostingClassifier(random_state=42)),,,,,,,20.0,,0.01,,1.0,500.0,,,,,,,,,,,0.7676838294318705,0.8420413957187677,0.7914374198914614,0.8576748729972645,0.8582689860876457,0.823421300825402,0.0370513445517124,545.0,longitudinal,HistGradientBoostingClassifier,"{""model__estimator__l2_regularization"": 1.0, ""model__estimator__learning_rate"": 0.01, ""model__estimator__max_depth"": null, ""model__estimator__max_iter"": 500, ""model__estimator__min_samples_leaf"": 20}",,,,,,,,
1.3834455966949464,0.0322873321816059,0.0293722629547119,0.0031624486967511,MultiOutputWrapper(estimator=HistGradientBoostingClassifier(random_state=42)),,,,,,,50.0,,0.01,,1.0,500.0,,,,,,,,,,,0.7832723435026046,0.8690097333782916,0.7839022744007198,0.8629278550028843,0.8781247523100348,0.8354473917189071,0.0426194756483643,443.0,longitudinal,HistGradientBoostingClassifier,"{""model__estimator__l2_regularization"": 1.0, ""model__estimator__learning_rate"": 0.01, ""model__estimator__max_depth"": null, ""model__estimator__max_iter"": 500, ""model__estimator__min_samples_leaf"": 50}",,,,,,,,
0.6923178195953369,0.0588564967132123,0.021919298171997,0.0010419252790926,MultiOutputWrapper(estimator=HistGradientBoostingClassifier(random_state=42)),,,,,4.0,,10.0,,0.01,,1.0,200.0,,,,,,,,,,,0.7366804505060761,0.8286366151808501,0.8169637500340887,0.8577375835054615,0.8710420707923994,0.8222120940037752,0.0469700088646112,558.0,longitudinal,HistGradientBoostingClassifier,"{""model__estimator__l2_regularization"": 1.0, ""model__estimator__learning_rate"": 0.01, ""model__estimator__max_depth"": 4, ""model__estimator__max_iter"": 200, ""model__estimator__min_samples_leaf"": 10}",,,,,,,,
0.6089028358459473,0.0160988369890728,0.0205518722534179,0.0021653869565694,MultiOutputWrapper(estimator=HistGradientBoostingClassifier(random_state=42)),,,,,4.0,,20.0,,0.01,,1.0,200.0,,,,,,,,,,,0.7659438491476969,0.8356337111263117,0.787689476578763,0.8626217458456613,0.8769949731973385,0.8257767511791544,0.0426816968033615,521.0,longitudinal,HistGradientBoostingClassifier,"{""model__estimator__l2_regularization"": 1.0, ""model__estimator__learning_rate"": 0.01, ""model__estimator__max_depth"": 4, ""model__estimator__max_iter"": 200, ""model__estimator__min_samples_leaf"": 20}",,,,,,,,
0.5149691581726075,0.0115500165652179,0.0208061218261718,0.0028313804858401,MultiOutputWrapper(estimator=HistGradientBoostingClassifier(random_state=42)),,,,,4.0,,50.0,,0.01,,1.0,200.0,,,,,,,,,,,0.791447809149014,0.871761136362982,0.7874652862999626,0.8717847373415955,0.8921786809336085,0.8429275300174325,0.04430804277978,366.0,longitudinal,HistGradientBoostingClassifier,"{""model__estimator__l2_regularization"": 1.0, ""model__estimator__learning_rate"": 0.01, ""model__estimator__max_depth"": 4, ""model__estimator__max_iter"": 200, ""model__estimator__min_samples_leaf"": 50}",,,,,,,,
1.5099902629852295,0.0262298840807799,0.0322224140167236,0.005166789746354,MultiOutputWrapper(estimator=HistGradientBoostingClassifier(random_state=42)),,,,,4.0,,10.0,,0.01,,1.0,500.0,,,,,,,,,,,0.7523443285931386,0.8304217876292346,0.7975194760333433,0.8623340590632501,0.8418315499655841,0.81689024025691,0.0385012041138698,604.0,longitudinal,HistGradientBoostingClassifier,"{""model__estimator__l2_regularization"": 1.0, ""model__estimator__learning_rate"": 0.01, ""model__estimator__max_depth"": 4, ""model__estimator__max_iter"": 500, ""model__estimator__min_samples_leaf"": 10}",,,,,,,,
1.3689043521881104,0.0336094556432043,0.0307426929473876,0.0041971653010849,MultiOutputWrapper(estimator=HistGradientBoostingClassifier(random_state=42)),,,,,4.0,,20.0,,0.01,,1.0,500.0,,,,,,,,,,,0.7384643607322797,0.8329096731949325,0.7970091675984254,0.8633446844935707,0.8458578937488266,0.815517155953607,0.0442497715170698,619.0,longitudinal,HistGradientBoostingClassifier,"{""model__estimator__l2_regularization"": 1.0, ""model__estimator__learning_rate"": 0.01, ""model__estimator__max_depth"": 4, ""model__estimator__max_iter"": 500, ""model__estimator__min_samples_leaf"": 20}",,,,,,,,
1.0386666297912597,0.0704893135891449,0.0286396026611328,0.00365995943581,MultiOutputWrapper(estimator=HistGradientBoostingClassifier(random_state=42)),,,,,4.0,,50.0,,0.01,,1.0,500.0,,,,,,,,,,,0.7904583436659419,0.8701488619383806,0.7648982564745879,0.8630272241761103,0.880484950879169,0.833803527426838,0.0468634279758834,455.0,longitudinal,HistGradientBoostingClassifier,"{""model__estimator__l2_regularization"": 1.0, ""model__estimator__learning_rate"": 0.01, ""model__estimator__max_depth"": 4, ""model__estimator__max_iter"": 500, ""model__estimator__min_samples_leaf"": 50}",,,,,,,,
1.2053924083709715,0.0284064474984745,0.0223645687103271,0.0014883229215869,MultiOutputWrapper(estimator=HistGradientBoostingClassifier(random_state=42)),,,,,8.0,,10.0,,0.01,,1.0,200.0,,,,,,,,,,,0.7317758661392493,0.8373112157089349,0.7997762642377303,0.8527461433967882,0.8765219114364975,0.8196262801838399,0.0505143811607672,581.0,longitudinal,HistGradientBoostingClassifier,"{""model__estimator__l2_regularization"": 1.0, ""model__estimator__learning_rate"": 0.01, ""model__estimator__max_depth"": 8, ""model__estimator__max_iter"": 200, ""model__estimator__min_samples_leaf"": 10}",,,,,,,,
0.9213630676269532,0.0141641538169237,0.0247107982635498,0.0033946772855561,MultiOutputWrapper(estimator=HistGradientBoostingClassifier(random_state=42)),,,,,8.0,,20.0,,0.01,,1.0,200.0,,,,,,,,,,,0.7749721107933452,0.8347949404881361,0.7983933976928741,0.8638117568246526,0.8738048307364995,0.8291554073071016,0.0377056196489695,484.0,longitudinal,HistGradientBoostingClassifier,"{""model__estimator__l2_regularization"": 1.0, ""model__estimator__learning_rate"": 0.01, ""model__estimator__max_depth"": 8, ""model__estimator__max_iter"": 200, ""model__estimator__min_samples_leaf"": 20}",,,,,,,,
0.63314790725708,0.0167073676526664,0.0272421360015869,0.0049705496277153,MultiOutputWrapper(estimator=HistGradientBoostingClassifier(random_state=42)),,,,,8.0,,50.0,,0.01,,1.0,200.0,,,,,,,,,,,0.7972182788295592,0.8650691177173745,0.7833462870544601,0.8715335231396193,0.8872357799887365,0.8408805973459499,0.0421665370981808,386.0,longitudinal,HistGradientBoostingClassifier,"{""model__estimator__l2_regularization"": 1.0, ""model__estimator__learning_rate"": 0.01, ""model__estimator__max_depth"": 8, ""model__estimator__max_iter"": 200, ""model__estimator__min_samples_leaf"": 50}",,,,,,,,
2.8206113815307616,0.0687922697404067,0.0339148044586181,0.0037298562518259,MultiOutputWrapper(estimator=HistGradientBoostingClassifier(random_state=42)),,,,,8.0,,10.0,,0.01,,1.0,500.0,,,,,,,,,,,0.7402922734535642,0.838204753147461,0.7968003740671048,0.8533925082342433,0.8799610996391547,0.8217302017083055,0.0488229094547655,563.0,longitudinal,HistGradientBoostingClassifier,"{""model__estimator__l2_regularization"": 1.0, ""model__estimator__learning_rate"": 0.01, ""model__estimator__max_depth"": 8, ""model__estimator__max_iter"": 500, ""model__estimator__min_samples_leaf"": 10}",,,,,,,,
2.179331541061402,0.0364928789033465,0.033980655670166,0.0032016427107912,MultiOutputWrapper(estimator=HistGradientBoostingClassifier(random_state=42)),,,,,8.0,,20.0,,0.01,,1.0,500.0,,,,,,,,,,,0.7747071991415673,0.8446577657843857,0.7894665793994926,0.8572146857961629,0.864758254593997,0.826160896943121,0.0368515506705922,517.0,longitudinal,HistGradientBoostingClassifier,"{""model__estimator__l2_regularization"": 1.0, ""model__estimator__learning_rate"": 0.01, ""model__estimator__max_depth"": 8, ""model__estimator__max_iter"": 500, ""model__estimator__min_samples_leaf"": 20}",,,,,,,,
1.4390490055084229,0.0266979733836669,0.0356614112854003,0.0094295892348997,MultiOutputWrapper(estimator=HistGradientBoostingClassifier(random_state=42)),,,,,8.0,,50.0,,0.01,,1.0,500.0,,,,,,,,,,,0.7833217465491258,0.8691136330804456,0.7874031879789467,0.8633046763058485,0.8785034311578331,0.83632933501444,0.0419158822443895,432.0,longitudinal,HistGradientBoostingClassifier,"{""model__estimator__l2_regularization"": 1.0, ""model__estimator__learning_rate"": 0.01, ""model__estimator__max_depth"": 8, ""model__estimator__max_iter"": 500, ""model__estimator__min_samples_leaf"": 50}",,,,,,,,
1.3573636054992675,0.0281528362480626,0.026591157913208,0.0040348440967554,MultiOutputWrapper(estimator=HistGradientBoostingClassifier(random_state=42)),,,,,,,10.0,,0.05,,1.0,200.0,,,,,,,,,,,0.7713869148154633,0.8285327154786959,0.8137259447126092,0.8539269431883734,0.8660654318670087,0.82672759001243,0.0332330022858995,509.0,longitudinal,HistGradientBoostingClassifier,"{""model__estimator__l2_regularization"": 1.0, ""model__estimator__learning_rate"": 0.05, ""model__estimator__max_depth"": null, ""model__estimator__max_iter"": 200, ""model__estimator__min_samples_leaf"": 10}",,,,,,,,
1.098525381088257,0.0152901664763543,0.0257683753967285,0.0025277892831686,MultiOutputWrapper(estimator=HistGradientBoostingClassifier(random_state=42)),,,,,,,20.0,,0.05,,1.0,200.0,,,,,,,,,,,0.7717032275131586,0.8477841222174369,0.8157274082558383,0.8619845921956122,0.8764191852825229,0.8347237070929138,0.0373756161614424,446.0,longitudinal,HistGradientBoostingClassifier,"{""model__estimator__l2_regularization"": 1.0, ""model__estimator__learning_rate"": 0.05, ""model__estimator__max_depth"": null, ""model__estimator__max_iter"": 200, ""model__estimator__min_samples_leaf"": 20}",,,,,,,,
0.7135956764221192,0.0243653189860689,0.0263979911804199,0.0035972357029343,MultiOutputWrapper(estimator=HistGradientBoostingClassifier(random_state=42)),,,,,,,50.0,,0.05,,1.0,200.0,,,,,,,,,,,0.7794031525602761,0.8609811767385022,0.8047141886425409,0.8599886488397626,0.8794319295830465,0.8369038192728256,0.038115004021316,428.0,longitudinal,HistGradientBoostingClassifier,"{""model__estimator__l2_regularization"": 1.0, ""model__estimator__learning_rate"": 0.05, ""model__estimator__max_depth"": null, ""model__estimator__max_iter"": 200, ""model__estimator__min_samples_leaf"": 50}",,,,,,,,
3.259394407272339,0.088319737821882,0.0377057552337646,0.0058797294223196,MultiOutputWrapper(estimator=HistGradientBoostingClassifier(random_state=42)),,,,,,,10.0,,0.05,,1.0,500.0,,,,,,,,,,,0.7658565827103847,0.8271064726099102,0.8178143209068514,0.8555017771078732,0.863194835533863,0.8258947977737765,0.0344650999490703,520.0,longitudinal,HistGradientBoostingClassifier,"{""model__estimator__l2_regularization"": 1.0, ""model__estimator__learning_rate"": 0.05, ""model__estimator__max_depth"": null, ""model__estimator__max_iter"": 500, ""model__estimator__min_samples_leaf"": 10}",,,,,,,,
2.5317476272583006,0.0284884023730228,0.0399213790893554,0.0099331701481686,MultiOutputWrapper(estimator=HistGradientBoostingClassifier(random_state=42)),,,,,,,20.0,,0.05,,1.0,500.0,,,,,,,,,,,0.7739674854433465,0.8421981597926047,0.8205888602543474,0.8616682483857161,0.8703957824917088,0.8337637072735447,0.0344699204464179,456.0,longitudinal,HistGradientBoostingClassifier,"{""model__estimator__l2_regularization"": 1.0, ""model__estimator__learning_rate"": 0.05, ""model__estimator__max_depth"": null, ""model__estimator__max_iter"": 500, ""model__estimator__min_samples_leaf"": 20}",,,,,,,,
1.5394224643707275,0.0764958188325327,0.0373587131500244,0.0056288286792224,MultiOutputWrapper(estimator=HistGradientBoostingClassifier(random_state=42)),,,,,,,50.0,,0.05,,1.0,500.0,,,,,,,,,,,0.7840051069906352,0.8580984356108904,0.8000544283545592,0.8659632669011332,0.8736118932899484,0.8363466262294332,0.0368666380565134,431.0,longitudinal,HistGradientBoostingClassifier,"{""model__estimator__l2_regularization"": 1.0, ""model__estimator__learning_rate"": 0.05, ""model__estimator__max_depth"": null, ""model__estimator__max_iter"": 500, ""model__estimator__min_samples_leaf"": 50}",,,,,,,,
0.7211258888244629,0.0299917769114824,0.0294497013092041,0.0106803929919006,MultiOutputWrapper(estimator=HistGradientBoostingClassifier(random_state=42)),,,,,4.0,,10.0,,0.05,,1.0,200.0,,,,,,,,,,,0.7656458812098202,0.8228409876167699,0.7842420255074676,0.8675801559388898,0.8463880024195398,0.8173394105384976,0.0378573068491503,601.0,longitudinal,HistGradientBoostingClassifier,"{""model__estimator__l2_regularization"": 1.0, ""model__estimator__learning_rate"": 0.05, ""model__estimator__max_depth"": 4, ""model__estimator__max_iter"": 200, ""model__estimator__min_samples_leaf"": 10}",,,,,,,,
0.714634370803833,0.0335294100819279,0.0283077716827392,0.0042926929224146,MultiOutputWrapper(estimator=HistGradientBoostingClassifier(random_state=42)),,,,,4.0,,20.0,,0.05,,1.0,200.0,,,,,,,,,,,0.7547609367677839,0.8180748449308941,0.8017386393593134,0.8708814827220454,0.8455840268652358,0.8182079861290544,0.0395492857886789,595.0,longitudinal,HistGradientBoostingClassifier,"{""model__estimator__l2_regularization"": 1.0, ""model__estimator__learning_rate"": 0.05, ""model__estimator__max_depth"": 4, ""model__estimator__max_iter"": 200, ""model__estimator__min_samples_leaf"": 20}",,,,,,,,
0.5952603816986084,0.0185628273346598,0.0265540122985839,0.0079750095422005,MultiOutputWrapper(estimator=HistGradientBoostingClassifier(random_state=42)),,,,,4.0,,50.0,,0.05,,1.0,200.0,,,,,,,,,,,0.7613143115357304,0.8535382999818394,0.7494025948348741,0.863830179199464,0.8652343407796759,0.8186639452663167,0.0519829321901296,592.0,longitudinal,HistGradientBoostingClassifier,"{""model__estimator__l2_regularization"": 1.0, ""model__estimator__learning_rate"": 0.05, ""model__estimator__max_depth"": 4, ""model__estimator__max_iter"": 200, ""model__estimator__min_samples_leaf"": 50}",,,,,,,,
1.7200111389160155,0.0408472260458686,0.0377947330474853,0.0043328862066444,MultiOutputWrapper(estimator=HistGradientBoostingClassifier(random_state=42)),,,,,4.0,,10.0,,0.05,,1.0,500.0,,,,,,,,,,,0.7689963401636759,0.8154207198417496,0.7856875017044369,0.8623902566106552,0.8497089251819869,0.8164407487005008,0.0358215114272733,608.0,longitudinal,HistGradientBoostingClassifier,"{""model__estimator__l2_regularization"": 1.0, ""model__estimator__learning_rate"": 0.05, ""model__estimator__max_depth"": 4, ""model__estimator__max_iter"": 500, ""model__estimator__min_samples_leaf"": 10}",,,,,,,,
1.5308753490447995,0.0324032796321335,0.0360775470733642,0.0093497531129811,MultiOutputWrapper(estimator=HistGradientBoostingClassifier(random_state=42)),,,,,4.0,,20.0,,0.05,,1.0,500.0,,,,,,,,,,,0.7583494627446595,0.8073581763420405,0.7889290283800121,0.866720445114349,0.8358413115574745,0.8114396848277071,0.0373988285671626,642.0,longitudinal,HistGradientBoostingClassifier,"{""model__estimator__l2_regularization"": 1.0, ""model__estimator__learning_rate"": 0.05, ""model__estimator__max_depth"": 4, ""model__estimator__max_iter"": 500, ""model__estimator__min_samples_leaf"": 20}",,,,,,,,
1.2012465476989749,0.0657090822376994,0.0384706497192382,0.008401966533645,MultiOutputWrapper(estimator=HistGradientBoostingClassifier(random_state=42)),,,,,4.0,,50.0,,0.05,,1.0,500.0,,,,,,,,,,,0.7693902325362482,0.8482923162373868,0.7509333496959285,0.8567330988667448,0.8564170994722899,0.8163532193617197,0.0463487573646721,609.0,longitudinal,HistGradientBoostingClassifier,"{""model__estimator__l2_regularization"": 1.0, ""model__estimator__learning_rate"": 0.05, ""model__estimator__max_depth"": 4, ""model__estimator__max_iter"": 500, ""model__estimator__min_samples_leaf"": 50}",,,,,,,,
1.4372567653656003,0.052310595295162,0.0256668090820312,0.0055913376711947,MultiOutputWrapper(estimator=HistGradientBoostingClassifier(random_state=42)),,,,,8.0,,10.0,,0.05,,1.0,200.0,,,,,,,,,,,0.7591385794894012,0.8292052465934248,0.8102945721635895,0.8543608924617131,0.8673218196608472,0.8240642220737951,0.0380012643009545,537.0,longitudinal,HistGradientBoostingClassifier,"{""model__estimator__l2_regularization"": 1.0, ""model__estimator__learning_rate"": 0.05, ""model__estimator__max_depth"": 8, ""model__estimator__max_iter"": 200, ""model__estimator__min_samples_leaf"": 10}",,,,,,,,
1.1959567546844485,0.032561043953942,0.0238943576812744,0.0038412683315399,MultiOutputWrapper(estimator=HistGradientBoostingClassifier(random_state=42)),,,,,8.0,,20.0,,0.05,,1.0,200.0,,,,,,,,,,,0.7927713386428523,0.8469718388056948,0.8053945430745315,0.8615746478349057,0.8744376655611872,0.8362300067838342,0.0318026559683177,434.0,longitudinal,HistGradientBoostingClassifier,"{""model__estimator__l2_regularization"": 1.0, ""model__estimator__learning_rate"": 0.05, ""model__estimator__max_depth"": 8, ""model__estimator__max_iter"": 200, ""model__estimator__min_samples_leaf"": 20}",,,,,,,,
0.8120309352874756,0.0346593702841488,0.0305787086486816,0.013312094411714,MultiOutputWrapper(estimator=HistGradientBoostingClassifier(random_state=42)),,,,,8.0,,50.0,,0.05,,1.0,200.0,,,,,,,,,,,0.7800206906417911,0.8612097560832414,0.8076663871390002,0.8613909823405719,0.8744947124710594,0.8369565057351327,0.0365895582156922,426.0,longitudinal,HistGradientBoostingClassifier,"{""model__estimator__l2_regularization"": 1.0, ""model__estimator__learning_rate"": 0.05, ""model__estimator__max_depth"": 8, ""model__estimator__max_iter"": 200, ""model__estimator__min_samples_leaf"": 50}",,,,,,,,
2.9963470458984376,0.1053928083365344,0.0336711883544921,0.0013559822082586,MultiOutputWrapper(estimator=HistGradientBoostingClassifier(random_state=42)),,,,,8.0,,10.0,,0.05,,1.0,500.0,,,,,,,,,,,0.757325088082194,0.8323165303720478,0.8154956048251475,0.858025456372467,0.8604643013578626,0.8247253962019439,0.0376079227041035,530.0,longitudinal,HistGradientBoostingClassifier,"{""model__estimator__l2_regularization"": 1.0, ""model__estimator__learning_rate"": 0.05, ""model__estimator__max_depth"": 8, ""model__estimator__max_iter"": 500, ""model__estimator__min_samples_leaf"": 10}",,,,,,,,
2.373139667510986,0.1008750227711715,0.0380455017089843,0.0059438388899851,MultiOutputWrapper(estimator=HistGradientBoostingClassifier(random_state=42)),,,,,8.0,,20.0,,0.05,,1.0,500.0,,,,,,,,,,,0.7871970765957438,0.8444140403977621,0.8154262342396392,0.8633377993635907,0.8671444215005318,0.8355039144194535,0.0303047884213358,442.0,longitudinal,HistGradientBoostingClassifier,"{""model__estimator__l2_regularization"": 1.0, ""model__estimator__learning_rate"": 0.05, ""model__estimator__max_depth"": 8, ""model__estimator__max_iter"": 500, ""model__estimator__min_samples_leaf"": 20}",,,,,,,,
1.429349422454834,0.0281878647667447,0.0300665378570556,0.0045134086993665,MultiOutputWrapper(estimator=HistGradientBoostingClassifier(random_state=42)),,,,,8.0,,50.0,,0.05,,1.0,500.0,,,,,,,,,,,0.785190780107144,0.857765956563997,0.7958658880798495,0.8571406241277284,0.8752520701666562,0.834243063809075,0.0364370621973524,451.0,longitudinal,HistGradientBoostingClassifier,"{""model__estimator__l2_regularization"": 1.0, ""model__estimator__learning_rate"": 0.05, ""model__estimator__max_depth"": 8, ""model__estimator__max_iter"": 500, ""model__estimator__min_samples_leaf"": 50}",,,,,,,,
1.3374197006225583,0.0154485650658341,0.0264417648315429,0.0044260130501777,MultiOutputWrapper(estimator=HistGradientBoostingClassifier(random_state=42)),,,,,,,10.0,,0.1,,1.0,200.0,,,,,,,,,,,0.7627614211989224,0.832726421894662,0.8054338019398765,0.8554355309923891,0.8619094549777861,0.8236533262007273,0.0363200665058253,543.0,longitudinal,HistGradientBoostingClassifier,"{""model__estimator__l2_regularization"": 1.0, ""model__estimator__learning_rate"": 0.1, ""model__estimator__max_depth"": null, ""model__estimator__max_iter"": 200, ""model__estimator__min_samples_leaf"": 10}",,,,,,,,
1.0608596801757812,0.0219922505331118,0.0273287296295166,0.0030455423293132,MultiOutputWrapper(estimator=HistGradientBoostingClassifier(random_state=42)),,,,,,,20.0,,0.1,,1.0,200.0,,,,,,,,,,,0.7598809571868168,0.8305804174380111,0.7996991100566326,0.8610882227060421,0.8719623302671922,0.824642207530939,0.0410340006155022,531.0,longitudinal,HistGradientBoostingClassifier,"{""model__estimator__l2_regularization"": 1.0, ""model__estimator__learning_rate"": 0.1, ""model__estimator__max_depth"": null, ""model__estimator__max_iter"": 200, ""model__estimator__min_samples_leaf"": 20}",,,,,,,,
0.7086080551147461,0.0293838411633033,0.0321152687072753,0.010590310006351,MultiOutputWrapper(estimator=HistGradientBoostingClassifier(random_state=42)),,,,,,,50.0,,0.1,,1.0,200.0,,,,,,,,,,,0.763123661838044,0.8506649976101093,0.7953479664930413,0.856898528070861,0.8688126525248732,0.8269695613073857,0.0407045087757915,508.0,longitudinal,HistGradientBoostingClassifier,"{""model__estimator__l2_regularization"": 1.0, ""model__estimator__learning_rate"": 0.1, ""model__estimator__max_depth"": null, ""model__estimator__max_iter"": 200, ""model__estimator__min_samples_leaf"": 50}",,,,,,,,
3.134217691421509,0.0630854125126498,0.0378934860229492,0.0153191768486129,MultiOutputWrapper(estimator=HistGradientBoostingClassifier(random_state=42)),,,,,,,10.0,,0.1,,1.0,500.0,,,,,,,,,,,0.7658161278734495,0.8383293960963178,0.802736587217177,0.8556342693388415,0.8593718582483365,0.8243776477548245,0.0354795985171924,534.0,longitudinal,HistGradientBoostingClassifier,"{""model__estimator__l2_regularization"": 1.0, ""model__estimator__learning_rate"": 0.1, ""model__estimator__max_depth"": null, ""model__estimator__max_iter"": 500, ""model__estimator__min_samples_leaf"": 10}",,,,,,,,
2.3824389457702635,0.0359755919519551,0.0371935367584228,0.0057918074732382,MultiOutputWrapper(estimator=HistGradientBoostingClassifier(random_state=42)),,,,,,,20.0,,0.1,,1.0,500.0,,,,,,,,,,,0.7595406089656596,0.8354107656801191,0.8010439108420373,0.8627188820037588,0.8644118015142981,0.8246251938011746,0.0398560205844984,532.0,longitudinal,HistGradientBoostingClassifier,"{""model__estimator__l2_regularization"": 1.0, ""model__estimator__learning_rate"": 0.1, ""model__estimator__max_depth"": null, ""model__estimator__max_iter"": 500, ""model__estimator__min_samples_leaf"": 20}",,,,,,,,
1.4134819984436036,0.0136433529784306,0.0272543907165527,0.0022736725683101,MultiOutputWrapper(estimator=HistGradientBoostingClassifier(random_state=42)),,,,,,,50.0,,0.1,,1.0,500.0,,,,,,,,,,,0.7707446752106876,0.8494408468596293,0.7875273846209787,0.8625203297419006,0.8650861439626223,0.8270638760791635,0.0398461248452995,506.0,longitudinal,HistGradientBoostingClassifier,"{""model__estimator__l2_regularization"": 1.0, ""model__estimator__learning_rate"": 0.1, ""model__estimator__max_depth"": null, ""model__estimator__max_iter"": 500, ""model__estimator__min_samples_leaf"": 50}",,,,,,,,
0.6925745964050293,0.0197071325380523,0.0228687286376953,0.0056199100255478,MultiOutputWrapper(estimator=HistGradientBoostingClassifier(random_state=42)),,,,,4.0,,10.0,,0.1,,1.0,200.0,,,,,,,,,,,0.7483516300345073,0.8260920603861343,0.7839951662166952,0.8624267291910902,0.8525723254698286,0.8146875822596511,0.0428644957962892,622.0,longitudinal,HistGradientBoostingClassifier,"{""model__estimator__l2_regularization"": 1.0, ""model__estimator__learning_rate"": 0.1, ""model__estimator__max_depth"": 4, ""model__estimator__max_iter"": 200, ""model__estimator__min_samples_leaf"": 10}",,,,,,,,
0.6462162494659424,0.0540257788190291,0.0200238227844238,0.0026770432849102,MultiOutputWrapper(estimator=HistGradientBoostingClassifier(random_state=42)),,,,,4.0,,20.0,,0.1,,1.0,200.0,,,,,,,,,,,0.732896237789461,0.8114366785650313,0.7874339814739061,0.8582848582965816,0.8488115053292451,0.8077726522908449,0.0453193876436877,658.0,longitudinal,HistGradientBoostingClassifier,"{""model__estimator__l2_regularization"": 1.0, ""model__estimator__learning_rate"": 0.1, ""model__estimator__max_depth"": 4, ""model__estimator__max_iter"": 200, ""model__estimator__min_samples_leaf"": 20}",,,,,,,,
0.5522341251373291,0.0137745056673809,0.0199358463287353,0.0031126198949861,MultiOutputWrapper(estimator=HistGradientBoostingClassifier(random_state=42)),,,,,4.0,,50.0,,0.1,,1.0,200.0,,,,,,,,,,,0.7566347774304946,0.8459310127429414,0.7599212436481315,0.857442267254694,0.8572667542706964,0.8154392110693915,0.0468695128855449,620.0,longitudinal,HistGradientBoostingClassifier,"{""model__estimator__l2_regularization"": 1.0, ""model__estimator__learning_rate"": 0.1, ""model__estimator__max_depth"": 4, ""model__estimator__max_iter"": 200, ""model__estimator__min_samples_leaf"": 50}",,,,,,,,
1.475374984741211,0.0467346172978785,0.0257557392120361,0.0028964112224158,MultiOutputWrapper(estimator=HistGradientBoostingClassifier(random_state=42)),,,,,4.0,,10.0,,0.1,,1.0,500.0,,,,,,,,,,,0.7632917653961758,0.8288122934601785,0.7797056096430226,0.857076797111967,0.8516853346682518,0.8161143600559193,0.0380007279151256,611.0,longitudinal,HistGradientBoostingClassifier,"{""model__estimator__l2_regularization"": 1.0, ""model__estimator__learning_rate"": 0.1, ""model__estimator__max_depth"": 4, ""model__estimator__max_iter"": 500, ""model__estimator__min_samples_leaf"": 10}",,,,,,,,
1.308994197845459,0.0302523469565933,0.0258888244628906,0.0063754926786676,MultiOutputWrapper(estimator=HistGradientBoostingClassifier(random_state=42)),,,,,4.0,,20.0,,0.1,,1.0,500.0,,,,,,,,,,,0.7469467853138486,0.8086332890355358,0.7903785668184752,0.8601862706786505,0.8454792149010282,0.8103248253495078,0.0403472063922671,648.0,longitudinal,HistGradientBoostingClassifier,"{""model__estimator__l2_regularization"": 1.0, ""model__estimator__learning_rate"": 0.1, ""model__estimator__max_depth"": 4, ""model__estimator__max_iter"": 500, ""model__estimator__min_samples_leaf"": 20}",,,,,,,,
1.0306560039520265,0.0159311351741859,0.0293511867523193,0.0066274809748617,MultiOutputWrapper(estimator=HistGradientBoostingClassifier(random_state=42)),,,,,4.0,,50.0,,0.1,,1.0,500.0,,,,,,,,,,,0.7586801967564321,0.8376153051007273,0.7579199505486014,0.8518924803215542,0.8550746720063408,0.8122365209467312,0.0444305180385511,639.0,longitudinal,HistGradientBoostingClassifier,"{""model__estimator__l2_regularization"": 1.0, ""model__estimator__learning_rate"": 0.1, ""model__estimator__max_depth"": 4, ""model__estimator__max_iter"": 500, ""model__estimator__min_samples_leaf"": 50}",,,,,,,,
1.2822228908538815,0.0156637189015883,0.0250569820404052,0.0012528028476249,MultiOutputWrapper(estimator=HistGradientBoostingClassifier(random_state=42)),,,,,8.0,,10.0,,0.1,,1.0,200.0,,,,,,,,,,,0.763656149140795,0.8202548729411925,0.8113684810966574,0.8541714583449636,0.8592120851844898,0.8217326093416197,0.0344658211064909,562.0,longitudinal,HistGradientBoostingClassifier,"{""model__estimator__l2_regularization"": 1.0, ""model__estimator__learning_rate"": 0.1, ""model__estimator__max_depth"": 8, ""model__estimator__max_iter"": 200, ""model__estimator__min_samples_leaf"": 10}",,,,,,,,
0.9969920635223388,0.0217078476387964,0.0264376163482666,0.002580532539826,MultiOutputWrapper(estimator=HistGradientBoostingClassifier(random_state=42)),,,,,8.0,,20.0,,0.1,,1.0,200.0,,,,,,,,,,,0.7754495768389826,0.831679851852178,0.8036638009399402,0.8615564115446881,0.8763621383726508,0.8297423559096879,0.0369244878959711,481.0,longitudinal,HistGradientBoostingClassifier,"{""model__estimator__l2_regularization"": 1.0, ""model__estimator__learning_rate"": 0.1, ""model__estimator__max_depth"": 8, ""model__estimator__max_iter"": 200, ""model__estimator__min_samples_leaf"": 20}",,,,,,,,
0.685510778427124,0.0328281988299952,0.0254072189331054,0.0025774737284231,MultiOutputWrapper(estimator=HistGradientBoostingClassifier(random_state=42)),,,,,8.0,,50.0,,0.1,,1.0,200.0,,,,,,,,,,,0.7651196781174603,0.8485775648111439,0.7798683833756033,0.8579422765589235,0.8736190893352522,0.8250253984396767,0.0438803453440875,526.0,longitudinal,HistGradientBoostingClassifier,"{""model__estimator__l2_regularization"": 1.0, ""model__estimator__learning_rate"": 0.1, ""model__estimator__max_depth"": 8, ""model__estimator__max_iter"": 200, ""model__estimator__min_samples_leaf"": 50}",,,,,,,,
3.0485095977783203,0.1082708545695347,0.0452402591705322,0.011044007630682,MultiOutputWrapper(estimator=HistGradientBoostingClassifier(random_state=42)),,,,,8.0,,10.0,,0.1,,1.0,500.0,,,,,,,,,,,0.7526448879771596,0.8235531761836932,0.8209130441699164,0.8544695658646421,0.85378209540496,0.8210725539200743,0.0370777531885289,570.0,longitudinal,HistGradientBoostingClassifier,"{""model__estimator__l2_regularization"": 1.0, ""model__estimator__learning_rate"": 0.1, ""model__estimator__max_depth"": 8, ""model__estimator__max_iter"": 500, ""model__estimator__min_samples_leaf"": 10}",,,,,,,,
2.423888921737671,0.0695071223451641,0.0358798503875732,0.0043758215291567,MultiOutputWrapper(estimator=HistGradientBoostingClassifier(random_state=42)),,,,,8.0,,20.0,,0.1,,1.0,500.0,,,,,,,,,,,0.771189968629177,0.8371638170035235,0.8072499931822519,0.8594255568581477,0.8663434703710655,0.828274561208833,0.0352117264956407,492.0,longitudinal,HistGradientBoostingClassifier,"{""model__estimator__l2_regularization"": 1.0, ""model__estimator__learning_rate"": 0.1, ""model__estimator__max_depth"": 8, ""model__estimator__max_iter"": 500, ""model__estimator__min_samples_leaf"": 20}",,,,,,,,
1.5118759632110597,0.0905747057942915,0.0375789642333984,0.0085753577728958,MultiOutputWrapper(estimator=HistGradientBoostingClassifier(random_state=42)),,,,,8.0,,50.0,,0.1,,1.0,500.0,,,,,,,,,,,0.7760472205019294,0.8500906956052598,0.7796601011753796,0.8621115018887585,0.8739272677971757,0.8283673573937007,0.0419429843464211,490.0,longitudinal,HistGradientBoostingClassifier,"{""model__estimator__l2_regularization"": 1.0, ""model__estimator__learning_rate"": 0.1, ""model__estimator__max_depth"": 8, ""model__estimator__max_iter"": 500, ""model__estimator__min_samples_leaf"": 50}",,,,,,,,
1.1662607669830325,0.0608274514123758,0.0257838249206542,0.0055730814169864,MultiOutputWrapper(estimator=AdaBoostClassifier(random_state=42)),,,,,,,,100.0,0.1,,,,,,,,,,,,,,0.7646942791175391,0.8175854917289795,0.75781572422664,0.8621697463666982,0.8033310389420769,0.8011192560763869,0.0379609433018035,671.0,longitudinal,AdaBoostClassifier,"{""model__estimator__learning_rate"": 0.1, ""model__estimator__n_estimators"": 100}",,,,,,,,
2.9469316482543944,0.0593522905718029,0.0506832599639892,0.0064778511516042,MultiOutputWrapper(estimator=AdaBoostClassifier(random_state=42)),,,,,,,,300.0,0.1,,,,,,,,,,,,,,0.7688550812343022,0.8262884452184375,0.7441053751124928,0.8584298181953516,0.7940333312475231,0.7983424102016214,0.0405492396448688,678.0,longitudinal,AdaBoostClassifier,"{""model__estimator__learning_rate"": 0.1, ""model__estimator__n_estimators"": 300}",,,,,,,,
1.0537912368774414,0.0040936524836037,0.0274771690368652,0.004899323948883,MultiOutputWrapper(estimator=AdaBoostClassifier(random_state=42)),,,,,,,,100.0,0.5,,,,,,,,,,,,,,0.7445697055294912,0.8252891790365458,0.7439773718945157,0.8666096317385883,0.7836322820849757,0.7928156340568233,0.0475337030775931,690.0,longitudinal,AdaBoostClassifier,"{""model__estimator__learning_rate"": 0.5, ""model__estimator__n_estimators"": 100}",,,,,,,,
2.8576213836669924,0.0438213102177705,0.0440554141998291,0.0043393697460644,MultiOutputWrapper(estimator=AdaBoostClassifier(random_state=42)),,,,,,,,300.0,0.5,,,,,,,,,,,,,,0.7383943972673916,0.8349045107825649,0.7407549633205159,0.8671817488230149,0.7610744008510105,0.7884620042088994,0.0527001184852952,700.0,longitudinal,AdaBoostClassifier,"{""model__estimator__learning_rate"": 0.5, ""model__estimator__n_estimators"": 300}",,,,,,,,
0.998896598815918,0.0143586925376,0.0313398838043212,0.0030637879593377,MultiOutputWrapper(estimator=AdaBoostClassifier(random_state=42)),,,,,,,,100.0,1.0,,,,,,,,,,,,,,0.7245651644526514,0.8349498755207616,0.726068681992964,0.8526074173319191,0.7441203095342386,0.776462289766507,0.0556735289791016,735.0,longitudinal,AdaBoostClassifier,"{""model__estimator__learning_rate"": 1.0, ""model__estimator__n_estimators"": 100}",,,,,,,,
2.7510489940643312,0.0341504347708013,0.0398540496826171,0.0030915714444684,MultiOutputWrapper(estimator=AdaBoostClassifier(random_state=42)),,,,,,,,300.0,1.0,,,,,,,,,,,,,,0.71928732068467,0.8187228279415851,0.7227637786686301,0.8439868624276595,0.7533224871201217,0.7716166553685333,0.0508253436515206,764.0,longitudinal,AdaBoostClassifier,"{""model__estimator__learning_rate"": 1.0, ""model__estimator__n_estimators"": 300}",,,,,,,,
0.2962016105651855,0.0182872856790246,0.0370450496673584,0.0057926806726582,"MultiOutputWrapper(estimator=SVC(probability=True, random_state=42))",0.1,,,,,,,,,,,,scale,rbf,,,,,,,,,0.7433040919734559,0.7544207305111565,0.7472019962366031,0.8385495636316269,0.8388753311223744,0.7844703426950435,0.0444320468614867,708.0,longitudinal,SVC,"{""model__estimator__C"": 0.1, ""model__estimator__gamma"": ""scale"", ""model__estimator__kernel"": ""rbf""}",,,,,,,,
1.0105544090270997,0.3860817966223512,0.0237557888031005,0.0031522588799552,"MultiOutputWrapper(estimator=SVC(probability=True, random_state=42))",0.1,,,,,,,,,,,,scale,linear,,,,,,,,,0.6997198633695831,0.7645009407425083,0.6964809625751088,0.7893075792255159,0.8239885906180255,0.7547995873061484,0.0500137459575731,788.0,longitudinal,SVC,"{""model__estimator__C"": 0.1, ""model__estimator__gamma"": ""scale"", ""model__estimator__kernel"": ""linear""}",,,,,,,,
0.3552590370178222,0.0483016416605743,0.038293170928955,0.0072537162135727,"MultiOutputWrapper(estimator=SVC(probability=True, random_state=42))",0.1,,,,,,,,,,,,0.01,rbf,,,,,,,,,0.7855671518481401,0.7228421364127161,0.7214294885779995,0.799053945923817,0.8012801138852386,0.7660345673295822,0.0362470658444903,779.0,longitudinal,SVC,"{""model__estimator__C"": 0.1, ""model__estimator__gamma"": 0.01, ""model__estimator__kernel"": ""rbf""}",,,,,,,,
0.9805311679840087,0.3885989759938283,0.0248700141906738,0.0050078577097874,"MultiOutputWrapper(estimator=SVC(probability=True, random_state=42))",0.1,,,,,,,,,,,,0.01,linear,,,,,,,,,0.6997198633695831,0.7645009407425083,0.6964809625751088,0.7893075792255159,0.8239885906180255,0.7547995873061484,0.0500137459575731,788.0,longitudinal,SVC,"{""model__estimator__C"": 0.1, ""model__estimator__gamma"": 0.01, ""model__estimator__kernel"": ""linear""}",,,,,,,,
0.5163508892059326,0.0119116339758259,0.0521733283996582,0.0042843109622792,"MultiOutputWrapper(estimator=SVC(probability=True, random_state=42))",0.1,,,,,,,,,,,,0.1,rbf,,,,,,,,,0.7057105166763187,0.7326443408477008,0.6971162630559873,0.7190957219151826,0.8049715808355755,0.731907684666153,0.0384701354394863,811.0,longitudinal,SVC,"{""model__estimator__C"": 0.1, ""model__estimator__gamma"": 0.1, ""model__estimator__kernel"": ""rbf""}",,,,,,,,
1.0379626274108886,0.4024267215320655,0.0243088245391845,0.004349199318867,"MultiOutputWrapper(estimator=SVC(probability=True, random_state=42))",0.1,,,,,,,,,,,,0.1,linear,,,,,,,,,0.6997198633695831,0.7645009407425083,0.6964809625751088,0.7893075792255159,0.8239885906180255,0.7547995873061484,0.0500137459575731,788.0,longitudinal,SVC,"{""model__estimator__C"": 0.1, ""model__estimator__gamma"": 0.1, ""model__estimator__kernel"": ""linear""}",,,,,,,,
0.2809041976928711,0.01013200054754,0.0309353828430175,0.0045216574695131,"MultiOutputWrapper(estimator=SVC(probability=True, random_state=42))",1.0,,,,,,,,,,,,scale,rbf,,,,,,,,,0.7463430453343085,0.749987103565902,0.750231178470461,0.836974822754424,0.8393722754103832,0.7845816851070959,0.0437858095921301,707.0,longitudinal,SVC,"{""model__estimator__C"": 1, ""model__estimator__gamma"": ""scale"", ""model__estimator__kernel"": ""rbf""}",,,,,,,,
8.055094289779664,3.1776900106429524,0.0215502262115478,0.0019595433411897,"MultiOutputWrapper(estimator=SVC(probability=True, random_state=42))",1.0,,,,,,,,,,,,scale,linear,,,,,,,,,0.6571136461684455,0.7364483147107018,0.6808161071568173,0.7962049907888125,0.7965442817512463,0.7334254681152046,0.0574902247913,807.0,longitudinal,SVC,"{""model__estimator__C"": 1, ""model__estimator__gamma"": ""scale"", ""model__estimator__kernel"": ""linear""}",,,,,,,,
0.4080983638763428,0.0218471580621078,0.038090705871582,0.0067577627833148,"MultiOutputWrapper(estimator=SVC(probability=True, random_state=42))",1.0,,,,,,,,,,,,0.01,rbf,,,,,,,,,0.7883433366627122,0.7312570610728715,0.7230676797840137,0.812290701352835,0.8074989049496276,0.7724915367644118,0.0379572615281516,758.0,longitudinal,SVC,"{""model__estimator__C"": 1, ""model__estimator__gamma"": 0.01, ""model__estimator__kernel"": ""rbf""}",,,,,,,,
8.126328611373902,3.2384386345193,0.0245958805084228,0.0075156815936908,"MultiOutputWrapper(estimator=SVC(probability=True, random_state=42))",1.0,,,,,,,,,,,,0.01,linear,,,,,,,,,0.6571136461684455,0.7364483147107018,0.6808161071568173,0.7962049907888125,0.7965442817512463,0.7334254681152046,0.0574902247913,807.0,longitudinal,SVC,"{""model__estimator__C"": 1, ""model__estimator__gamma"": 0.01, ""model__estimator__kernel"": ""linear""}",,,,,,,,
0.5060600280761719,0.016388297667159,0.0551850795745849,0.0108230339061193,"MultiOutputWrapper(estimator=SVC(probability=True, random_state=42))",1.0,,,,,,,,,,,,0.1,rbf,,,,,,,,,0.7091169233339355,0.7334953855378952,0.6981515096766568,0.7191139582054001,0.8030166030494545,0.7325788759606684,0.0370926520154818,810.0,longitudinal,SVC,"{""model__estimator__C"": 1, ""model__estimator__gamma"": 0.1, ""model__estimator__kernel"": ""rbf""}",,,,,,,,
8.03619680404663,3.137892631281628,0.019980239868164,0.0047815541493206,"MultiOutputWrapper(estimator=SVC(probability=True, random_state=42))",1.0,,,,,,,,,,,,0.1,linear,,,,,,,,,0.6571136461684455,0.7364483147107018,0.6808161071568173,0.7962049907888125,0.7965442817512463,0.7334254681152046,0.0574902247913,807.0,longitudinal,SVC,"{""model__estimator__C"": 1, ""model__estimator__gamma"": 0.1, ""model__estimator__kernel"": ""linear""}",,,,,,,,
0.2781469821929931,0.0109552395881951,0.0289512157440185,0.0031212765288524,"MultiOutputWrapper(estimator=SVC(probability=True, random_state=42))",10.0,,,,,,,,,,,,scale,rbf,,,,,,,,,0.7578100252317186,0.7390476729994959,0.7299292317761596,0.8076130929120378,0.8446081805477337,0.7758016406934292,0.0436466234364601,740.0,longitudinal,SVC,"{""model__estimator__C"": 10, ""model__estimator__gamma"": ""scale"", ""model__estimator__kernel"": ""rbf""}",,,,,,,,
85.50192666053772,31.12177187583017,0.0251098155975341,0.0035630330376623,"MultiOutputWrapper(estimator=SVC(probability=True, random_state=42))",10.0,,,,,,,,,,,,scale,linear,,,,,,,,,0.6650811468665361,0.7206321465622012,0.7308491732344304,0.7988040343139992,0.8072471476545063,0.7445227297263346,0.0528195112254868,800.0,longitudinal,SVC,"{""model__estimator__C"": 10, ""model__estimator__gamma"": ""scale"", ""model__estimator__kernel"": ""linear""}",,,,,,,,
0.4193953990936279,0.0233540163553534,0.0415534496307373,0.0051015000151306,"MultiOutputWrapper(estimator=SVC(probability=True, random_state=42))",10.0,,,,,,,,,,,,0.01,rbf,,,,,,,,,0.7825522340107494,0.722343509576696,0.7214604525166579,0.7872846536035281,0.8174408151346391,0.766216332968454,0.0381119320890967,778.0,longitudinal,SVC,"{""model__estimator__C"": 10, ""model__estimator__gamma"": 0.01, ""model__estimator__kernel"": ""rbf""}",,,,,,,,
85.46521062850952,31.120496127930533,0.0205924034118652,0.0021622010261996,"MultiOutputWrapper(estimator=SVC(probability=True, random_state=42))",10.0,,,,,,,,,,,,0.01,linear,,,,,,,,,0.6650811468665361,0.7206321465622012,0.7308491732344304,0.7988040343139992,0.8072471476545063,0.7445227297263346,0.0528195112254868,800.0,longitudinal,SVC,"{""model__estimator__C"": 10, ""model__estimator__gamma"": 0.01, ""model__estimator__kernel"": ""linear""}",,,,,,,,
0.5115616798400879,0.015817803785747,0.0510490417480468,0.0037827218339769,"MultiOutputWrapper(estimator=SVC(probability=True, random_state=42))",10.0,,,,,,,,,,,,0.1,rbf,,,,,,,,,0.6949427956401941,0.7237430817504082,0.6848051146745207,0.7139766277749865,0.7958456917589637,0.7226626623198147,0.0390741736255623,820.0,longitudinal,SVC,"{""model__estimator__C"": 10, ""model__estimator__gamma"": 0.1, ""model__estimator__kernel"": ""rbf""}",,,,,,,,
82.44245295524597,29.2869410417492,0.018926191329956,0.0031676452539554,"MultiOutputWrapper(estimator=SVC(probability=True, random_state=42))",10.0,,,,,,,,,,,,0.1,linear,,,,,,,,,0.6650811468665361,0.7206321465622012,0.7308491732344304,0.7988040343139992,0.8072471476545063,0.7445227297263346,0.0528195112254868,800.0,longitudinal,SVC,"{""model__estimator__C"": 10, ""model__estimator__gamma"": 0.1, ""model__estimator__kernel"": ""linear""}",,,,,,,,
0.1234789848327636,0.008338371235459,0.0423412799835205,0.0101613635989347,MultiOutputWrapper(estimator=KNeighborsClassifier()),,,,,,,,,,,,,,,5.0,1.0,uniform,,,,,,0.7008488930171781,0.618449645959154,0.6388443178615906,0.7088210610543553,0.7310045783534613,0.6795936992491478,0.0432393519069968,839.0,longitudinal,KNeighborsClassifier,"{""model__estimator__n_neighbors"": 5, ""model__estimator__p"": 1, ""model__estimator__weights"": ""uniform""}",,,,,,,,
0.1204017639160156,0.0025814891834503,0.033869981765747,0.0018250162237531,MultiOutputWrapper(estimator=KNeighborsClassifier()),,,,,,,,,,,,,,,5.0,1.0,distance,,,,,,0.7011247508779384,0.6170101594771517,0.6404246434317815,0.7095439997022647,0.729545971257535,0.6795299049493343,0.0431433197510971,840.0,longitudinal,KNeighborsClassifier,"{""model__estimator__n_neighbors"": 5, ""model__estimator__p"": 1, ""model__estimator__weights"": ""distance""}",,,,,,,,
0.1239382266998291,0.0148246229795182,0.0235172748565673,0.0079607608491049,MultiOutputWrapper(estimator=KNeighborsClassifier()),,,,,,,,,,,,,,,5.0,2.0,uniform,,,,,,0.6484128741109693,0.6427221518737595,0.6302379053151163,0.6781654850294944,0.7812717706443068,0.6761620373947292,0.0548622597786359,843.0,longitudinal,KNeighborsClassifier,"{""model__estimator__n_neighbors"": 5, ""model__estimator__p"": 2, ""model__estimator__weights"": ""uniform""}",,,,,,,,
0.1189132690429687,0.0048677446419839,0.0202635765075683,0.0029351889523995,MultiOutputWrapper(estimator=KNeighborsClassifier()),,,,,,,,,,,,,,,5.0,2.0,distance,,,,,,0.6474145329713619,0.64560203935837,0.630210747952403,0.6832574108189583,0.777356391965459,0.6767682246133104,0.0532177750347799,842.0,longitudinal,KNeighborsClassifier,"{""model__estimator__n_neighbors"": 5, ""model__estimator__p"": 2, ""model__estimator__weights"": ""distance""}",,,,,,,,
0.1305244922637939,0.0107138604748864,0.0402760505676269,0.0052800809247034,MultiOutputWrapper(estimator=KNeighborsClassifier()),,,,,,,,,,,,,,,15.0,1.0,uniform,,,,,,0.69768857514552,0.6335017674239743,0.6851903458416282,0.8654971249930219,0.7427864338902446,0.7249328494588777,0.078432679250665,818.0,longitudinal,KNeighborsClassifier,"{""model__estimator__n_neighbors"": 15, ""model__estimator__p"": 1, ""model__estimator__weights"": ""uniform""}",,,,,,,,
0.1219737529754638,0.0068846744479162,0.0361719608306884,0.0057884153184357,MultiOutputWrapper(estimator=KNeighborsClassifier()),,,,,,,,,,,,,,,15.0,1.0,distance,,,,,,0.7141313623211916,0.638526671457174,0.689336502449844,0.8652334431232438,0.7479834908120059,0.7310422940326918,0.0759983706746359,813.0,longitudinal,KNeighborsClassifier,"{""model__estimator__n_neighbors"": 15, ""model__estimator__p"": 1, ""model__estimator__weights"": ""distance""}",,,,,,,,
0.1337029933929443,0.0397847555936213,0.0190793991088867,0.005142379282773,MultiOutputWrapper(estimator=KNeighborsClassifier()),,,,,,,,,,,,,,,15.0,2.0,uniform,,,,,,0.6459332526816258,0.6143824665738484,0.67945525625642,0.8258315190085412,0.7495354900611142,0.70302759691631,0.0760488868126415,830.0,longitudinal,KNeighborsClassifier,"{""model__estimator__n_neighbors"": 15, ""model__estimator__p"": 2, ""model__estimator__weights"": ""uniform""}",,,,,,,,
0.1192249298095703,0.0038045793510174,0.0200209140777587,0.003565603425769,MultiOutputWrapper(estimator=KNeighborsClassifier()),,,,,,,,,,,,,,,15.0,2.0,distance,,,,,,0.6634117662816952,0.6273953002334455,0.679690866263056,0.8305980758852973,0.7628428550570469,0.7127877727441081,0.0737699781562255,827.0,longitudinal,KNeighborsClassifier,"{""model__estimator__n_neighbors"": 15, ""model__estimator__p"": 2, ""model__estimator__weights"": ""distance""}",,,,,,,,
0.1276861667633056,0.0141170570797011,0.0353211879730224,0.0060613227536669,MultiOutputWrapper(estimator=KNeighborsClassifier()),,,,,,,,,,,,,,,31.0,1.0,uniform,,,,,,0.7230069407224832,0.5956647348265648,0.7113777418709718,0.8561939187554662,0.6888825271676782,0.7150251726686327,0.0835894482336817,824.0,longitudinal,KNeighborsClassifier,"{""model__estimator__n_neighbors"": 31, ""model__estimator__p"": 1, ""model__estimator__weights"": ""uniform""}",,,,,,,,
0.1197813034057617,0.0048095443791147,0.0363290786743164,0.0064480451602031,MultiOutputWrapper(estimator=KNeighborsClassifier()),,,,,,,,,,,,,,,31.0,1.0,distance,,,,,,0.730971371868429,0.5969955838816081,0.708823415782632,0.8618454009192578,0.7128704920426339,0.7223012528989121,0.0842850428500871,821.0,longitudinal,KNeighborsClassifier,"{""model__estimator__n_neighbors"": 31, ""model__estimator__p"": 1, ""model__estimator__weights"": ""distance""}",,,,,,,,
0.1279257774353027,0.0143433401157641,0.0187485694885253,0.0020237684428236,MultiOutputWrapper(estimator=KNeighborsClassifier()),,,,,,,,,,,,,,,31.0,2.0,uniform,,,,,,0.6857988602473836,0.6280111254254285,0.7300987948494186,0.8235840823238243,0.7191226039254949,0.7173230933543101,0.0639191042679363,823.0,longitudinal,KNeighborsClassifier,"{""model__estimator__n_neighbors"": 31, ""model__estimator__p"": 2, ""model__estimator__weights"": ""uniform""}",,,,,,,,
0.1252817153930664,0.007274736525877,0.0196180820465087,0.0027068827749362,MultiOutputWrapper(estimator=KNeighborsClassifier()),,,,,,,,,,,,,,,31.0,2.0,distance,,,,,,0.6793782743052253,0.6414924406121891,0.7310337921677711,0.8367450082807644,0.7337029389066183,0.7244704908545136,0.0658066062030348,819.0,longitudinal,KNeighborsClassifier,"{""model__estimator__n_neighbors"": 31, ""model__estimator__p"": 2, ""model__estimator__weights"": ""distance""}",,,,,,,,
0.1949462413787842,0.0143964806180629,0.0179648399353027,0.0039415026557645,"MultiOutputWrapper(estimator=MLPClassifier(early_stopping=True, max_iter=500,
                                           random_state=42))",,,,,,,,,,,,,,,,,,0.0001,"(32,)",0.001,,,0.6284900538138999,0.5560955592742297,0.5065220281436635,0.5769871043376318,0.6252657322236822,0.5786720955586214,0.0455433142324943,857.0,longitudinal,MLPClassifier,"{""model__estimator__alpha"": 0.0001, ""model__estimator__hidden_layer_sizes"": [32], ""model__estimator__learning_rate_init"": 0.001}",,,,,,,,
0.1639212131500244,0.0188075818511362,0.0160980224609375,0.0045685456447774,"MultiOutputWrapper(estimator=MLPClassifier(early_stopping=True, max_iter=500,
                                           random_state=42))",,,,,,,,,,,,,,,,,,0.0001,"(32,)",0.01,,,0.5259816604491182,0.7582300447228801,0.633693282018417,0.7775803420234839,0.7150203366497716,0.6821011331727342,0.092425293368229,838.0,longitudinal,MLPClassifier,"{""model__estimator__alpha"": 0.0001, ""model__estimator__hidden_layer_sizes"": [32], ""model__estimator__learning_rate_init"": 0.01}",,,,,,,,
0.212526798248291,0.021323433872389,0.0178639888763427,0.0031250056766969,"MultiOutputWrapper(estimator=MLPClassifier(early_stopping=True, max_iter=500,
                                           random_state=42))",,,,,,,,,,,,,,,,,,0.0001,"(64,)",0.001,,,0.5470380142639297,0.702520562741787,0.5503965656730936,0.7475816446156422,0.4916318336357758,0.6078337241860458,0.0989879826549777,853.0,longitudinal,MLPClassifier,"{""model__estimator__alpha"": 0.0001, ""model__estimator__hidden_layer_sizes"": [64], ""model__estimator__learning_rate_init"": 0.001}",,,,,,,,
0.1778958797454834,0.0140037556475235,0.0200254440307617,0.0022051578696282,"MultiOutputWrapper(estimator=MLPClassifier(early_stopping=True, max_iter=500,
                                           random_state=42))",,,,,,,,,,,,,,,,,,0.0001,"(64,)",0.01,,,0.5481165990776089,0.7936793049462749,0.611261612897361,0.5707905803978488,0.6471857205431449,0.6342067635724477,0.0866712794724519,851.0,longitudinal,MLPClassifier,"{""model__estimator__alpha"": 0.0001, ""model__estimator__hidden_layer_sizes"": [64], ""model__estimator__learning_rate_init"": 0.01}",,,,,,,,
0.2019381046295166,0.0146100750070305,0.0163008689880371,0.0030211760322656,"MultiOutputWrapper(estimator=MLPClassifier(early_stopping=True, max_iter=500,
                                           random_state=42))",,,,,,,,,,,,,,,,,,0.0001,"(64, 32)",0.001,,,0.4341931477550318,0.7224445372889848,0.6374167098457371,0.5680178269041105,0.4521784202073295,0.5628501284002387,0.1094148995227989,864.0,longitudinal,MLPClassifier,"{""model__estimator__alpha"": 0.0001, ""model__estimator__hidden_layer_sizes"": [64, 32], ""model__estimator__learning_rate_init"": 0.001}",,,,,,,,
0.1850680828094482,0.0098309078327515,0.0169867515563964,0.0031291370340917,"MultiOutputWrapper(estimator=MLPClassifier(early_stopping=True, max_iter=500,
                                           random_state=42))",,,,,,,,,,,,,,,,,,0.0001,"(64, 32)",0.01,,,0.5007078182609331,0.7158668083157471,0.516018866981192,0.5711635869666349,0.5469435579750954,0.5701401276999205,0.0768444535604129,860.0,longitudinal,MLPClassifier,"{""model__estimator__alpha"": 0.0001, ""model__estimator__hidden_layer_sizes"": [64, 32], ""model__estimator__learning_rate_init"": 0.01}",,,,,,,,
0.2266883373260498,0.0153027773756124,0.0202998638153076,0.0030540603780151,"MultiOutputWrapper(estimator=MLPClassifier(early_stopping=True, max_iter=500,
                                           random_state=42))",,,,,,,,,,,,,,,,,,0.0001,"(128, 64)",0.001,,,0.4360149213720265,0.5442567739021109,0.5650020566873017,0.5935607287072704,0.4458416244290094,0.5169352210195438,0.0640792489697712,867.0,longitudinal,MLPClassifier,"{""model__estimator__alpha"": 0.0001, ""model__estimator__hidden_layer_sizes"": [128, 64], ""model__estimator__learning_rate_init"": 0.001}",,,,,,,,
0.2134699821472168,0.0211466428936364,0.0196453094482421,0.0034618575565833,"MultiOutputWrapper(estimator=MLPClassifier(early_stopping=True, max_iter=500,
                                           random_state=42))",,,,,,,,,,,,,,,,,,0.0001,"(128, 64)",0.01,,,0.6562478036424235,0.8718223415013007,0.6441305439653839,0.7634262825880644,0.5721671568320714,0.7015588257058487,0.104795560278226,832.0,longitudinal,MLPClassifier,"{""model__estimator__alpha"": 0.0001, ""model__estimator__hidden_layer_sizes"": [128, 64], ""model__estimator__learning_rate_init"": 0.01}",,,,,,,,
0.2005558013916015,0.0130233117454568,0.0184268951416015,0.0026236700883733,"MultiOutputWrapper(estimator=MLPClassifier(early_stopping=True, max_iter=500,
                                           random_state=42))",,,,,,,,,,,,,,,,,,0.001,"(32,)",0.001,,,0.6284900538138999,0.5560955592742297,0.5065220281436635,0.5766102830346675,0.6252657322236822,0.5785967312980287,0.0455463518473408,858.0,longitudinal,MLPClassifier,"{""model__estimator__alpha"": 0.001, ""model__estimator__hidden_layer_sizes"": [32], ""model__estimator__learning_rate_init"": 0.001}",,,,,,,,
0.1672427177429199,0.0055456693754159,0.0179166793823242,0.0037264000437516,"MultiOutputWrapper(estimator=MLPClassifier(early_stopping=True, max_iter=500,
                                           random_state=42))",,,,,,,,,,,,,,,,,,0.001,"(32,)",0.01,,,0.5262780787282455,0.5614085288304596,0.6332914325906533,0.7779571633264482,0.7220768412489831,0.6442024089449578,0.0946940179449634,846.0,longitudinal,MLPClassifier,"{""model__estimator__alpha"": 0.001, ""model__estimator__hidden_layer_sizes"": [32], ""model__estimator__learning_rate_init"": 0.01}",,,,,,,,
0.1953353881835937,0.0199901679740606,0.0200234413146972,0.0018811390613758,"MultiOutputWrapper(estimator=MLPClassifier(early_stopping=True, max_iter=500,
                                           random_state=42))",,,,,,,,,,,,,,,,,,0.001,"(64,)",0.001,,,0.545284206112427,0.702520562741787,0.5503965656730936,0.7475062803550494,0.4915924118223723,0.6074600053409458,0.0991935825574433,855.0,longitudinal,MLPClassifier,"{""model__estimator__alpha"": 0.001, ""model__estimator__hidden_layer_sizes"": [64], ""model__estimator__learning_rate_init"": 0.001}",,,,,,,,
0.1791605472564697,0.0114690291991738,0.0197236537933349,0.0022886664121577,"MultiOutputWrapper(estimator=MLPClassifier(early_stopping=True, max_iter=500,
                                           random_state=42))",,,,,,,,,,,,,,,,,,0.001,"(64,)",0.01,,,0.5481165990776089,0.7937416447675675,0.6111457111820157,0.5720592121178287,0.6597254030828275,0.6369577140455697,0.0870291759696494,848.0,longitudinal,MLPClassifier,"{""model__estimator__alpha"": 0.001, ""model__estimator__hidden_layer_sizes"": [64], ""model__estimator__learning_rate_init"": 0.01}",,,,,,,,
0.1971968650817871,0.023153847624227,0.0191333293914794,0.0020207464928367,"MultiOutputWrapper(estimator=MLPClassifier(early_stopping=True, max_iter=500,
                                           random_state=42))",,,,,,,,,,,,,,,,,,0.001,"(64, 32)",0.001,,,0.4341931477550318,0.7282421406691886,0.6374398901888061,0.5679927054839129,0.4521784202073295,0.5640092608608537,0.1111204068637984,862.0,longitudinal,MLPClassifier,"{""model__estimator__alpha"": 0.001, ""model__estimator__hidden_layer_sizes"": [64, 32], ""model__estimator__learning_rate_init"": 0.001}",,,,,,,,
0.1787352561950683,0.0085278159243188,0.01632981300354,0.0027519588582752,"MultiOutputWrapper(estimator=MLPClassifier(early_stopping=True, max_iter=500,
                                           random_state=42))",,,,,,,,,,,,,,,,,,0.001,"(64, 32)",0.01,,,0.5007572213074543,0.7144424311819011,0.517479228594544,0.5707205195481866,0.5470618234153056,0.5700922448094783,0.0760831733088898,861.0,longitudinal,MLPClassifier,"{""model__estimator__alpha"": 0.001, ""model__estimator__hidden_layer_sizes"": [64, 32], ""model__estimator__learning_rate_init"": 0.01}",,,,,,,,
0.2150812149047851,0.0251060557991394,0.0206671237945556,0.0037080303953009,"MultiOutputWrapper(estimator=MLPClassifier(early_stopping=True, max_iter=500,
                                           random_state=42))",,,,,,,,,,,,,,,,,,0.001,"(128, 64)",0.001,,,0.4359902198487659,0.5442359939616801,0.5649788763442326,0.5935607287072704,0.4457824917089042,0.5169096621141707,0.0640933604754807,868.0,longitudinal,MLPClassifier,"{""model__estimator__alpha"": 0.001, ""model__estimator__hidden_layer_sizes"": [128, 64], ""model__estimator__learning_rate_init"": 0.001}",,,,,,,,
0.2034273624420166,0.0246540998454035,0.0193874835968017,0.0036252752485927,"MultiOutputWrapper(estimator=MLPClassifier(early_stopping=True, max_iter=500,
                                           random_state=42))",,,,,,,,,,,,,,,,,,0.001,"(128, 64)",0.01,,,0.6576063874217566,0.8748127504946738,0.6456068988791622,0.762861050633618,0.5726402185929124,0.7027054612044246,0.1053097845194539,831.0,longitudinal,MLPClassifier,"{""model__estimator__alpha"": 0.001, ""model__estimator__hidden_layer_sizes"": [128, 64], ""model__estimator__learning_rate_init"": 0.01}",,,,,,,,
0.2000699043273925,0.0263325063607076,0.0178408622741699,0.0037703574917369,"MultiOutputWrapper(estimator=MLPClassifier(early_stopping=True, max_iter=500,
                                           random_state=42))",,,,,,,,,,,,,,,,,,0.01,"(32,)",0.001,,,0.6284653522906394,0.5561371191550913,0.5065452084867326,0.6106881408288208,0.6253051540370856,0.585428194959674,0.0472460079125932,856.0,longitudinal,MLPClassifier,"{""model__estimator__alpha"": 0.01, ""model__estimator__hidden_layer_sizes"": [32], ""model__estimator__learning_rate_init"": 0.001}",,,,,,,,
0.174314260482788,0.0152381115710523,0.0194551467895507,0.006373639506655,"MultiOutputWrapper(estimator=MLPClassifier(early_stopping=True, max_iter=500,
                                           random_state=42))",,,,,,,,,,,,,,,,,,0.01,"(32,)",0.01,,,0.5259322574025971,0.5613877488900287,0.6346358924886598,0.7740131003554216,0.7217396700248211,0.6435417338323056,0.0935930284852266,847.0,longitudinal,MLPClassifier,"{""model__estimator__alpha"": 0.01, ""model__estimator__hidden_layer_sizes"": [32], ""model__estimator__learning_rate_init"": 0.01}",,,,,,,,
0.2107571601867675,0.0206719427608871,0.0187289714813232,0.0050623456391889,"MultiOutputWrapper(estimator=MLPClassifier(early_stopping=True, max_iter=500,
                                           random_state=42))",,,,,,,,,,,,,,,,,,0.01,"(64,)",0.001,,,0.545699324903165,0.7026603517325283,0.5503733853300244,0.7474057946742589,0.491612122729074,0.6075501958738101,0.0991381712274372,854.0,longitudinal,MLPClassifier,"{""model__estimator__alpha"": 0.01, ""model__estimator__hidden_layer_sizes"": [64], ""model__estimator__learning_rate_init"": 0.001}",,,,,,,,
0.18178391456604,0.017094317963063,0.0151421070098876,0.0022801447205802,"MultiOutputWrapper(estimator=MLPClassifier(early_stopping=True, max_iter=500,
                                           random_state=42))",,,,,,,,,,,,,,,,,,0.01,"(64,)",0.01,,,0.5482895097404331,0.7942601920640047,0.6107360781586626,0.572775172593461,0.6582968316542561,0.6368715568421635,0.0870269081218834,849.0,longitudinal,MLPClassifier,"{""model__estimator__alpha"": 0.01, ""model__estimator__hidden_layer_sizes"": [64], ""model__estimator__learning_rate_init"": 0.01}",,,,,,,,
0.2080873489379882,0.029568959254437,0.020041799545288,0.005919453417868,"MultiOutputWrapper(estimator=MLPClassifier(early_stopping=True, max_iter=500,
                                           random_state=42))",,,,,,,,,,,,,,,,,,0.01,"(64, 32)",0.001,,,0.434366058417856,0.7278057619201409,0.6371307621333188,0.5679927054839129,0.4522375529274346,0.5639065681765326,0.1108982754092792,863.0,longitudinal,MLPClassifier,"{""model__estimator__alpha"": 0.01, ""model__estimator__hidden_layer_sizes"": [64, 32], ""model__estimator__learning_rate_init"": 0.001}",,,,,,,,
0.1967649936676025,0.0167431274598966,0.0221733570098876,0.0021433436662753,"MultiOutputWrapper(estimator=MLPClassifier(early_stopping=True, max_iter=500,
                                           random_state=42))",,,,,,,,,,,,,,,,,,0.01,"(64, 32)",0.01,,,0.4998679664700727,0.7171872490537111,0.5177727894588525,0.5713485550531271,0.5465887616544647,0.5705530643380456,0.0772769632073415,859.0,longitudinal,MLPClassifier,"{""model__estimator__alpha"": 0.01, ""model__estimator__hidden_layer_sizes"": [64, 32], ""model__estimator__learning_rate_init"": 0.01}",,,,,,,,
0.2326441764831543,0.0193786676436889,0.0172343730926513,0.0027225874700999,"MultiOutputWrapper(estimator=MLPClassifier(early_stopping=True, max_iter=500,
                                           random_state=42))",,,,,,,,,,,,,,,,,,0.01,"(128, 64)",0.001,,,0.4364348472674567,0.5443398936638343,0.5651179584026471,0.5933095145052941,0.4460584444027282,0.517052131648392,0.0638895676417634,866.0,longitudinal,MLPClassifier,"{""model__estimator__alpha"": 0.01, ""model__estimator__hidden_layer_sizes"": [128, 64], ""model__estimator__learning_rate_init"": 0.001}",,,,,,,,
0.2527814388275146,0.0344467622488265,0.0159358501434326,0.0020959250737557,"MultiOutputWrapper(estimator=MLPClassifier(early_stopping=True, max_iter=500,
                                           random_state=42))",,,,,,,,,,,,,,,,,,0.01,"(128, 64)",0.01,,,0.6534565315139755,0.7966017035260808,0.6412905258301744,0.7618938759560095,0.5776073670817429,0.6861700007815966,0.080993147885193,836.0,longitudinal,MLPClassifier,"{""model__estimator__alpha"": 0.01, ""model__estimator__hidden_layer_sizes"": [128, 64], ""model__estimator__learning_rate_init"": 0.01}",,,,,,,,
0.1210750579833984,0.0043888212923524,0.0197947025299072,0.0043850182215906,MultiOutputWrapper(estimator=GaussianNB()),,,,,,,,,,,,,,,,,,,,,1e-11,,0.7917710422915454,0.8610299610498899,0.7191327029189051,0.8449135637060607,0.8288241766264104,0.8091342893185622,0.0505228201590401,652.0,longitudinal,GaussianNB,"{""model__estimator__var_smoothing"": 1e-11}",,,,,,,,
0.1261515617370605,0.0128373048939012,0.0191911697387695,0.0064936607261558,MultiOutputWrapper(estimator=GaussianNB()),,,,,,,,,,,,,,,,,,,,,1e-09,,0.7917710422915454,0.8610299610498899,0.7191327029189051,0.8449135637060607,0.8288241766264104,0.8091342893185622,0.0505228201590401,652.0,longitudinal,GaussianNB,"{""model__estimator__var_smoothing"": 1e-09}",,,,,,,,
0.1351236820220947,0.0184304468335157,0.0235577583312988,0.0063705910331911,MultiOutputWrapper(estimator=GaussianNB()),,,,,,,,,,,,,,,,,,,,,1e-07,,0.7917710422915454,0.8610403510201055,0.7191327029189051,0.8449135637060607,0.8288241766264104,0.8091363673126054,0.0505249547440508,651.0,longitudinal,GaussianNB,"{""model__estimator__var_smoothing"": 1e-07}",,,,,,,,
0.1277931690216064,0.0054902518138977,0.0194590091705322,0.0047969650605745,MultiOutputWrapper(estimator=GaussianNB()),,,,,,,,,,,,,,,,,,,,,1e-05,,0.7914917818787407,0.859182448780213,0.7191327029189051,0.8447251530545785,0.8282701854285297,0.8085604544121935,0.0500951246283033,654.0,longitudinal,GaussianNB,"{""model__estimator__var_smoothing"": 1e-05}",,,,,,,,
0.1478399276733398,0.0429100463663685,0.0191270351409912,0.0075947633954039,MultiOutputWrapper(estimator=LinearDiscriminantAnalysis(solver='lsqr')),,,,,,,,,,,,,,,,,,,,,,,0.7461986015120428,0.8005348562472399,0.7496826338323924,0.8641117251902715,0.8328712220762154,0.7986798077716324,0.046062631055049,677.0,longitudinal,LinearDiscriminantAnalysis,"{""model__estimator__shrinkage"": null}",,,,,,,,
0.1215209484100341,0.0049998025303034,0.0146815299987792,0.0057566810779273,MultiOutputWrapper(estimator=LinearDiscriminantAnalysis(solver='lsqr')),,,,,,,,,,,,,,,,,,,,,,auto,0.822611820529053,0.8580530708726937,0.7510888511640168,0.8603866837864492,0.8808139874434223,0.834590882759127,0.0457570983363142,447.0,longitudinal,LinearDiscriminantAnalysis,"{""model__estimator__shrinkage"": ""auto""}",,,,,,,,
0.1314759254455566,0.0208746510169387,0.0160977840423584,0.0027311929538156,MultiOutputWrapper(estimator=LinearDiscriminantAnalysis(solver='lsqr')),,,,,,,,,,,,,,,,,,,,,,0.1,0.7964001743505618,0.835314292223995,0.7476112883725581,0.8572788849811124,0.8637378762280207,0.8200685032312496,0.0432071718745764,578.0,longitudinal,LinearDiscriminantAnalysis,"{""model__estimator__shrinkage"": 0.1}",,,,,,,,
0.12557373046875,0.0117525135485843,0.0233932495117187,0.0038308991868166,MultiOutputWrapper(estimator=LinearDiscriminantAnalysis(solver='lsqr')),,,,,,,,,,,,,,,,,,,,,,0.5,0.7819421670331216,0.8170525661363519,0.7127277127819138,0.8547328755652319,0.8286806207371253,0.7990271884507489,0.0490853569234749,675.0,longitudinal,LinearDiscriminantAnalysis,"{""model__estimator__shrinkage"": 0.5}",,,,,,,,
8.384529495239258,0.0646831194154001,0.0318711280822753,0.0027045832254459,"MultiOutputWrapper(estimator=RandomSurvivalForest(n_jobs=1, random_state=42))",,,,,,sqrt,5.0,200.0,,,,,,,,,,,,,,,0.779243502362718,0.8335665445555851,0.6882432481569355,0.7748670425575466,0.7861828629831257,0.7724206401231821,0.0470459138696507,759.0,longitudinal,RandomSurvivalForest,"{""model__estimator__max_depth"": null, ""model__estimator__max_features"": ""sqrt"", ""model__estimator__min_samples_leaf"": 5, ""model__estimator__n_estimators"": 200}",,,,,,,,
20.4218647480011,0.2065279699875229,0.0461654186248779,0.0022313210293195,"MultiOutputWrapper(estimator=RandomSurvivalForest(n_jobs=1, random_state=42))",,,,,,sqrt,5.0,500.0,,,,,,,,,,,,,,,0.777137733781277,0.8343750598037201,0.6987383757397255,0.777686410242096,0.7905111277975929,0.7756897414728823,0.0437977993426045,741.0,longitudinal,RandomSurvivalForest,"{""model__estimator__max_depth"": null, ""model__estimator__max_features"": ""sqrt"", ""model__estimator__min_samples_leaf"": 5, ""model__estimator__n_estimators"": 500}",,,,,,,,
6.918750762939453,0.0390721746192154,0.0306355953216552,0.0040502584061944,"MultiOutputWrapper(estimator=RandomSurvivalForest(n_jobs=1, random_state=42))",,,,,,sqrt,10.0,200.0,,,,,,,,,,,,,,,0.7749497235263684,0.8301586710186556,0.7066371344550801,0.7817129086882897,0.8009240139332123,0.7788764903243213,0.0408850697861084,726.0,longitudinal,RandomSurvivalForest,"{""model__estimator__max_depth"": null, ""model__estimator__max_features"": ""sqrt"", ""model__estimator__min_samples_leaf"": 10, ""model__estimator__n_estimators"": 200}",,,,,,,,
16.956484222412108,0.0822498498426118,0.0473124027252197,0.0072257609395162,"MultiOutputWrapper(estimator=RandomSurvivalForest(n_jobs=1, random_state=42))",,,,,,sqrt,10.0,500.0,,,,,,,,,,,,,,,0.7653814309210312,0.8353706312094608,0.7073091939603843,0.7852163233405907,0.8041348059153578,0.7794824770693649,0.0428297148741073,724.0,longitudinal,RandomSurvivalForest,"{""model__estimator__max_depth"": null, ""model__estimator__max_features"": ""sqrt"", ""model__estimator__min_samples_leaf"": 10, ""model__estimator__n_estimators"": 500}",,,,,,,,
5.399910831451416,0.1206558707062265,0.0272229671478271,0.0013714043883613,"MultiOutputWrapper(estimator=RandomSurvivalForest(n_jobs=1, random_state=42))",,,,,,sqrt,20.0,200.0,,,,,,,,,,,,,,,0.7473179574195447,0.8207058106324763,0.7044358540820129,0.7783310072759076,0.7978030160815969,0.7697187290983076,0.04056163048088,770.0,longitudinal,RandomSurvivalForest,"{""model__estimator__max_depth"": null, ""model__estimator__max_features"": ""sqrt"", ""model__estimator__min_samples_leaf"": 20, ""model__estimator__n_estimators"": 200}",,,,,,,,
13.326480436325074,0.1864303247878647,0.0448580265045166,0.0032975091333317,"MultiOutputWrapper(estimator=RandomSurvivalForest(n_jobs=1, random_state=42))",,,,,,sqrt,20.0,500.0,,,,,,,,,,,,,,,0.7479951787567642,0.8258497237159862,0.6979436535856809,0.7773328495133888,0.7916770957178315,0.7681597002579303,0.0431329444872984,774.0,longitudinal,RandomSurvivalForest,"{""model__estimator__max_depth"": null, ""model__estimator__max_features"": ""sqrt"", ""model__estimator__min_samples_leaf"": 20, ""model__estimator__n_estimators"": 500}",,,,,,,,
45.695112228393555,0.5582646109479136,0.028558349609375,0.0052867712774868,"MultiOutputWrapper(estimator=RandomSurvivalForest(n_jobs=1, random_state=42))",,,,,,0.5,5.0,200.0,,,,,,,,,,,,,,,0.7863029979106582,0.8492326438243128,0.7325861081567535,0.7863966579206907,0.8033264501595644,0.7915689715943959,0.0374080175473929,692.0,longitudinal,RandomSurvivalForest,"{""model__estimator__max_depth"": null, ""model__estimator__max_features"": 0.5, ""model__estimator__min_samples_leaf"": 5, ""model__estimator__n_estimators"": 200}",,,,,,,,
116.64853196144104,4.269780690391473,0.0425794601440429,0.0072882053040767,"MultiOutputWrapper(estimator=RandomSurvivalForest(n_jobs=1, random_state=42))",,,,,,0.5,5.0,500.0,,,,,,,,,,,,,,,0.7850322740153852,0.850806212011054,0.7333277086912651,0.7803902193937364,0.8057863504578353,0.7910685529138552,0.0381304865959068,694.0,longitudinal,RandomSurvivalForest,"{""model__estimator__max_depth"": null, ""model__estimator__max_features"": 0.5, ""model__estimator__min_samples_leaf"": 5, ""model__estimator__n_estimators"": 500}",,,,,,,,
36.49813275337219,0.3185753687791262,0.0284634590148925,0.0021132537833163,"MultiOutputWrapper(estimator=RandomSurvivalForest(n_jobs=1, random_state=42))",,,,,,0.5,10.0,200.0,,,,,,,,,,,,,,,0.7468822782104398,0.8412191965326797,0.7395419155144672,0.7875293548447124,0.8185768516780343,0.7867499193560666,0.0394930063025739,702.0,longitudinal,RandomSurvivalForest,"{""model__estimator__max_depth"": null, ""model__estimator__max_features"": 0.5, ""model__estimator__min_samples_leaf"": 10, ""model__estimator__n_estimators"": 200}",,,,,,,,
100.816619348526,1.4243036364265649,0.0517468929290771,0.0111999843496469,"MultiOutputWrapper(estimator=RandomSurvivalForest(n_jobs=1, random_state=42))",,,,,,0.5,10.0,500.0,,,,,,,,,,,,,,,0.7491657645593974,0.8393603430784536,0.7351992373212614,0.7852501907367089,0.8156097866216131,0.7849170644634869,0.0391311705255876,705.0,longitudinal,RandomSurvivalForest,"{""model__estimator__max_depth"": null, ""model__estimator__max_features"": 0.5, ""model__estimator__min_samples_leaf"": 10, ""model__estimator__n_estimators"": 500}",,,,,,,,
32.82073683738709,0.652690472250973,0.0602044582366943,0.0230557536774302,"MultiOutputWrapper(estimator=RandomSurvivalForest(n_jobs=1, random_state=42))",,,,,,0.5,20.0,200.0,,,,,,,,,,,,,,,0.7546357474089723,0.8246539993143354,0.7189240798312834,0.798309235378403,0.8048418955843397,0.7802729915034667,0.0382611245085184,721.0,longitudinal,RandomSurvivalForest,"{""model__estimator__max_depth"": null, ""model__estimator__max_features"": 0.5, ""model__estimator__min_samples_leaf"": 20, ""model__estimator__n_estimators"": 200}",,,,,,,,
76.28140640258789,1.5826276328067883,0.0494765758514404,0.0072624716345923,"MultiOutputWrapper(estimator=RandomSurvivalForest(n_jobs=1, random_state=42))",,,,,,0.5,20.0,500.0,,,,,,,,,,,,,,,0.748878960489655,0.8189811122704447,0.7102987764414992,0.8009469844991532,0.8049550507894792,0.7768121768980463,0.0408828238223928,732.0,longitudinal,RandomSurvivalForest,"{""model__estimator__max_depth"": null, ""model__estimator__max_features"": 0.5, ""model__estimator__min_samples_leaf"": 20, ""model__estimator__n_estimators"": 500}",,,,,,,,
6.287620592117309,0.1721405535732076,0.031110143661499,0.0163194019014021,"MultiOutputWrapper(estimator=RandomSurvivalForest(n_jobs=1, random_state=42))",,,,,5.0,sqrt,5.0,200.0,,,,,,,,,,,,,,,0.7577259567096409,0.8407110392064581,0.6934759265319479,0.770722194309533,0.7980926308324467,0.7721455495180053,0.0485249164502783,761.0,longitudinal,RandomSurvivalForest,"{""model__estimator__max_depth"": 5, ""model__estimator__max_features"": ""sqrt"", ""model__estimator__min_samples_leaf"": 5, ""model__estimator__n_estimators"": 200}",,,,,,,,
15.719003772735595,0.1343464322984923,0.0504905700683593,0.0160181996898483,"MultiOutputWrapper(estimator=RandomSurvivalForest(n_jobs=1, random_state=42))",,,,,5.0,sqrt,5.0,500.0,,,,,,,,,,,,,,,0.765045078698666,0.8412286719822895,0.6931602079867645,0.7758183070023632,0.7958870950920884,0.7742278721524343,0.0482017602751066,750.0,longitudinal,RandomSurvivalForest,"{""model__estimator__max_depth"": 5, ""model__estimator__max_features"": ""sqrt"", ""model__estimator__min_samples_leaf"": 5, ""model__estimator__n_estimators"": 500}",,,,,,,,
6.070718765258789,0.1482680066042709,0.0314008235931396,0.0124810700728138,"MultiOutputWrapper(estimator=RandomSurvivalForest(n_jobs=1, random_state=42))",,,,,5.0,sqrt,10.0,200.0,,,,,,,,,,,,,,,0.7676286035379472,0.8316812772623813,0.7076587739871099,0.7833469175086993,0.8037997205014288,0.7788230585595134,0.0415402490313309,727.0,longitudinal,RandomSurvivalForest,"{""model__estimator__max_depth"": 5, ""model__estimator__max_features"": ""sqrt"", ""model__estimator__min_samples_leaf"": 10, ""model__estimator__n_estimators"": 200}",,,,,,,,
15.004590272903442,0.103688094109941,0.0477125644683837,0.009401612954225,"MultiOutputWrapper(estimator=RandomSurvivalForest(n_jobs=1, random_state=42))",,,,,5.0,sqrt,10.0,500.0,,,,,,,,,,,,,,,0.7589159160371449,0.838464939904988,0.7058953634768697,0.7765321275051639,0.8013191706818513,0.7762255035212035,0.0441576358260538,736.0,longitudinal,RandomSurvivalForest,"{""model__estimator__max_depth"": 5, ""model__estimator__max_features"": ""sqrt"", ""model__estimator__min_samples_leaf"": 10, ""model__estimator__n_estimators"": 500}",,,,,,,,
5.50327582359314,0.1097962349136794,0.0339886665344238,0.0126543297939161,"MultiOutputWrapper(estimator=RandomSurvivalForest(n_jobs=1, random_state=42))",,,,,5.0,sqrt,20.0,200.0,,,,,,,,,,,,,,,0.7474023421985099,0.8173753495712677,0.6935392179588571,0.7786415824633878,0.7982368646100578,0.767039071360416,0.0434269295573402,777.0,longitudinal,RandomSurvivalForest,"{""model__estimator__max_depth"": 5, ""model__estimator__max_features"": ""sqrt"", ""model__estimator__min_samples_leaf"": 20, ""model__estimator__n_estimators"": 200}",,,,,,,,
13.457456827163696,0.2516077691977108,0.0443862438201904,0.0096163965374316,"MultiOutputWrapper(estimator=RandomSurvivalForest(n_jobs=1, random_state=42))",,,,,5.0,sqrt,20.0,500.0,,,,,,,,,,,,,,,0.7475155696056295,0.834307086083881,0.6924563323243065,0.7799821358789706,0.7885337796967231,0.7685589807179023,0.0470887092009398,772.0,longitudinal,RandomSurvivalForest,"{""model__estimator__max_depth"": 5, ""model__estimator__max_features"": ""sqrt"", ""model__estimator__min_samples_leaf"": 20, ""model__estimator__n_estimators"": 500}",,,,,,,,
30.749829912185668,0.4880657333967292,0.0289023399353027,0.0049892022899934,"MultiOutputWrapper(estimator=RandomSurvivalForest(n_jobs=1, random_state=42))",,,,,5.0,0.5,5.0,200.0,,,,,,,,,,,,,,,0.7743588849675102,0.8519284021817751,0.7382267151181288,0.8006734401458904,0.809167135973969,0.7948709156774547,0.0377436533261284,684.0,longitudinal,RandomSurvivalForest,"{""model__estimator__max_depth"": 5, ""model__estimator__max_features"": 0.5, ""model__estimator__min_samples_leaf"": 5, ""model__estimator__n_estimators"": 200}",,,,,,,,
77.03991355895997,1.18213946892453,0.0478978157043457,0.0138817589706466,"MultiOutputWrapper(estimator=RandomSurvivalForest(n_jobs=1, random_state=42))",,,,,5.0,0.5,5.0,500.0,,,,,,,,,,,,,,,0.7769429307004885,0.8474324354152282,0.7355289890643322,0.7996412289026591,0.8122473562355297,0.7943585880636476,0.0372262660857933,688.0,longitudinal,RandomSurvivalForest,"{""model__estimator__max_depth"": 5, ""model__estimator__max_features"": 0.5, ""model__estimator__min_samples_leaf"": 5, ""model__estimator__n_estimators"": 500}",,,,,,,,
29.476532220840458,0.5052594721529118,0.0325603485107421,0.0071165711800735,"MultiOutputWrapper(estimator=RandomSurvivalForest(n_jobs=1, random_state=42))",,,,,5.0,0.5,10.0,200.0,,,,,,,,,,,,,,,0.7455182213266157,0.8460250700582059,0.7452057028189115,0.7945324624574331,0.8225552218259182,0.7907673356974169,0.0405003897083043,696.0,longitudinal,RandomSurvivalForest,"{""model__estimator__max_depth"": 5, ""model__estimator__max_features"": 0.5, ""model__estimator__min_samples_leaf"": 10, ""model__estimator__n_estimators"": 200}",,,,,,,,
73.59893374443054,0.9117114433959406,0.0380369186401367,0.006769126540261,"MultiOutputWrapper(estimator=RandomSurvivalForest(n_jobs=1, random_state=42))",,,,,5.0,0.5,10.0,500.0,,,,,,,,,,,,,,,0.7548779555368861,0.8430289904725582,0.7374162553292063,0.7932683898100076,0.8151947103852492,0.7887572603067815,0.0385964139138135,699.0,longitudinal,RandomSurvivalForest,"{""model__estimator__max_depth"": 5, ""model__estimator__max_features"": 0.5, ""model__estimator__min_samples_leaf"": 10, ""model__estimator__n_estimators"": 500}",,,,,,,,
26.376515483856203,0.4852262954681026,0.0338921546936035,0.0066027589349456,"MultiOutputWrapper(estimator=RandomSurvivalForest(n_jobs=1, random_state=42))",,,,,5.0,0.5,20.0,200.0,,,,,,,,,,,,,,,0.7498457950019133,0.8245293563654783,0.7234900960847945,0.8050315413386926,0.8035326325010951,0.7812858842583947,0.0380988300620596,716.0,longitudinal,RandomSurvivalForest,"{""model__estimator__max_depth"": 5, ""model__estimator__max_features"": 0.5, ""model__estimator__min_samples_leaf"": 20, ""model__estimator__n_estimators"": 200}",,,,,,,,
65.5467839717865,0.6738534851860147,0.0393670558929443,0.005033619498919,"MultiOutputWrapper(estimator=RandomSurvivalForest(n_jobs=1, random_state=42))",,,,,5.0,0.5,20.0,500.0,,,,,,,,,,,,,,,0.7485667888968531,0.8215068262471252,0.7130337160362522,0.8062476041608515,0.8043553803474959,0.7787420631377155,0.0411571520481818,728.0,longitudinal,RandomSurvivalForest,"{""model__estimator__max_depth"": 5, ""model__estimator__max_features"": 0.5, ""model__estimator__min_samples_leaf"": 20, ""model__estimator__n_estimators"": 500}",,,,,,,,
8.863739728927612,0.2382480738497314,0.0323126316070556,0.005951914833423,"MultiOutputWrapper(estimator=RandomSurvivalForest(n_jobs=1, random_state=42))",,,,,10.0,sqrt,5.0,200.0,,,,,,,,,,,,,,,0.7798411460256647,0.8361791831513239,0.6899125737453071,0.7797325964383408,0.7843465156540057,0.7740024030029284,0.047140169871626,752.0,longitudinal,RandomSurvivalForest,"{""model__estimator__max_depth"": 10, ""model__estimator__max_features"": ""sqrt"", ""model__estimator__min_samples_leaf"": 5, ""model__estimator__n_estimators"": 200}",,,,,,,,
22.38773684501648,0.5012323187598924,0.0485410690307617,0.0102301683960264,"MultiOutputWrapper(estimator=RandomSurvivalForest(n_jobs=1, random_state=42))",,,,,10.0,sqrt,5.0,500.0,,,,,,,,,,,,,,,0.7760604809671954,0.8400574222972204,0.7002215768087484,0.7782744375593145,0.7949669399078071,0.7779161715080571,0.0451492762734916,731.0,longitudinal,RandomSurvivalForest,"{""model__estimator__max_depth"": 10, ""model__estimator__max_features"": ""sqrt"", ""model__estimator__min_samples_leaf"": 5, ""model__estimator__n_estimators"": 500}",,,,,,,,
7.920388174057007,0.1649589187354607,0.0362768650054931,0.0131687742334541,"MultiOutputWrapper(estimator=RandomSurvivalForest(n_jobs=1, random_state=42))",,,,,10.0,sqrt,10.0,200.0,,,,,,,,,,,,,,,0.773718788468232,0.8367477411764427,0.7100373726217422,0.784275293548447,0.79939167344555,0.7808341738520828,0.0413409358396034,717.0,longitudinal,RandomSurvivalForest,"{""model__estimator__max_depth"": 10, ""model__estimator__max_features"": ""sqrt"", ""model__estimator__min_samples_leaf"": 10, ""model__estimator__n_estimators"": 200}",,,,,,,,
19.32805700302124,0.2122715101037439,0.0430600643157959,0.0097800070268125,"MultiOutputWrapper(estimator=RandomSurvivalForest(n_jobs=1, random_state=42))",,,,,10.0,sqrt,10.0,500.0,,,,,,,,,,,,,,,0.7652133273628994,0.8382174463547575,0.7082367485705454,0.7842708275181897,0.8062304194564378,0.780433753852566,0.0435045173838319,719.0,longitudinal,RandomSurvivalForest,"{""model__estimator__max_depth"": 10, ""model__estimator__max_features"": ""sqrt"", ""model__estimator__min_samples_leaf"": 10, ""model__estimator__n_estimators"": 500}",,,,,,,,
6.229842567443848,0.118913361127524,0.0342930316925048,0.009920355775773,"MultiOutputWrapper(estimator=RandomSurvivalForest(n_jobs=1, random_state=42))",,,,,10.0,sqrt,20.0,200.0,,,,,,,,,,,,,,,0.7476637787451931,0.8200616324791202,0.7046444771696346,0.7786827071586744,0.7976650397346849,0.7697435270574615,0.0402910241272726,769.0,longitudinal,RandomSurvivalForest,"{""model__estimator__max_depth"": 10, ""model__estimator__max_features"": ""sqrt"", ""model__estimator__min_samples_leaf"": 20, ""model__estimator__n_estimators"": 200}",,,,,,,,
15.146301221847532,0.164362286595093,0.0584285736083984,0.0064711794513053,"MultiOutputWrapper(estimator=RandomSurvivalForest(n_jobs=1, random_state=42))",,,,,10.0,sqrt,20.0,500.0,,,,,,,,,,,,,,,0.7485139107452369,0.8257042641329704,0.6974568663812303,0.7778352779173412,0.7921698683853742,0.7683360375124305,0.0432808828416349,773.0,longitudinal,RandomSurvivalForest,"{""model__estimator__max_depth"": 10, ""model__estimator__max_features"": ""sqrt"", ""model__estimator__min_samples_leaf"": 20, ""model__estimator__n_estimators"": 500}",,,,,,,,
49.10510730743408,0.5603073434561048,0.0325212001800537,0.0029650640167092,"MultiOutputWrapper(estimator=RandomSurvivalForest(n_jobs=1, random_state=42))",,,,,10.0,0.5,5.0,200.0,,,,,,,,,,,,,,,0.78603889736478,0.8484014462070794,0.7366885175488831,0.7876731982359181,0.8069574286131447,0.7931518975939611,0.0360883070085201,689.0,longitudinal,RandomSurvivalForest,"{""model__estimator__max_depth"": 10, ""model__estimator__max_features"": 0.5, ""model__estimator__min_samples_leaf"": 5, ""model__estimator__n_estimators"": 200}",,,,,,,,
115.17152156829836,1.5282888128006809,0.0519128799438476,0.0042158671426787,"MultiOutputWrapper(estimator=RandomSurvivalForest(n_jobs=1, random_state=42))",,,,,10.0,0.5,5.0,500.0,,,,,,,,,,,,,,,0.787477058818386,0.8503245052175376,0.7387674761606079,0.7842553824968831,0.8116768871368082,0.7945002619660445,0.0365289171432288,687.0,longitudinal,RandomSurvivalForest,"{""model__estimator__max_depth"": 10, ""model__estimator__max_features"": 0.5, ""model__estimator__min_samples_leaf"": 5, ""model__estimator__n_estimators"": 500}",,,,,,,,
37.198747110366824,0.5764135722296333,0.0281605720520019,0.0061315431306849,"MultiOutputWrapper(estimator=RandomSurvivalForest(n_jobs=1, random_state=42))",,,,,10.0,0.5,10.0,200.0,,,,,,,,,,,,,,,0.7493826051642517,0.8407941589681813,0.744572049960457,0.7879633041180519,0.8188154683686878,0.7883055173159259,0.0377190694023922,701.0,longitudinal,RandomSurvivalForest,"{""model__estimator__max_depth"": 10, ""model__estimator__max_features"": 0.5, ""model__estimator__min_samples_leaf"": 10, ""model__estimator__n_estimators"": 200}",,,,,,,,
413.7018857955933,243.48064990131624,0.1401774406433105,0.0879587175626855,"MultiOutputWrapper(estimator=RandomSurvivalForest(n_jobs=1, random_state=42))",,,,,10.0,0.5,10.0,500.0,,,,,,,,,,,,,,,0.7506478559550335,0.8398798415892246,0.7392557973583499,0.7862048047042185,0.8156077008113801,0.7863192000836413,0.0379841555064627,703.0,longitudinal,RandomSurvivalForest,"{""model__estimator__max_depth"": 10, ""model__estimator__max_features"": 0.5, ""model__estimator__min_samples_leaf"": 10, ""model__estimator__n_estimators"": 500}",,,,,,,,
28.124704027175905,0.6736666886360657,0.0320213794708251,0.0027611323628211,"MultiOutputWrapper(estimator=RandomSurvivalForest(n_jobs=1, random_state=42))",,,,,10.0,0.5,20.0,200.0,,,,,,,,,,,,,,,0.7540923138972391,0.8243630801483036,0.7186690960575235,0.7992387279257149,0.804822184677638,0.7802370805412838,0.0384363352215074,722.0,longitudinal,RandomSurvivalForest,"{""model__estimator__max_depth"": 10, ""model__estimator__max_features"": 0.5, ""model__estimator__min_samples_leaf"": 20, ""model__estimator__n_estimators"": 200}",,,,,,,,
607.913879776001,4.887879918887352,0.0398734092712402,0.001759747517478,"MultiOutputWrapper(estimator=RandomSurvivalForest(n_jobs=1, random_state=42))",,,,,10.0,0.5,20.0,500.0,,,,,,,,,,,,,,,0.7487307513500914,0.8189187724491522,0.7106696619306043,0.8008464988183628,0.804836785349269,0.7768004939794959,0.0407416022328254,733.0,longitudinal,RandomSurvivalForest,"{""model__estimator__max_depth"": 10, ""model__estimator__max_features"": 0.5, ""model__estimator__min_samples_leaf"": 20, ""model__estimator__n_estimators"": 500}",,,,,,,,
1.5210530757904053,0.7911987294916049,197.44254274368285,241.71984697353784,"MultiOutputWrapper(estimator=ExtraSurvivalTrees(n_jobs=1, random_state=42))",,,,,,sqrt,5.0,200.0,,,,,,,,,,,,,,,0.7460792610453182,0.8252451663210963,0.6669726699210049,0.7613507880682557,0.7725635650668502,0.754442290084505,0.0512055269302222,791.0,longitudinal,ExtraSurvivalTrees,"{""model__estimator__max_depth"": null, ""model__estimator__max_features"": ""sqrt"", ""model__estimator__min_samples_leaf"": 5, ""model__estimator__n_estimators"": 200}",,,,,,,,
0.9429514884948732,0.0691254203186239,0.0537495613098144,0.0065275574476171,"MultiOutputWrapper(estimator=ExtraSurvivalTrees(n_jobs=1, random_state=42))",,,,,,sqrt,5.0,500.0,,,,,,,,,,,,,,,0.7430958498352767,0.8289193742262915,0.6887818502458933,0.7545931260350955,0.7775464614229397,0.7585873323530994,0.0456832348593432,786.0,longitudinal,ExtraSurvivalTrees,"{""model__estimator__max_depth"": null, ""model__estimator__max_features"": ""sqrt"", ""model__estimator__min_samples_leaf"": 5, ""model__estimator__n_estimators"": 500}",,,,,,,,
0.3952045917510986,0.0538512315852901,0.0349884986877441,0.0071740654315744,"MultiOutputWrapper(estimator=ExtraSurvivalTrees(n_jobs=1, random_state=42))",,,,,,sqrt,10.0,200.0,,,,,,,,,,,,,,,0.7185947478660566,0.8265126326061935,0.6942084367358441,0.7461979195742383,0.7727627599441003,0.7516552993452865,0.0457647688022333,795.0,longitudinal,ExtraSurvivalTrees,"{""model__estimator__max_depth"": null, ""model__estimator__max_features"": ""sqrt"", ""model__estimator__min_samples_leaf"": 10, ""model__estimator__n_estimators"": 200}",,,,,,,,
0.9270882129669188,0.0522374019874998,0.0574880123138427,0.0026661718753006,"MultiOutputWrapper(estimator=ExtraSurvivalTrees(n_jobs=1, random_state=42))",,,,,,sqrt,10.0,500.0,,,,,,,,,,,,,,,0.7262432718672569,0.830305922949155,0.6958322538565728,0.7407556895364633,0.7677146820182299,0.7521703640455357,0.0454384923804695,794.0,longitudinal,ExtraSurvivalTrees,"{""model__estimator__max_depth"": null, ""model__estimator__max_features"": ""sqrt"", ""model__estimator__min_samples_leaf"": 10, ""model__estimator__n_estimators"": 500}",,,,,,,,
0.4657530307769775,0.0373285150238475,0.0393213748931884,0.0035039661665792,"MultiOutputWrapper(estimator=ExtraSurvivalTrees(n_jobs=1, random_state=42))",,,,,,sqrt,20.0,200.0,,,,,,,,,,,,,,,0.7003500814919585,0.8184878074362831,0.6665820129628114,0.7189821172705111,0.749459149406587,0.7307722337136302,0.0514356322468958,814.0,longitudinal,ExtraSurvivalTrees,"{""model__estimator__max_depth"": null, ""model__estimator__max_features"": ""sqrt"", ""model__estimator__min_samples_leaf"": 20, ""model__estimator__n_estimators"": 200}",,,,,,,,
0.9410751342773438,0.0717724587530552,0.0899195671081543,0.0158706739577802,"MultiOutputWrapper(estimator=ExtraSurvivalTrees(n_jobs=1, random_state=42))",,,,,,sqrt,20.0,500.0,,,,,,,,,,,,,,,0.693911266130729,0.8193341144016728,0.6727273605316025,0.7099110515640409,0.7481262123771979,0.7288020010010486,0.0515520811535164,815.0,longitudinal,ExtraSurvivalTrees,"{""model__estimator__max_depth"": null, ""model__estimator__max_features"": ""sqrt"", ""model__estimator__min_samples_leaf"": 20, ""model__estimator__n_estimators"": 500}",,,,,,,,
1.3802778720855713,0.0788114413987124,0.0521697998046875,0.0072143712561474,"MultiOutputWrapper(estimator=ExtraSurvivalTrees(n_jobs=1, random_state=42))",,,,,,0.5,5.0,200.0,,,,,,,,,,,,,,,0.7539631880703437,0.8277802089724745,0.7349381743889025,0.7738988444146708,0.8027986358801075,0.7786758103452998,0.0332856322715391,729.0,longitudinal,ExtraSurvivalTrees,"{""model__estimator__max_depth"": null, ""model__estimator__max_features"": 0.5, ""model__estimator__min_samples_leaf"": 5, ""model__estimator__n_estimators"": 200}",,,,,,,,
3.057068395614624,0.0679244388655556,0.0989380836486816,0.006626114185044,"MultiOutputWrapper(estimator=ExtraSurvivalTrees(n_jobs=1, random_state=42))",,,,,,0.5,5.0,500.0,,,,,,,,,,,,,,,0.7621035994312584,0.8344392286662241,0.7301614897233812,0.779779489756043,0.8079505871555805,0.7828868789464974,0.0360760349110976,714.0,longitudinal,ExtraSurvivalTrees,"{""model__estimator__max_depth"": null, ""model__estimator__max_features"": 0.5, ""model__estimator__min_samples_leaf"": 5, ""model__estimator__n_estimators"": 500}",,,,,,,,
1.3331138134002685,0.0683368559959781,0.0695877075195312,0.0051061872630131,"MultiOutputWrapper(estimator=ExtraSurvivalTrees(n_jobs=1, random_state=42))",,,,,,0.5,10.0,200.0,,,,,,,,,,,,,,,0.7420502487546454,0.8318947105652365,0.699722972174498,0.7743685219300693,0.7995440418830695,0.7695160990615038,0.0456985076882575,771.0,longitudinal,ExtraSurvivalTrees,"{""model__estimator__max_depth"": null, ""model__estimator__max_features"": 0.5, ""model__estimator__min_samples_leaf"": 10, ""model__estimator__n_estimators"": 200}",,,,,,,,
3.0756906509399413,0.0313275627257675,0.1156156063079834,0.0096992862110882,"MultiOutputWrapper(estimator=ExtraSurvivalTrees(n_jobs=1, random_state=42))",,,,,,0.5,10.0,500.0,,,,,,,,,,,,,,,0.7443975594642013,0.8309445038976924,0.7052640968302016,0.7754167364483894,0.7980065911603362,0.7708058975601642,0.0432918410412876,766.0,longitudinal,ExtraSurvivalTrees,"{""model__estimator__max_depth"": null, ""model__estimator__max_features"": 0.5, ""model__estimator__min_samples_leaf"": 10, ""model__estimator__n_estimators"": 500}",,,,,,,,
1.4511570930480957,0.1876603495003983,0.0870825767517089,0.0048605483365067,"MultiOutputWrapper(estimator=ExtraSurvivalTrees(n_jobs=1, random_state=42))",,,,,,0.5,20.0,200.0,,,,,,,,,,,,,,,0.7253912869739183,0.8275176794615438,0.6995852536656757,0.7604214816055379,0.78258504891225,0.7591001501237851,0.0445253973905862,784.0,longitudinal,ExtraSurvivalTrees,"{""model__estimator__max_depth"": null, ""model__estimator__max_features"": 0.5, ""model__estimator__min_samples_leaf"": 20, ""model__estimator__n_estimators"": 200}",,,,,,,,
3.5063143730163575,0.1807112409203221,0.1410524368286133,0.0171773737403572,"MultiOutputWrapper(estimator=ExtraSurvivalTrees(n_jobs=1, random_state=42))",,,,,,0.5,20.0,500.0,,,,,,,,,,,,,,,0.7363146882534937,0.8289250448185661,0.7044927254629251,0.7620794953385809,0.7841630686440147,0.7631950045035161,0.0422607412158751,780.0,longitudinal,ExtraSurvivalTrees,"{""model__estimator__max_depth"": null, ""model__estimator__max_features"": 0.5, ""model__estimator__min_samples_leaf"": 20, ""model__estimator__n_estimators"": 500}",,,,,,,,
1.0150899410247802,0.0576776403256678,0.1034200668334961,0.0354793378982399,"MultiOutputWrapper(estimator=ExtraSurvivalTrees(n_jobs=1, random_state=42))",,,,,5.0,sqrt,5.0,200.0,,,,,,,,,,,,,,,0.7336386415315613,0.8365625140600486,0.6851271396365686,0.7320588399486405,0.7835158417287195,0.7541805953811077,0.0516276299768496,792.0,longitudinal,ExtraSurvivalTrees,"{""model__estimator__max_depth"": 5, ""model__estimator__max_features"": ""sqrt"", ""model__estimator__min_samples_leaf"": 5, ""model__estimator__n_estimators"": 200}",,,,,,,,
2.0270580291748046,0.0565704798696796,0.1258746147155761,0.0379065061038807,"MultiOutputWrapper(estimator=ExtraSurvivalTrees(n_jobs=1, random_state=42))",,,,,5.0,sqrt,5.0,500.0,,,,,,,,,,,,,,,0.7245753256004184,0.8359466888680656,0.6863186547219723,0.7293892703623066,0.7737297415681121,0.7499919362241749,0.0511399327690079,799.0,longitudinal,ExtraSurvivalTrees,"{""model__estimator__max_depth"": 5, ""model__estimator__max_features"": ""sqrt"", ""model__estimator__min_samples_leaf"": 5, ""model__estimator__n_estimators"": 500}",,,,,,,,
0.8623689651489258,0.0760623540393353,0.0887913703918457,0.0187473051672037,"MultiOutputWrapper(estimator=ExtraSurvivalTrees(n_jobs=1, random_state=42))",,,,,5.0,sqrt,10.0,200.0,,,,,,,,,,,,,,,0.7156086726568202,0.8292253293530234,0.6751507858590816,0.7256234764323861,0.7570912333395907,0.7405398995281804,0.0514953474633741,804.0,longitudinal,ExtraSurvivalTrees,"{""model__estimator__max_depth"": 5, ""model__estimator__max_features"": ""sqrt"", ""model__estimator__min_samples_leaf"": 10, ""model__estimator__n_estimators"": 200}",,,,,,,,
1.6776937961578369,0.0644466047213351,0.1320160388946533,0.0201171292290739,"MultiOutputWrapper(estimator=ExtraSurvivalTrees(n_jobs=1, random_state=42))",,,,,5.0,sqrt,10.0,500.0,,,,,,,,,,,,,,,0.7095102055167478,0.8243174952477388,0.6728344559891642,0.7210696142466365,0.7576442859228667,0.7370752113846308,0.0513365099379203,805.0,longitudinal,ExtraSurvivalTrees,"{""model__estimator__max_depth"": 5, ""model__estimator__max_features"": ""sqrt"", ""model__estimator__min_samples_leaf"": 10, ""model__estimator__n_estimators"": 500}",,,,,,,,
0.944493007659912,0.0485408653563015,0.1373950958251953,0.061345341055643,"MultiOutputWrapper(estimator=ExtraSurvivalTrees(n_jobs=1, random_state=42))",,,,,5.0,sqrt,20.0,200.0,,,,,,,,,,,,,,,0.6984755748294491,0.8140937645557668,0.6721079113147345,0.7158453823107985,0.7410808668627328,0.7283206999746963,0.0484274366889662,817.0,longitudinal,ExtraSurvivalTrees,"{""model__estimator__max_depth"": 5, ""model__estimator__max_features"": ""sqrt"", ""model__estimator__min_samples_leaf"": 20, ""model__estimator__n_estimators"": 200}",,,,,,,,
1.758540439605713,0.0725680540131076,0.1380395889282226,0.027497066300509,"MultiOutputWrapper(estimator=ExtraSurvivalTrees(n_jobs=1, random_state=42))",,,,,5.0,sqrt,20.0,500.0,,,,,,,,,,,,,,,0.6862511299207479,0.8155049347701241,0.6662050483151072,0.7019064366661084,0.7405435621467158,0.7220822223637606,0.0526911991774426,822.0,longitudinal,ExtraSurvivalTrees,"{""model__estimator__max_depth"": 5, ""model__estimator__max_features"": ""sqrt"", ""model__estimator__min_samples_leaf"": 20, ""model__estimator__n_estimators"": 500}",,,,,,,,
1.3969663619995116,0.0954043370065618,0.0769513607025146,0.008793645399829,"MultiOutputWrapper(estimator=ExtraSurvivalTrees(n_jobs=1, random_state=42))",,,,,5.0,0.5,5.0,200.0,,,,,,,,,,,,,,,0.7458178244986352,0.8427738505139295,0.6912054460170716,0.7674848806267329,0.7903469745322571,0.7675257952377252,0.0499582013687862,776.0,longitudinal,ExtraSurvivalTrees,"{""model__estimator__max_depth"": 5, ""model__estimator__max_features"": 0.5, ""model__estimator__min_samples_leaf"": 5, ""model__estimator__n_estimators"": 200}",,,,,,,,
3.036608934402466,0.2086639781526138,0.1277748107910156,0.0123930956283305,"MultiOutputWrapper(estimator=ExtraSurvivalTrees(n_jobs=1, random_state=42))",,,,,5.0,0.5,5.0,500.0,,,,,,,,,,,,,,,0.7495134387783404,0.8466540287822215,0.706630714409083,0.7673546214108934,0.7999454560624074,0.7740196518885891,0.0471892912336596,751.0,longitudinal,ExtraSurvivalTrees,"{""model__estimator__max_depth"": 5, ""model__estimator__max_features"": 0.5, ""model__estimator__min_samples_leaf"": 5, ""model__estimator__n_estimators"": 500}",,,,,,,,
1.465437078475952,0.1551881923327857,0.0522807598114013,0.0315037692385019,"MultiOutputWrapper(estimator=ExtraSurvivalTrees(n_jobs=1, random_state=42))",,,,,5.0,0.5,10.0,200.0,,,,,,,,,,,,,,,0.7362145501608538,0.8271777007811643,0.7109830510785677,0.763319563073373,0.8008739544876207,0.7677137639163159,0.0421080545110585,775.0,longitudinal,ExtraSurvivalTrees,"{""model__estimator__max_depth"": 5, ""model__estimator__max_features"": 0.5, ""model__estimator__min_samples_leaf"": 10, ""model__estimator__n_estimators"": 200}",,,,,,,,
1.2545804977416992,0.2152741897162273,0.0394265174865722,0.0014152448244596,"MultiOutputWrapper(estimator=ExtraSurvivalTrees(n_jobs=1, random_state=42))",,,,,5.0,0.5,10.0,500.0,,,,,,,,,,,,,,,0.7429504498010093,0.8310729883976125,0.7105047292445026,0.7699196114553676,0.7942779967878522,0.7697451551372687,0.0414496759477835,768.0,longitudinal,ExtraSurvivalTrees,"{""model__estimator__max_depth"": 5, ""model__estimator__max_features"": 0.5, ""model__estimator__min_samples_leaf"": 10, ""model__estimator__n_estimators"": 500}",,,,,,,,
0.4828479290008545,0.0110197117884701,0.0264482021331787,0.0031762217508784,"MultiOutputWrapper(estimator=ExtraSurvivalTrees(n_jobs=1, random_state=42))",,,,,5.0,0.5,20.0,200.0,,,,,,,,,,,,,,,0.7147278451353272,0.829654245162313,0.6797323693037716,0.7501626379352053,0.7805154037085706,0.7509585002490375,0.0518711602064092,796.0,longitudinal,ExtraSurvivalTrees,"{""model__estimator__max_depth"": 5, ""model__estimator__max_features"": 0.5, ""model__estimator__min_samples_leaf"": 20, ""model__estimator__n_estimators"": 200}",,,,,,,,
1.0041206359863282,0.0190345583056222,0.0404780387878418,0.0048254962071036,"MultiOutputWrapper(estimator=ExtraSurvivalTrees(n_jobs=1, random_state=42))",,,,,5.0,0.5,20.0,500.0,,,,,,,,,,,,,,,0.7321038170904106,0.8274421327207626,0.6961540515603551,0.7555250376821303,0.7792425380138914,0.75809351541351,0.0442155415178369,787.0,longitudinal,ExtraSurvivalTrees,"{""model__estimator__max_depth"": 5, ""model__estimator__max_features"": 0.5, ""model__estimator__min_samples_leaf"": 20, ""model__estimator__n_estimators"": 500}",,,,,,,,
0.3769637107849121,0.0195067962083341,0.0289770126342773,0.0027991688344987,"MultiOutputWrapper(estimator=ExtraSurvivalTrees(n_jobs=1, random_state=42))",,,,,10.0,sqrt,5.0,200.0,,,,,,,,,,,,,,,0.751732434766901,0.8361564273947695,0.6871813839119328,0.7616431269655185,0.7696150637215027,0.7612656873521249,0.0474506994924761,782.0,longitudinal,ExtraSurvivalTrees,"{""model__estimator__max_depth"": 10, ""model__estimator__max_features"": ""sqrt"", ""model__estimator__min_samples_leaf"": 5, ""model__estimator__n_estimators"": 200}",,,,,,,,
0.8157790184020997,0.0186608291411049,0.0525091648101806,0.0038774868729305,"MultiOutputWrapper(estimator=ExtraSurvivalTrees(n_jobs=1, random_state=42))",,,,,10.0,sqrt,5.0,500.0,,,,,,,,,,,,,,,0.7448448508820869,0.8347320502609233,0.6946084112829183,0.7533232847652542,0.776295183864172,0.760760756211071,0.0456022708850359,783.0,longitudinal,ExtraSurvivalTrees,"{""model__estimator__max_depth"": 10, ""model__estimator__max_features"": ""sqrt"", ""model__estimator__min_samples_leaf"": 5, ""model__estimator__n_estimators"": 500}",,,,,,,,
0.3659932136535644,0.0066175246884315,0.0309286594390869,0.0042246134884495,"MultiOutputWrapper(estimator=ExtraSurvivalTrees(n_jobs=1, random_state=42))",,,,,10.0,sqrt,10.0,200.0,,,,,,,,,,,,,,,0.722175802739045,0.8295635156859195,0.6895256665484923,0.7431193360501682,0.7688423753206933,0.7506453392688637,0.0472482387358109,798.0,longitudinal,ExtraSurvivalTrees,"{""model__estimator__max_depth"": 10, ""model__estimator__max_features"": ""sqrt"", ""model__estimator__min_samples_leaf"": 10, ""model__estimator__n_estimators"": 200}",,,,,,,,
0.7054451942443848,0.0058846821933473,0.0446634292602539,0.0024544967499339,"MultiOutputWrapper(estimator=ExtraSurvivalTrees(n_jobs=1, random_state=42))",,,,,10.0,sqrt,10.0,500.0,,,,,,,,,,,,,,,0.7236476139254976,0.8318568454605256,0.6973626678302289,0.7415755782578759,0.7676815176355255,0.7524248446219307,0.0458691350014383,793.0,longitudinal,ExtraSurvivalTrees,"{""model__estimator__max_depth"": 10, ""model__estimator__max_features"": ""sqrt"", ""model__estimator__min_samples_leaf"": 10, ""model__estimator__n_estimators"": 500}",,,,,,,,
0.3223429203033447,0.0052365736376084,0.0298573493957519,0.0033151408407339,"MultiOutputWrapper(estimator=ExtraSurvivalTrees(n_jobs=1, random_state=42))",,,,,10.0,sqrt,20.0,200.0,,,,,,,,,,,,,,,0.7019069434571751,0.8180929885680972,0.6677102366213059,0.7178698896518356,0.750271468201823,0.7311703053000475,0.0509525917107079,812.0,longitudinal,ExtraSurvivalTrees,"{""model__estimator__max_depth"": 10, ""model__estimator__max_features"": ""sqrt"", ""model__estimator__min_samples_leaf"": 20, ""model__estimator__n_estimators"": 200}",,,,,,,,
0.642549991607666,0.0206613096853634,0.0430568218231201,0.004214822520274,"MultiOutputWrapper(estimator=ExtraSurvivalTrees(n_jobs=1, random_state=42))",,,,,10.0,sqrt,20.0,500.0,,,,,,,,,,,,,,,0.6937431625725972,0.8189657460661923,0.6733146527039189,0.7088490667857608,0.7476095571824876,0.7284964370621914,0.0513592169019065,816.0,longitudinal,ExtraSurvivalTrees,"{""model__estimator__max_depth"": 10, ""model__estimator__max_features"": ""sqrt"", ""model__estimator__min_samples_leaf"": 20, ""model__estimator__n_estimators"": 500}",,,,,,,,
0.7200469493865966,0.0071610247376203,0.0270201683044433,0.0015303954945313,"MultiOutputWrapper(estimator=ExtraSurvivalTrees(n_jobs=1, random_state=42))",,,,,10.0,0.5,5.0,200.0,,,,,,,,,,,,,,,0.7571969445119848,0.8288079015031953,0.7413513458234475,0.7852265579932637,0.8061318649229292,0.7837429229509641,0.0317365813222431,711.0,longitudinal,ExtraSurvivalTrees,"{""model__estimator__max_depth"": 10, ""model__estimator__max_features"": 0.5, ""model__estimator__min_samples_leaf"": 5, ""model__estimator__n_estimators"": 200}",,,,,,,,
1.6340793132781983,0.0337721881603556,0.0444921016693115,0.0056559089377612,"MultiOutputWrapper(estimator=ExtraSurvivalTrees(n_jobs=1, random_state=42))",,,,,10.0,0.5,5.0,500.0,,,,,,,,,,,,,,,0.7621042654310571,0.8314507587952467,0.7317765005863263,0.7830556951190011,0.8062512775587676,0.7829276994980797,0.0344921832200913,712.0,longitudinal,ExtraSurvivalTrees,"{""model__estimator__max_depth"": 10, ""model__estimator__max_features"": 0.5, ""model__estimator__min_samples_leaf"": 5, ""model__estimator__n_estimators"": 500}",,,,,,,,
0.611138105392456,0.0300308288263502,0.0265608787536621,0.0052659999543163,"MultiOutputWrapper(estimator=ExtraSurvivalTrees(n_jobs=1, random_state=42))",,,,,10.0,0.5,10.0,200.0,,,,,,,,,,,,,,,0.7455049869060346,0.8311164140134137,0.7018247702418936,0.7746699789724408,0.79727520180214,0.7700782703871845,0.0441560831292497,767.0,longitudinal,ExtraSurvivalTrees,"{""model__estimator__max_depth"": 10, ""model__estimator__max_features"": 0.5, ""model__estimator__min_samples_leaf"": 10, ""model__estimator__n_estimators"": 200}",,,,,,,,
1.359076452255249,0.0331390903009566,0.0445836067199707,0.0031168772519278,"MultiOutputWrapper(estimator=ExtraSurvivalTrees(n_jobs=1, random_state=42))",,,,,10.0,0.5,10.0,500.0,,,,,,,,,,,,,,,0.7452326041503693,0.8294370436958509,0.705294719881462,0.7768508904147825,0.7974349748659867,0.7708500466016902,0.0427292850044105,765.0,longitudinal,ExtraSurvivalTrees,"{""model__estimator__max_depth"": 10, ""model__estimator__max_features"": 0.5, ""model__estimator__min_samples_leaf"": 10, ""model__estimator__n_estimators"": 500}",,,,,,,,
0.5174054145812989,0.0118484262600836,0.0283396244049072,0.0035919280404532,"MultiOutputWrapper(estimator=ExtraSurvivalTrees(n_jobs=1, random_state=42))",,,,,10.0,0.5,20.0,200.0,,,,,,,,,,,,,,,0.7237555133342275,0.827906827737455,0.6994152076686028,0.7604968458661308,0.7829792670462842,0.7589107323305401,0.0449841709457643,785.0,longitudinal,ExtraSurvivalTrees,"{""model__estimator__max_depth"": 10, ""model__estimator__max_features"": 0.5, ""model__estimator__min_samples_leaf"": 20, ""model__estimator__n_estimators"": 200}",,,,,,,,
1.1102983474731445,0.012679795882723,0.04190673828125,0.0048199142245326,"MultiOutputWrapper(estimator=ExtraSurvivalTrees(n_jobs=1, random_state=42))",,,,,10.0,0.5,20.0,500.0,,,,,,,,,,,,,,,0.7352175410208437,0.829501212558355,0.7049409355768269,0.7620292524981856,0.7841609828337817,0.7631699848975986,0.0424587242654109,781.0,longitudinal,ExtraSurvivalTrees,"{""model__estimator__max_depth"": 10, ""model__estimator__max_features"": 0.5, ""model__estimator__min_samples_leaf"": 20, ""model__estimator__n_estimators"": 500}",,,,,,,,
0.5429855346679687,0.0316047316723243,0.018725299835205,0.0042716720866081,MultiOutputWrapper(estimator=SurvivalTree()),,,,,3.0,,10.0,,,,,,,,,,,,,,,,0.5078744411787304,0.7720682586325242,0.5686338710263892,0.5477463294813821,0.7226881400830152,0.6238022080804082,0.1039505060266011,852.0,longitudinal,SurvivalTree,"{""model__estimator__max_depth"": 3, ""model__estimator__min_samples_leaf"": 10}",,,,,,,,
0.515431547164917,0.0169757784058513,0.0163799285888671,0.0015499277607517,MultiOutputWrapper(estimator=SurvivalTree()),,,,,3.0,,20.0,,,,,,,,,,,,,,,,0.5501985888617672,0.7756102505679201,0.5175419518757897,0.6163177580528109,0.7170781970256346,0.6353493492767844,0.0978204082301075,850.0,longitudinal,SurvivalTree,"{""model__estimator__max_depth"": 3, ""model__estimator__min_samples_leaf"": 20}",,,,,,,,
0.461279010772705,0.0194389271548514,0.0193837642669677,0.0074119944588056,MultiOutputWrapper(estimator=SurvivalTree()),,,,,3.0,,50.0,,,,,,,,,,,,,,,,0.6260072735363491,0.6708377203507763,0.4957553269337406,0.8046287612348573,0.7420581732473979,0.6678574510606243,0.1054434435635098,845.0,longitudinal,SurvivalTree,"{""model__estimator__max_depth"": 3, ""model__estimator__min_samples_leaf"": 50}",,,,,,,,
0.73973708152771,0.0104175018090278,0.0166162014007568,0.0031509329295542,MultiOutputWrapper(estimator=SurvivalTree()),,,,,5.0,,10.0,,,,,,,,,,,,,,,,0.7126754923422114,0.7139201891093129,0.6963545501649895,0.6729713987978935,0.6827393988694908,0.6957322058567795,0.0161563137846514,834.0,longitudinal,SurvivalTree,"{""model__estimator__max_depth"": 5, ""model__estimator__min_samples_leaf"": 10}",,,,,,,,
0.69327712059021,0.022746645532219,0.0185007095336914,0.0007719788392504,MultiOutputWrapper(estimator=SurvivalTree()),,,,,5.0,,20.0,,,,,,,,,,,,,,,,0.6503252869519663,0.7516832288041925,0.5696884914141827,0.8203189489942128,0.7771884842417036,0.7138408880812517,0.0912103976508792,826.0,longitudinal,SurvivalTree,"{""model__estimator__max_depth"": 5, ""model__estimator__min_samples_leaf"": 20}",,,,,,,,
0.5912583827972412,0.0109086728284534,0.0144176483154296,0.0026721171730787,MultiOutputWrapper(estimator=SurvivalTree()),,,,,5.0,,50.0,,,,,,,,,,,,,,,,0.6492654524510559,0.6922712043033953,0.5511060659776196,0.7962443476804555,0.7533079907390026,0.6884390122303058,0.085134677226836,835.0,longitudinal,SurvivalTree,"{""model__estimator__max_depth"": 5, ""model__estimator__min_samples_leaf"": 50}",,,,,,,,
1.0634006023406983,0.0283085557341319,0.0167376518249511,0.0028912824049069,MultiOutputWrapper(estimator=SurvivalTree()),,,,,10.0,,10.0,,,,,,,,,,,,,,,,0.6388712810282888,0.7876946821021937,0.661207724281182,0.690870224604105,0.7685737751079407,0.7094435374247421,0.0587736873838003,828.0,longitudinal,SurvivalTree,"{""model__estimator__max_depth"": 10, ""model__estimator__min_samples_leaf"": 10}",,,,,,,,
0.8774489879608154,0.0773253809474613,0.0168045043945312,0.002599970643485,MultiOutputWrapper(estimator=SurvivalTree()),,,,,10.0,,20.0,,,,,,,,,,,,,,,,0.6427001324744293,0.7372138785389053,0.6232049721835883,0.8123371294590521,0.75687493481843,0.714466209494881,0.0712371485274802,825.0,longitudinal,SurvivalTree,"{""model__estimator__max_depth"": 10, ""model__estimator__min_samples_leaf"": 20}",,,,,,,,
0.681620979309082,0.0554648316676328,0.0163270473480224,0.0016916579933463,MultiOutputWrapper(estimator=SurvivalTree()),,,,,10.0,,50.0,,,,,,,,,,,,,,,,0.6456467220810745,0.7003818194093901,0.528632723372149,0.7707963490202645,0.7426542456667292,0.6776223719099215,0.0856141163812921,841.0,longitudinal,SurvivalTree,"{""model__estimator__max_depth"": 10, ""model__estimator__min_samples_leaf"": 50}",,,,,,,,
1.7432275295257569,0.026985037603454,0.016526460647583,0.0027030183041562,MultiOutputWrapper(estimator=GradientBoostingSurvivalAnalysis(random_state=42)),,,,,2.0,,,100.0,0.01,0.7,,,,,,,,,,,,,0.8020703905977199,0.8357299277263397,0.7497474308453098,0.8755085691955562,0.855154297811985,0.823642123235382,0.044170183592355,544.0,longitudinal,GradientBoostingSurvivalAnalysis,"{""model__estimator__learning_rate"": 0.01, ""model__estimator__max_depth"": 2, ""model__estimator__n_estimators"": 100, ""model__estimator__subsample"": 0.7}",,,,,,,,
2.45527024269104,0.0602628834828977,0.0196307182312011,0.0019583886946555,MultiOutputWrapper(estimator=GradientBoostingSurvivalAnalysis(random_state=42)),,,,,2.0,,,100.0,0.01,1.0,,,,,,,,,,,,,0.6596969533485744,0.7213461458234718,0.6520968836074068,0.74032341502447,0.7682163193792628,0.7083359434366371,0.0454019962887567,829.0,longitudinal,GradientBoostingSurvivalAnalysis,"{""model__estimator__learning_rate"": 0.01, ""model__estimator__max_depth"": 2, ""model__estimator__n_estimators"": 100, ""model__estimator__subsample"": 1.0}",,,,,,,,
5.011640644073486,0.0270757477978985,0.0187801361083984,0.0031326330091313,MultiOutputWrapper(estimator=GradientBoostingSurvivalAnalysis(random_state=42)),,,,,2.0,,,300.0,0.01,0.7,,,,,,,,,,,,,0.8012422235686911,0.8541360337546168,0.7522317045733453,0.873684847131506,0.8541032580355838,0.8270796134127487,0.0445065281323595,504.0,longitudinal,GradientBoostingSurvivalAnalysis,"{""model__estimator__learning_rate"": 0.01, ""model__estimator__max_depth"": 2, ""model__estimator__n_estimators"": 300, ""model__estimator__subsample"": 0.7}",,,,,,,,
17.346570873260497,0.4119610981749615,0.0191795825958251,0.0042413350160485,MultiOutputWrapper(estimator=GradientBoostingSurvivalAnalysis(random_state=42)),,,,,2.0,,,300.0,0.01,1.0,,,,,,,,,,,,,0.6587195781802839,0.7220724741773534,0.7316136984464625,0.7788454381361767,0.8255894499718415,0.7433681277824236,0.0561712271429772,803.0,longitudinal,GradientBoostingSurvivalAnalysis,"{""model__estimator__learning_rate"": 0.01, ""model__estimator__max_depth"": 2, ""model__estimator__n_estimators"": 300, ""model__estimator__subsample"": 1.0}",,,,,,,,
8.26446237564087,4.937390101037627,2.0151188373565674,3.986953305476558,MultiOutputWrapper(estimator=GradientBoostingSurvivalAnalysis(random_state=42)),,,,,3.0,,,100.0,0.01,0.7,,,,,,,,,,,,,0.7908121142014783,0.8367500288892543,0.7490778143663583,0.882508420327881,0.8574468118390588,0.8233190379248063,0.0477848068433818,548.0,longitudinal,GradientBoostingSurvivalAnalysis,"{""model__estimator__learning_rate"": 0.01, ""model__estimator__max_depth"": 3, ""model__estimator__n_estimators"": 100, ""model__estimator__subsample"": 0.7}",,,,,,,,
3.55407338142395,0.3185215075968056,0.0229167938232421,0.0062251318537056,MultiOutputWrapper(estimator=GradientBoostingSurvivalAnalysis(random_state=42)),,,,,3.0,,,100.0,0.01,1.0,,,,,,,,,,,,,0.6603930701046643,0.721357487008021,0.6526532118410646,0.6809020450696887,0.7709602027407546,0.6972532033528386,0.0438837721542345,833.0,longitudinal,GradientBoostingSurvivalAnalysis,"{""model__estimator__learning_rate"": 0.01, ""model__estimator__max_depth"": 3, ""model__estimator__n_estimators"": 100, ""model__estimator__subsample"": 1.0}",,,,,,,,
9.343251752853394,0.1804411383970804,0.0181008338928222,0.0043610663799618,MultiOutputWrapper(estimator=GradientBoostingSurvivalAnalysis(random_state=42)),,,,,3.0,,,300.0,0.01,0.7,,,,,,,,,,,,,0.8046942251678346,0.858410079676761,0.7447773493959475,0.8779372522748841,0.8569187889785786,0.8285475390988012,0.0484199714693599,488.0,longitudinal,GradientBoostingSurvivalAnalysis,"{""model__estimator__learning_rate"": 0.01, ""model__estimator__max_depth"": 3, ""model__estimator__n_estimators"": 300, ""model__estimator__subsample"": 0.7}",,,,,,,,
11.107685995101928,0.247994472110963,0.0193211555480957,0.0049887406513414,MultiOutputWrapper(estimator=GradientBoostingSurvivalAnalysis(random_state=42)),,,,,3.0,,,300.0,0.01,1.0,,,,,,,,,,,,,0.7249261456452263,0.722097991842589,0.7375020169171052,0.8447276651965983,0.8376155017416514,0.7733738642686341,0.0556444765585201,753.0,longitudinal,GradientBoostingSurvivalAnalysis,"{""model__estimator__learning_rate"": 0.01, ""model__estimator__max_depth"": 3, ""model__estimator__n_estimators"": 300, ""model__estimator__subsample"": 1.0}",,,,,,,,
1.8469975471496585,0.0356977765098328,0.0150453567504882,0.0039787608543843,MultiOutputWrapper(estimator=GradientBoostingSurvivalAnalysis(random_state=42)),,,,,2.0,,,100.0,0.05,0.7,,,,,,,,,,,,,0.7979885001554309,0.8582012923643908,0.7550679161326097,0.8785723589943989,0.859507279477713,0.8298674694249086,0.0461838326359349,479.0,longitudinal,GradientBoostingSurvivalAnalysis,"{""model__estimator__learning_rate"": 0.05, ""model__estimator__max_depth"": 2, ""model__estimator__n_estimators"": 100, ""model__estimator__subsample"": 0.7}",,,,,,,,
2.429047250747681,0.0606103650493173,0.0154454708099365,0.0018017220626342,MultiOutputWrapper(estimator=GradientBoostingSurvivalAnalysis(random_state=42)),,,,,2.0,,,100.0,0.05,1.0,,,,,,,,,,,,,0.7153732008006136,0.785974849893015,0.7423942624105739,0.8172432497813505,0.8304700894812589,0.7782911304733624,0.0436948553421879,730.0,longitudinal,GradientBoostingSurvivalAnalysis,"{""model__estimator__learning_rate"": 0.05, ""model__estimator__max_depth"": 2, ""model__estimator__n_estimators"": 100, ""model__estimator__subsample"": 1.0}",,,,,,,,
6.948815250396729,0.983324918391901,0.1021995067596435,0.0026489537636975,MultiOutputWrapper(estimator=GradientBoostingSurvivalAnalysis(random_state=42)),,,,,2.0,,,300.0,0.05,0.7,,,,,,,,,,,,,0.8107154456329295,0.8643152958821338,0.7426293610861125,0.8694437931483652,0.8571641324072335,0.828853605631355,0.0478961249371224,487.0,longitudinal,GradientBoostingSurvivalAnalysis,"{""model__estimator__learning_rate"": 0.05, ""model__estimator__max_depth"": 2, ""model__estimator__n_estimators"": 300, ""model__estimator__subsample"": 0.7}",,,,,,,,
11.763880634307862,0.1300119184038542,0.0197581768035888,0.0033750942694752,MultiOutputWrapper(estimator=GradientBoostingSurvivalAnalysis(random_state=42)),,,,,2.0,,,300.0,0.05,1.0,,,,,,,,,,,,,0.719810454224885,0.8453557044831663,0.7425102493477688,0.8756366884385641,0.8573213503535448,0.8081268893695859,0.0639827926883754,656.0,longitudinal,GradientBoostingSurvivalAnalysis,"{""model__estimator__learning_rate"": 0.05, ""model__estimator__max_depth"": 2, ""model__estimator__n_estimators"": 300, ""model__estimator__subsample"": 1.0}",,,,,,,,
5.0439903259277346,0.9235764389117174,0.0214780807495117,0.0090912044633374,MultiOutputWrapper(estimator=GradientBoostingSurvivalAnalysis(random_state=42)),,,,,3.0,,,100.0,0.05,0.7,,,,,,,,,,,,,0.8019496195336624,0.8650558190635658,0.7528575738362104,0.877017063957275,0.8560758609181736,0.8305911874617774,0.0465950545051104,474.0,longitudinal,GradientBoostingSurvivalAnalysis,"{""model__estimator__learning_rate"": 0.05, ""model__estimator__max_depth"": 3, ""model__estimator__n_estimators"": 100, ""model__estimator__subsample"": 0.7}",,,,,,,,
3.009891223907471,0.0381602233529888,0.0196003913879394,0.0026192772568364,MultiOutputWrapper(estimator=GradientBoostingSurvivalAnalysis(random_state=42)),,,,,3.0,,,100.0,0.05,1.0,,,,,,,,,,,,,0.7775012803753112,0.8146291062892541,0.7532440265164944,0.8750954613967508,0.8259882047431324,0.8092916158641886,0.0419270048376618,650.0,longitudinal,GradientBoostingSurvivalAnalysis,"{""model__estimator__learning_rate"": 0.05, ""model__estimator__max_depth"": 3, ""model__estimator__n_estimators"": 100, ""model__estimator__subsample"": 1.0}",,,,,,,,
54.00386023521423,0.0982060443828691,0.0160659790039062,0.0029666444840056,MultiOutputWrapper(estimator=GradientBoostingSurvivalAnalysis(random_state=42)),,,,,3.0,,,300.0,0.05,0.7,,,,,,,,,,,,,0.7853719729797557,0.8205513893120429,0.7500411621533175,0.865715495264147,0.8748608764574599,0.8193081792333444,0.0473093489099304,583.0,longitudinal,GradientBoostingSurvivalAnalysis,"{""model__estimator__learning_rate"": 0.05, ""model__estimator__max_depth"": 3, ""model__estimator__n_estimators"": 300, ""model__estimator__subsample"": 0.7}",,,,,,,,
57.591397762298584,0.0681319481913494,0.0163672924041748,0.0033214464456626,MultiOutputWrapper(estimator=GradientBoostingSurvivalAnalysis(random_state=42)),,,,,3.0,,,300.0,0.05,1.0,,,,,,,,,,,,,0.75983536224529,0.835720562357914,0.7550721488178025,0.8737264370382776,0.8480863734017479,0.8144881767722063,0.0481788729784338,625.0,longitudinal,GradientBoostingSurvivalAnalysis,"{""model__estimator__learning_rate"": 0.05, ""model__estimator__max_depth"": 3, ""model__estimator__n_estimators"": 300, ""model__estimator__subsample"": 1.0}",,,,,,,,
1.8768834114074704,0.1881836772613311,0.0443851947784423,0.0531314839305948,MultiOutputWrapper(estimator=GradientBoostingSurvivalAnalysis(random_state=42)),,,,,2.0,,,100.0,0.1,0.7,,,,,,,,,,,,,0.7967321975742352,0.8377701483990329,0.7527684033743307,0.875715216137256,0.8585710114093819,0.8243113953788473,0.0444437261455087,535.0,longitudinal,GradientBoostingSurvivalAnalysis,"{""model__estimator__learning_rate"": 0.1, ""model__estimator__max_depth"": 2, ""model__estimator__n_estimators"": 100, ""model__estimator__subsample"": 0.7}",,,,,,,,
3.470446825027466,0.2250740315499654,0.0167078971862792,0.0028138920192427,MultiOutputWrapper(estimator=GradientBoostingSurvivalAnalysis(random_state=42)),,,,,2.0,,,100.0,0.1,1.0,,,,,,,,,,,,,0.726914140161704,0.8441325416407481,0.751602369621933,0.8802088799568283,0.856662077884154,0.8119040018530737,0.0609378108561119,641.0,longitudinal,GradientBoostingSurvivalAnalysis,"{""model__estimator__learning_rate"": 0.1, ""model__estimator__max_depth"": 2, ""model__estimator__n_estimators"": 100, ""model__estimator__subsample"": 1.0}",,,,,,,,
5.064649343490601,0.0308995882817826,0.0175207614898681,0.0032020201382983,MultiOutputWrapper(estimator=GradientBoostingSurvivalAnalysis(random_state=42)),,,,,2.0,,,300.0,0.1,0.7,,,,,,,,,,,,,0.8033421134926908,0.8603709487513378,0.7387617947039733,0.8680998902100894,0.8671289865048077,0.8275407467325799,0.0505121197069799,497.0,longitudinal,GradientBoostingSurvivalAnalysis,"{""model__estimator__learning_rate"": 0.1, ""model__estimator__max_depth"": 2, ""model__estimator__n_estimators"": 300, ""model__estimator__subsample"": 0.7}",,,,,,,,
6.855418157577515,0.0559225427348652,0.0188770294189453,0.0019830581659251,MultiOutputWrapper(estimator=GradientBoostingSurvivalAnalysis(random_state=42)),,,,,2.0,,,300.0,0.1,1.0,,,,,,,,,,,,,0.7494443031623642,0.8410080142489085,0.7329235582735644,0.8764941662479763,0.8529293118912041,0.8105598707648035,0.0580208581881725,646.0,longitudinal,GradientBoostingSurvivalAnalysis,"{""model__estimator__learning_rate"": 0.1, ""model__estimator__max_depth"": 2, ""model__estimator__n_estimators"": 300, ""model__estimator__subsample"": 1.0}",,,,,,,,
2.19962215423584,0.0646075206192017,0.0181464672088623,0.005049933588228,MultiOutputWrapper(estimator=GradientBoostingSurvivalAnalysis(random_state=42)),,,,,3.0,,,100.0,0.1,0.7,,,,,,,,,,,,,0.7855761298230803,0.8439219252871666,0.7493601259465307,0.8737855188968905,0.8578177210437394,0.8220922841994815,0.0470072908297958,559.0,longitudinal,GradientBoostingSurvivalAnalysis,"{""model__estimator__learning_rate"": 0.1, ""model__estimator__max_depth"": 3, ""model__estimator__n_estimators"": 100, ""model__estimator__subsample"": 0.7}",,,,,,,,
3.0216815948486326,0.0300318775094714,0.017618989944458,0.0046160395719797,MultiOutputWrapper(estimator=GradientBoostingSurvivalAnalysis(random_state=42)),,,,,3.0,,,100.0,0.1,1.0,,,,,,,,,,,,,0.7728296229269128,0.8120033892020745,0.7659183620133263,0.8734636855914698,0.8448505516968066,0.813813122286118,0.0412270351643649,628.0,longitudinal,GradientBoostingSurvivalAnalysis,"{""model__estimator__learning_rate"": 0.1, ""model__estimator__max_depth"": 3, ""model__estimator__n_estimators"": 100, ""model__estimator__subsample"": 1.0}",,,,,,,,
10.421159410476683,0.0756999798501596,0.0206328392028808,0.0035089756920891,MultiOutputWrapper(estimator=GradientBoostingSurvivalAnalysis(random_state=42)),,,,,3.0,,,300.0,0.1,0.7,,,,,,,,,,,,,0.8487510699249559,0.8669146908646561,0.7821140075177033,0.8561028303466756,0.8694902279790584,0.8446745653266099,0.0321604938435308,342.0,longitudinal,GradientBoostingSurvivalAnalysis,"{""model__estimator__learning_rate"": 0.1, ""model__estimator__max_depth"": 3, ""model__estimator__n_estimators"": 300, ""model__estimator__subsample"": 0.7}",,,,,,,,
11.92637267112732,0.0318655196691179,0.0211513996124267,0.0165063679998543,MultiOutputWrapper(estimator=GradientBoostingSurvivalAnalysis(random_state=42)),,,,,3.0,,,300.0,0.1,1.0,,,,,,,,,,,,,0.7877761578397198,0.830291400700647,0.7707263515049043,0.8527101360278382,0.8384028951046033,0.8159813882355424,0.0313051264574788,614.0,longitudinal,GradientBoostingSurvivalAnalysis,"{""model__estimator__learning_rate"": 0.1, ""model__estimator__max_depth"": 3, ""model__estimator__n_estimators"": 300, ""model__estimator__subsample"": 1.0}",,,,,,,,
,,,,,,,,,,,,,,,,,,,,,,,,,,,,,,,,,,,longitudinal,ExtraTreesClassifier,"{""model__estimator__class_weight"": null, ""model__estimator__max_depth"": null, ""model__estimator__max_features"": 0.5, ""model__estimator__min_samples_leaf"": 5, ""model__estimator__n_estimators"": 1000}",0.8576767281967976,0.02584553565843662,balanced,5.0,42.0,-1.0,457.0,2026-04-27T06:08:15.740623+00:00
,,,,,,,,,,,,,,,,,,,,,,,,,,,,,,,,,,,longitudinal,ExtraSurvivalTrees,"{""model__estimator__max_depth"": 10, ""model__estimator__max_features"": 0.5, ""model__estimator__min_samples_leaf"": 5, ""model__estimator__n_estimators"": 300}",0.8529179517031089,0.027083043986560883,balanced,5.0,42.0,-1.0,457.0,2026-04-27T06:08:15.740623+00:00
,,,,,,,,,,,,,,,,,,,,,,,,,,,,,,,,,,,longitudinal,RandomForestClassifier,"{""model__estimator__class_weight"": null, ""model__estimator__max_depth"": 10, ""model__estimator__max_features"": ""sqrt"", ""model__estimator__min_samples_leaf"": 3, ""model__estimator__n_estimators"": 700}",0.8528167924439363,0.02957379801507271,balanced,5.0,42.0,-1.0,457.0,2026-04-27T06:08:15.740623+00:00
,,,,,,,,,,,,,,,,,,,,,,,,,,,,,,,,,,,longitudinal,RandomSurvivalForest,"{""model__estimator__max_depth"": 10, ""model__estimator__max_features"": ""sqrt"", ""model__estimator__min_samples_leaf"": 10, ""model__estimator__n_estimators"": 300}",0.8475055661882909,0.033506999252696235,balanced,5.0,42.0,-1.0,457.0,2026-04-27T06:08:15.740623+00:00
,,,,,,,,,,,,,,,,,,,,,,,,,,,,,,,,,,,longitudinal,HistGradientBoostingClassifier,"{""model__estimator__l2_regularization"": 0.0, ""model__estimator__learning_rate"": 0.01, ""model__estimator__max_depth"": 4, ""model__estimator__max_iter"": 200, ""model__estimator__min_samples_leaf"": 50}",0.8370871177205427,0.045595263075610744,balanced,5.0,42.0,-1.0,457.0,2026-04-27T06:08:15.740623+00:00
,,,,,,,,,,,,,,,,,,,,,,,,,,,,,,,,,,,longitudinal,GradientBoostingClassifier,"{""model__estimator__learning_rate"": 0.01, ""model__estimator__max_depth"": 3, ""model__estimator__n_estimators"": 500, ""model__estimator__subsample"": 0.7}",0.8369796518408912,0.0328711284287416,balanced,5.0,42.0,-1.0,457.0,2026-04-27T06:08:15.740623+00:00
,,,,,,,,,,,,,,,,,,,,,,,,,,,,,,,,,,,longitudinal,GradientBoostingSurvivalAnalysis,"{""model__estimator__learning_rate"": 0.1, ""model__estimator__max_depth"": 3, ""model__estimator__n_estimators"": 300, ""model__estimator__subsample"": 0.7}",0.8329681989001922,0.034491426859542124,balanced,5.0,42.0,-1.0,457.0,2026-04-27T06:08:15.740623+00:00
,,,,,,,,,,,,,,,,,,,,,,,,,,,,,,,,,,,longitudinal,GaussianNB,"{""model__estimator__var_smoothing"": 1e-07}",0.807420101475472,0.053408477006439366,balanced,5.0,42.0,-1.0,457.0,2026-04-27T06:08:15.740623+00:00
,,,,,,,,,,,,,,,,,,,,,,,,,,,,,,,,,,,longitudinal,LogisticRegression,"{""model__estimator__C"": 0.01, ""model__estimator__class_weight"": ""balanced"", ""model__estimator__penalty"": ""l2""}",0.7914577686044121,0.04450941614123811,balanced,5.0,42.0,-1.0,457.0,2026-04-27T06:08:15.740623+00:00
